conv0/Conv2D,CPU,9293.888888888889,9771.4,1.0513790423814933
cell_stem_0/Relu,CPU,1853.875,3586.0,1.9343267480277797
cell_stem_0/1x1/Conv2D,CPU,12634.2,14962.4,1.1842775957322187
cell_stem_0/comb_iter_1/left/MaxPool2D/MaxPool,CPU,1236.4,1480.2,1.1971853769006793
cell_stem_0/comb_iter_1/right/Relu,CPU,1853.1666666666667,2980.8,1.608489972119795
cell_stem_0/comb_iter_1/right/separable_7x7_1/separable_conv2d/depthwise,CPU,4570.7,4744.6,1.0380466886910102
cell_stem_0/comb_iter_1/right/separable_7x7_1/separable_conv2d,CPU,3053.9,3107.6,1.0175840728249124
cell_stem_0/comb_iter_1/right/separable_7x7_2/separable_conv2d/depthwise,CPU,1736.7,1751.6,1.0085794898370473
cell_stem_0/comb_iter_1/right/separable_7x7_2/separable_conv2d,CPU,1336.3,1440.2,1.077752001796004
cell_stem_0/comb_iter_1/left/MaxPool2D/MaxPool___tr4cell_stem_0/comb_iter_1/combine/add,CPU,700.7,714.0,1.018981018981019
cell_stem_0/comb_iter_1/right/bn_sep_7x7_2/FusedBatchNormV3___tr4cell_stem_0/comb_iter_1/combine/add,CPU,563.0,617.8,1.097335701598579
cell_stem_0/comb_iter_1/combine/add,CPU,274.0,332.8,1.2145985401459853
cell_stem_0/comb_iter_2/left/AvgPool2D/AvgPool,OpenCL,874.4,1429.0,1.6342634949679782
cell_stem_0/comb_iter_2/right/Relu,OpenCL,1634.5555555555557,2232.0,1.365508802936578
cell_stem_0/comb_iter_2/right/separable_5x5_1/separable_conv2d/depthwise,OpenCL,9283.8,11591.2,1.2485404683427046
cell_stem_0/comb_iter_2/right/separable_5x5_1/separable_conv2d,OpenCL,1493.5555555555557,1841.2,1.2327629816991519
cell_stem_0/comb_iter_2/right/separable_5x5_2/separable_conv2d/depthwise,OpenCL,1982.7777777777778,2243.6,1.131543849817876
cell_stem_0/comb_iter_2/right/separable_5x5_2/separable_conv2d,OpenCL,934.4444444444445,1037.0,1.1097502972651605
cell_stem_0/comb_iter_2/left/AvgPool2D/AvgPool___tr4cell_stem_0/comb_iter_2/combine/add,OpenCL,420.3,836.0,1.9890554365929098
cell_stem_0/comb_iter_2/right/bn_sep_5x5_2/FusedBatchNormV3___tr4cell_stem_0/comb_iter_2/combine/add,OpenCL,348.6,942.0,2.70223752151463
cell_stem_0/comb_iter_2/combine/add,OpenCL,485.3,733.6,1.511642283123841
cell_stem_0/comb_iter_0/left/Relu,CPU,840.5,1470.4,1.7494348602022607
cell_stem_0/comb_iter_0/left/separable_5x5_1/separable_conv2d/depthwise,CPU,1423.7,1780.6,1.250684835288333
cell_stem_0/comb_iter_0/left/separable_5x5_1/separable_conv2d,CPU,1369.7,1588.6,1.1598160181061545
cell_stem_0/comb_iter_0/left/separable_5x5_2/separable_conv2d/depthwise,CPU,982.7,1004.6,1.0222855398392185
cell_stem_0/comb_iter_0/left/separable_5x5_2/separable_conv2d,CPU,1318.3,1414.2,1.0727452021542896
cell_stem_0/comb_iter_0/right/Relu,CPU,1909.3333333333333,3172.6,1.661627094972067
cell_stem_0/comb_iter_0/right/separable_7x7_1/separable_conv2d/depthwise,CPU,4586.6,4934.6,1.0758731958313348
cell_stem_0/comb_iter_0/right/separable_7x7_1/separable_conv2d,CPU,3053.1,3111.8,1.0192263600930203
cell_stem_0/comb_iter_0/right/separable_7x7_2/separable_conv2d/depthwise,CPU,1723.4,1744.0,1.0119531159336195
cell_stem_0/comb_iter_0/right/separable_7x7_2/separable_conv2d,CPU,1302.1,1505.2,1.1559788034713157
cell_stem_0/comb_iter_0/combine/add,CPU,284.8,373.0,1.309691011235955
cell_stem_0/comb_iter_3/right/AvgPool2D/AvgPool,CPU,813.7,827.4,1.0168366719921347
cell_stem_0/comb_iter_3/right/AvgPool2D/AvgPool___tr4cell_stem_0/comb_iter_3/combine/add,CPU,643.3,659.0,1.0244054096067154
cell_stem_0/comb_iter_3/combine/add,CPU,274.5,355.8,1.2961748633879782
cell_stem_0/comb_iter_4/left/Relu,OpenCL,334.44444444444446,1001.0,2.9930232558139536
cell_stem_0/comb_iter_4/left/separable_3x3_1/separable_conv2d/depthwise,OpenCL,1020.2222222222222,1427.0,1.3987148769331301
cell_stem_0/comb_iter_4/left/separable_3x3_1/separable_conv2d,OpenCL,985.7777777777778,1099.2,1.115058611361587
cell_stem_0/comb_iter_4/left/separable_3x3_2/separable_conv2d/depthwise,OpenCL,1098.75,1330.2,1.2106484641638227
cell_stem_0/comb_iter_4/left/separable_3x3_2/separable_conv2d,OpenCL,927.0,1089.4,1.1751887810140238
cell_stem_0/comb_iter_4/right/MaxPool2D/MaxPool,OpenCL,940.0,1209.0,1.2861702127659576
cell_stem_0/comb_iter_4/left/bn_sep_3x3_2/FusedBatchNormV3___tr4cell_stem_0/comb_iter_4/combine/add,OpenCL,373.5,735.4,1.9689424364123158
cell_stem_0/comb_iter_4/right/MaxPool2D/MaxPool___tr4cell_stem_0/comb_iter_4/combine/add,OpenCL,390.875,998.8,2.555292612727854
cell_stem_0/comb_iter_4/combine/add,OpenCL,507.3333333333333,864.8,1.7045992115637318
cell_stem_0/cell_output/concat,CPU,3589.9,3652.4,1.0174099557090728
cell_stem_1/Relu_1,OpenCL,1169.6,1818.4,1.5547195622435022
cell_stem_1/Relu_1___tr4cell_stem_1/1x1/Conv2D,OpenCL,1089.1,1460.6,1.341107336332752
cell_stem_1/1x1/Conv2D,OpenCL,3314.777777777778,3802.4,1.1471055542520028
cell_stem_1/comb_iter_1/left/MaxPool2D/MaxPool,CPU,781.6,958.0,1.2256908904810644
cell_stem_1/Relu,CPU,2020.375,2789.0,1.3804368000989915
cell_stem_1/AvgPool2D,CPU,1319.4,1406.8,1.0662422313172653
cell_stem_1/path1_conv/Conv2D,CPU,3033.1,3341.6,1.1017111206356534
cell_stem_1/Pad/paddings,CPU,0.0,0.4,0
cell_stem_1/Pad_Gather_Index,CPU,0.0,0.4,0
cell_stem_1/Pad_Gather,CPU,0.0,0.0,0
cell_stem_1/Pad,CPU,3168.777777777778,6226.6,1.9649847470107649
cell_stem_1/strided_slice/stack,CPU,0.0,0.8,0
cell_stem_1/strided_slice/stack_1,CPU,0.7777777777777778,0.4,0.5142857142857143
cell_stem_1/strided_slice/stack_2,CPU,0.0,0.2,0
cell_stem_1/Pad___tr4cell_stem_1/strided_slice,CPU,3562.75,4483.4,1.2584099361448318
cell_stem_1/strided_slice,CPU,3348.0,4110.4,1.2277180406212662
cell_stem_1/strided_slice___tr4cell_stem_1/AvgPool2D_1,CPU,4750.0,5011.0,1.0549473684210526
cell_stem_1/AvgPool2D_1,CPU,1353.9,1438.0,1.0621168476253784
cell_stem_1/path2_conv/Conv2D,CPU,3041.8,3145.2,1.0339930304425011
cell_stem_1/concat,CPU,1301.888888888889,1674.6,1.2862848852095246
cell_stem_1/final_path_bn/FusedBatchNormV3,CPU,391.25,366.0,0.9354632587859425
cell_stem_1/comb_iter_1/right/Relu,CPU,387.1111111111111,472.6,1.220838117106774
cell_stem_1/comb_iter_1/right/separable_7x7_1/separable_conv2d/depthwise,CPU,1279.4,1416.6,1.107237767703611
cell_stem_1/comb_iter_1/right/separable_7x7_1/separable_conv2d,CPU,1002.4,1050.8,1.0482841181165203
cell_stem_1/comb_iter_1/right/separable_7x7_2/separable_conv2d/depthwise,CPU,903.7,891.6,0.9866106008631182
cell_stem_1/comb_iter_1/right/separable_7x7_2/separable_conv2d,CPU,903.2,927.6,1.0270150575730734
cell_stem_1/comb_iter_1/left/MaxPool2D/MaxPool___tr4cell_stem_1/comb_iter_1/combine/add,CPU,205.5,272.2,1.324574209245742
cell_stem_1/comb_iter_1/right/bn_sep_7x7_2/FusedBatchNormV3___tr4cell_stem_1/comb_iter_1/combine/add,CPU,83.77777777777777,122.0,1.4562334217506632
cell_stem_1/comb_iter_1/combine/add,CPU,113.2,157.8,1.393992932862191
cell_stem_1/comb_iter_2/left/AvgPool2D/AvgPool,CPU,776.8,826.6,1.064109165808445
cell_stem_1/comb_iter_2/right/Relu,CPU,400.1111111111111,579.4,1.4480977506248265
cell_stem_1/comb_iter_2/right/separable_5x5_1/separable_conv2d/depthwise,CPU,756.8,817.6,1.080338266384778
cell_stem_1/comb_iter_2/right/separable_5x5_1/separable_conv2d,CPU,985.6,1035.6,1.0507305194805194
cell_stem_1/comb_iter_2/right/separable_5x5_2/separable_conv2d/depthwise,CPU,493.0,501.0,1.0162271805273835
cell_stem_1/comb_iter_2/right/separable_5x5_2/separable_conv2d,CPU,884.5,957.6,1.0826455624646694
cell_stem_1/comb_iter_2/left/AvgPool2D/AvgPool___tr4cell_stem_1/comb_iter_2/combine/add,CPU,231.9,227.2,0.9797326433807675
cell_stem_1/comb_iter_2/right/bn_sep_5x5_2/FusedBatchNormV3___tr4cell_stem_1/comb_iter_2/combine/add,CPU,82.2,103.4,1.2579075425790756
cell_stem_1/comb_iter_2/combine/add,CPU,110.7,127.4,1.1508581752484193
cell_stem_1/comb_iter_0/left/Relu,OpenCL,552.7777777777778,1058.2,1.9143316582914571
cell_stem_1/comb_iter_0/left/separable_5x5_1/separable_conv2d/depthwise,OpenCL,2430.8888888888887,3612.0,1.48587622268946
cell_stem_1/comb_iter_0/left/separable_5x5_1/separable_conv2d,OpenCL,825.1,1228.0,1.4883044479457035
cell_stem_1/comb_iter_0/left/separable_5x5_2/separable_conv2d/depthwise,OpenCL,867.8888888888889,1022.0,1.1775700934579438
cell_stem_1/comb_iter_0/left/separable_5x5_2/separable_conv2d,OpenCL,752.5,942.6,1.252624584717608
cell_stem_1/comb_iter_0/right/Relu,OpenCL,603.7777777777778,1647.6,2.728818549871181
cell_stem_1/comb_iter_0/right/separable_7x7_1/separable_conv2d/depthwise,OpenCL,3971.3,5147.4,1.2961498753556768
cell_stem_1/comb_iter_0/right/separable_7x7_1/separable_conv2d,OpenCL,818.4,1228.6,1.5012218963831867
cell_stem_1/comb_iter_0/right/separable_7x7_2/separable_conv2d/depthwise,OpenCL,1199.3333333333333,1763.0,1.4699833240689273
cell_stem_1/comb_iter_0/right/separable_7x7_2/separable_conv2d,OpenCL,894.4444444444445,1124.6,1.2573167701863353
cell_stem_1/comb_iter_0/combine/add,OpenCL,413.3333333333333,783.8,1.8962903225806451
cell_stem_1/comb_iter_3/right/AvgPool2D/AvgPool,CPU,360.6666666666667,409.6,1.1356746765249537
cell_stem_1/comb_iter_3/right/AvgPool2D/AvgPool___tr4cell_stem_1/comb_iter_3/combine/add,CPU,142.33333333333334,148.2,1.0412177985948476
cell_stem_1/comb_iter_3/combine/add,CPU,137.9,129.4,0.9383611312545322
cell_stem_1/comb_iter_4/left/Relu,OpenCL,369.125,1166.2,3.159363359295632
cell_stem_1/comb_iter_4/left/separable_3x3_1/separable_conv2d/depthwise,OpenCL,582.3333333333334,927.0,1.5918717801946192
cell_stem_1/comb_iter_4/left/separable_3x3_1/separable_conv2d,OpenCL,733.6,1048.4,1.4291166848418757
cell_stem_1/comb_iter_4/left/separable_3x3_2/separable_conv2d/depthwise,OpenCL,581.1111111111111,1271.2,2.1875334608030594
cell_stem_1/comb_iter_4/left/separable_3x3_2/separable_conv2d,OpenCL,746.0,1032.0,1.383378016085791
cell_stem_1/comb_iter_4/right/MaxPool2D/MaxPool,OpenCL,588.9,856.2,1.4538970962812023
cell_stem_1/comb_iter_4/left/bn_sep_3x3_2/FusedBatchNormV3___tr4cell_stem_1/comb_iter_4/combine/add,OpenCL,352.0,1002.2,2.847159090909091
cell_stem_1/comb_iter_4/right/MaxPool2D/MaxPool___tr4cell_stem_1/comb_iter_4/combine/add,OpenCL,353.9,972.4,2.7476688330036736
cell_stem_1/comb_iter_4/combine/add,OpenCL,351.8,1495.2,4.250142126208073
cell_stem_1/cell_output/concat,CPU,1284.7,1216.2,0.9466801587919359
cell_1/Relu,CPU,436.0,472.8,1.0844036697247708
cell_1/Relu___tr4cell_1/prev_1x1/Conv2D,CPU,919.375,933.4,1.0152549286199863
cell_1/prev_1x1/Conv2D,CPU,7503.3,7607.0,1.0138205856089988
cell_0/Relu,CPU,835.2,1059.6,1.26867816091954
cell_0/Relu___tr4cell_0/AvgPool2D,CPU,1718.5,2530.0,1.4722141402385802
cell_0/AvgPool2D,CPU,791.6,939.0,1.1862051541182415
cell_0/path1_conv/Conv2D,CPU,2091.6,2215.8,1.0593803786574871
cell_0/Pad/paddings,CPU,0.0,0.0,0
cell_0/Pad,CPU,1547.5,2214.6,1.4310823909531503
cell_0/strided_slice/stack,CPU,0.0,0.4,0
cell_0/strided_slice/stack_1,CPU,0.0,0.4,0
cell_0/strided_slice/stack_2,CPU,0.0,0.2,0
cell_0/strided_slice,CPU,1393.7,1687.8,1.2110210231757192
cell_0/strided_slice___tr4cell_0/AvgPool2D_1,CPU,2329.6,2768.8,1.1885302197802199
cell_0/AvgPool2D_1,CPU,780.2,848.4,1.0874134837221225
cell_0/path2_conv/Conv2D,CPU,2102.2,2110.0,1.0037103986300067
cell_0/concat,CPU,141.88888888888889,247.8,1.7464369616288176
cell_0/final_path_bn/FusedBatchNormV3,CPU,158.2,154.4,0.9759797724399495
cell_0/Relu_1,OpenCL,647.3,1253.2,1.936042020701375
cell_0/Relu_1___tr4cell_0/1x1/Conv2D,OpenCL,653.2,1099.2,1.6827924066135946
cell_0/1x1/Conv2D,OpenCL,3550.7,3857.0,1.0862646802039035
cell_0/comb_iter_0/left/Relu,OpenCL,407.3333333333333,657.8,1.6148936170212767
cell_0/comb_iter_0/left/separable_5x5_1/separable_conv2d/depthwise,OpenCL,1541.3333333333333,1599.2,1.0375432525951558
cell_0/comb_iter_0/left/separable_5x5_1/separable_conv2d,OpenCL,2013.1111111111113,2135.2,1.0606468705155092
cell_0/comb_iter_0/left/separable_5x5_2/separable_conv2d/depthwise,OpenCL,1328.6,1681.6,1.2656932108986905
cell_0/comb_iter_0/left/separable_5x5_2/separable_conv2d,OpenCL,1871.888888888889,2221.2,1.186608891790823
cell_0/comb_iter_0/right/Relu,OpenCL,598.8,890.4,1.4869739478957917
cell_0/comb_iter_0/right/separable_3x3_1/separable_conv2d/depthwise,OpenCL,938.3333333333334,1031.4,1.099182948490231
cell_0/comb_iter_0/right/separable_3x3_1/separable_conv2d,OpenCL,1997.4,2211.0,1.106939020726945
cell_0/comb_iter_0/right/separable_3x3_2/separable_conv2d/depthwise,OpenCL,931.0,1324.6,1.4227712137486572
cell_0/comb_iter_0/right/separable_3x3_2/separable_conv2d,OpenCL,2004.1111111111109,2369.6,1.1823695736541555
cell_0/comb_iter_0/combine/add,OpenCL,679.4285714285714,636.6,0.9369638351555929
cell_0/comb_iter_1/left/Relu,CPU,212.66666666666666,164.8,0.774921630094044
cell_0/comb_iter_1/left/separable_5x5_1/separable_conv2d/depthwise,CPU,1104.8,1068.0,0.9666908037653874
cell_0/comb_iter_1/left/separable_5x5_1/separable_conv2d,CPU,3711.9,3756.8,1.012096231040707
cell_0/comb_iter_1/left/separable_5x5_2/separable_conv2d/depthwise,CPU,1004.1,1035.6,1.0313713773528532
cell_0/comb_iter_1/left/separable_5x5_2/separable_conv2d,CPU,3735.1,3722.8,0.9967069154774973
cell_0/comb_iter_1/right/Relu,CPU,203.5,225.6,1.1085995085995086
cell_0/comb_iter_1/right/separable_3x3_1/separable_conv2d/depthwise,CPU,524.0,568.4,1.084732824427481
cell_0/comb_iter_1/right/separable_3x3_1/separable_conv2d,CPU,3679.2,3782.4,1.0280495759947816
cell_0/comb_iter_1/right/separable_3x3_2/separable_conv2d/depthwise,CPU,470.9,491.6,1.0439583775748567
cell_0/comb_iter_1/right/separable_3x3_2/separable_conv2d,CPU,3686.5,3748.8,1.016899498168995
cell_0/comb_iter_1/combine/add,CPU,271.1111111111111,324.0,1.1950819672131148
cell_0/comb_iter_2/left/AvgPool2D/AvgPool,OpenCL,1166.2,1281.2,1.0986108729205968
cell_0/comb_iter_2/left/AvgPool2D/AvgPool___tr4cell_0/comb_iter_2/combine/add,OpenCL,390.6,591.0,1.5130568356374807
cell_0/final_path_bn/FusedBatchNormV3___tr4cell_0/comb_iter_2/combine/add,CPU,603.7,426.0,0.7056485009110485
cell_0/comb_iter_2/combine/add,OpenCL,546.8888888888889,689.8,1.2613165379926858
cell_0/comb_iter_3/left/AvgPool2D/AvgPool,CPU,769.2,767.4,0.9976599063962558
cell_0/comb_iter_3/right/AvgPool2D/AvgPool,CPU,777.0,739.2,0.9513513513513514
cell_0/comb_iter_3/left/AvgPool2D/AvgPool___tr4cell_0/comb_iter_3/combine/add,CPU,672.8,636.2,0.945600475624257
cell_0/comb_iter_3/right/AvgPool2D/AvgPool___tr4cell_0/comb_iter_3/combine/add,CPU,358.14285714285717,361.0,1.0079776625448742
cell_0/comb_iter_3/combine/add,CPU,297.9,333.8,1.1205102383350118
cell_0/comb_iter_4/left/Relu,OpenCL,375.1111111111111,778.2,2.0745853080568724
cell_0/comb_iter_4/left/separable_3x3_1/separable_conv2d/depthwise,OpenCL,789.7777777777778,1403.2,1.776702307259426
cell_0/comb_iter_4/left/separable_3x3_1/separable_conv2d,OpenCL,2002.5,2222.6,1.109912609238452
cell_0/comb_iter_4/left/separable_3x3_2/separable_conv2d/depthwise,OpenCL,903.6666666666666,1261.8,1.3963113242345997
cell_0/comb_iter_4/left/separable_3x3_2/separable_conv2d,OpenCL,1995.5,2330.8,1.1680280631420696
cell_0/comb_iter_4/combine/add,OpenCL,635.875,744.0,1.1700412816984471
cell_0/comb_iter_2/combine/add___tr4cell_0/cell_output/concat,OpenCL,398.77777777777777,618.0,1.549735302312622
cell_0/comb_iter_3/combine/add___tr4cell_0/cell_output/concat,CPU,360.9,392.0,1.086173455250762
cell_0/cell_output/concat,CPU,1231.3333333333333,1881.4,1.5279371954520846
cell_1/Relu_1,OpenCL,1675.9,2199.6,1.3124888119816216
cell_1/1x1/Conv2D,OpenCL,9347.0,10374.6,1.1099390178666952
cell_1/comb_iter_0/left/Relu,OpenCL,1027.875,1421.8,1.383242125744862
cell_1/comb_iter_0/left/separable_5x5_1/separable_conv2d/depthwise,OpenCL,1395.4,2065.0,1.4798624050451483
cell_1/comb_iter_0/left/separable_5x5_1/separable_conv2d,OpenCL,1969.8,2363.8,1.200020306630115
cell_1/comb_iter_0/left/separable_5x5_2/separable_conv2d/depthwise,OpenCL,1400.1,1642.8,1.1733447610884937
cell_1/comb_iter_0/left/separable_5x5_2/separable_conv2d,OpenCL,1977.8,2233.8,1.1294367479017091
cell_1/comb_iter_0/right/Relu,OpenCL,482.75,1564.6,3.2410150181253234
cell_1/comb_iter_0/right/separable_3x3_1/separable_conv2d/depthwise,OpenCL,1014.9999999999999,2872.6,2.8301477832512316
cell_1/comb_iter_0/right/separable_3x3_1/separable_conv2d,OpenCL,2086.2,2613.8,1.2529000095868088
cell_1/comb_iter_0/right/separable_3x3_2/separable_conv2d/depthwise,OpenCL,941.0,1722.0,1.8299681190223167
cell_1/comb_iter_0/right/separable_3x3_2/separable_conv2d,OpenCL,1984.2,2329.8,1.1741759903235562
cell_1/comb_iter_0/combine/add,OpenCL,611.0,693.0,1.1342062193126023
cell_1/comb_iter_1/left/Relu,CPU,159.8,235.6,1.4743429286608258
cell_1/comb_iter_1/left/separable_5x5_1/separable_conv2d/depthwise,CPU,1046.0,1146.0,1.095602294455067
cell_1/comb_iter_1/left/separable_5x5_1/separable_conv2d,CPU,3689.5,3838.8,1.0404661878303294
cell_1/comb_iter_1/left/separable_5x5_2/separable_conv2d/depthwise,CPU,1002.4,1143.6,1.1408619313647246
cell_1/comb_iter_1/left/separable_5x5_2/separable_conv2d,CPU,3702.9,3972.4,1.0727807934321747
cell_1/comb_iter_1/right/Relu,CPU,202.7,262.0,1.292550567340898
cell_1/comb_iter_1/right/separable_3x3_1/separable_conv2d/depthwise,CPU,520.2,546.4,1.0503652441368703
cell_1/comb_iter_1/right/separable_3x3_1/separable_conv2d,CPU,3705.3,3949.8,1.0659865597927294
cell_1/comb_iter_1/right/separable_3x3_2/separable_conv2d/depthwise,CPU,460.9,518.6,1.1251898459535692
cell_1/comb_iter_1/right/separable_3x3_2/separable_conv2d,CPU,3727.3,3842.6,1.0309339199957073
cell_1/comb_iter_1/combine/add,CPU,269.85714285714283,449.4,1.6653255690841715
cell_1/comb_iter_2/left/AvgPool2D/AvgPool,CPU,793.9,791.2,0.9965990678926818
cell_1/comb_iter_2/left/AvgPool2D/AvgPool___tr4cell_1/comb_iter_2/combine/add,CPU,535.9,508.2,0.9483112520992723
cell_1/prev_bn/FusedBatchNormV3___tr4cell_1/comb_iter_2/combine/add,CPU,387.4,408.2,1.0536912751677852
cell_1/comb_iter_2/combine/add,CPU,303.3,349.2,1.1513353115727003
cell_1/comb_iter_3/left/AvgPool2D/AvgPool,CPU,759.8,844.6,1.1116083179784155
cell_1/comb_iter_3/right/AvgPool2D/AvgPool,CPU,746.4,773.0,1.0356377277599143
cell_1/comb_iter_3/left/AvgPool2D/AvgPool___tr4cell_1/comb_iter_3/combine/add,CPU,481.85714285714283,578.8,1.2011858879335902
cell_1/comb_iter_3/right/AvgPool2D/AvgPool___tr4cell_1/comb_iter_3/combine/add,CPU,327.6666666666667,354.4,1.081586978636826
cell_1/comb_iter_3/combine/add,CPU,324.1111111111111,379.8,1.1718203633870417
cell_1/comb_iter_4/left/Relu,OpenCL,378.5,811.4,2.1437252311756936
cell_1/comb_iter_4/left/separable_3x3_1/separable_conv2d/depthwise,OpenCL,788.0,1014.2,1.2870558375634518
cell_1/comb_iter_4/left/separable_3x3_1/separable_conv2d,OpenCL,2029.1111111111109,2028.6,0.9997481108312344
cell_1/comb_iter_4/left/separable_3x3_2/separable_conv2d/depthwise,OpenCL,925.7777777777778,1140.4,1.2318290926548248
cell_1/comb_iter_4/left/separable_3x3_2/separable_conv2d,OpenCL,2054.1111111111113,2100.8,1.0227294855844646
cell_1/comb_iter_4/combine/add,OpenCL,692.1666666666666,645.0,0.9318564892848544
cell_1/comb_iter_2/combine/add___tr4cell_1/cell_output/concat,CPU,301.8,394.8,1.3081510934393639
cell_1/comb_iter_3/combine/add___tr4cell_1/cell_output/concat,CPU,393.9,524.8,1.3323178471693322
cell_1/cell_output/concat,CPU,1245.6666666666667,2594.0,2.0824190527160824
cell_3/Relu,OpenCL,1642.3,4442.8,2.7052304694635576
cell_3/prev_1x1/Conv2D,OpenCL,9522.7,10041.4,1.0544698457370283
cell_2/Relu,OpenCL,1752.0,3384.6,1.931849315068493
cell_2/prev_1x1/Conv2D,OpenCL,9591.1,10898.4,1.136303447988239
cell_2/Relu_1,OpenCL,1608.2222222222222,2212.4,1.3756805306066051
cell_2/1x1/Conv2D,OpenCL,9370.3,10110.6,1.079004941143827
cell_2/comb_iter_0/left/Relu,OpenCL,496.5,1155.6,2.327492447129909
cell_2/comb_iter_0/left/separable_5x5_1/separable_conv2d/depthwise,OpenCL,1395.3,1784.8,1.2791514369669605
cell_2/comb_iter_0/left/separable_5x5_1/separable_conv2d,OpenCL,1940.6,2438.2,1.2564155415850768
cell_2/comb_iter_0/left/separable_5x5_2/separable_conv2d/depthwise,OpenCL,1336.5555555555557,1792.6,1.3412087455316317
cell_2/comb_iter_0/left/separable_5x5_2/separable_conv2d,OpenCL,1908.7,2491.8,1.3054958872531042
cell_2/comb_iter_0/right/Relu,OpenCL,822.0,992.4,1.2072992700729928
cell_2/comb_iter_0/right/separable_3x3_1/separable_conv2d/depthwise,OpenCL,935.5714285714286,2032.6,2.172575965796305
cell_2/comb_iter_0/right/separable_3x3_1/separable_conv2d,OpenCL,2053.9,2567.2,1.2499147962412969
cell_2/comb_iter_0/right/separable_3x3_2/separable_conv2d/depthwise,OpenCL,910.2222222222222,1265.6,1.3904296875
cell_2/comb_iter_0/right/separable_3x3_2/separable_conv2d,OpenCL,1935.5,2142.2,1.1067941100490828
cell_2/comb_iter_0/combine/add,OpenCL,618.5555555555555,852.6,1.378372552541764
cell_2/comb_iter_1/left/Relu,CPU,216.66666666666666,373.0,1.7215384615384617
cell_2/comb_iter_1/left/separable_5x5_1/separable_conv2d/depthwise,CPU,1130.1,1245.4,1.1020263693478456
cell_2/comb_iter_1/left/separable_5x5_1/separable_conv2d,CPU,3685.8,3947.8,1.0710836182104293
cell_2/comb_iter_1/left/separable_5x5_2/separable_conv2d/depthwise,CPU,1014.2,1088.0,1.0727667126799447
cell_2/comb_iter_1/left/separable_5x5_2/separable_conv2d,CPU,3701.6,3821.8,1.03247244434839
cell_2/comb_iter_1/right/Relu,CPU,199.9,260.2,1.3016508254127062
cell_2/comb_iter_1/right/separable_3x3_1/separable_conv2d/depthwise,CPU,532.8,579.6,1.087837837837838
cell_2/comb_iter_1/right/separable_3x3_1/separable_conv2d,CPU,3684.1,3790.6,1.0289080100974457
cell_2/comb_iter_1/right/separable_3x3_2/separable_conv2d/depthwise,CPU,468.2,540.0,1.1533532678342588
cell_2/comb_iter_1/right/separable_3x3_2/separable_conv2d,CPU,3691.6,3754.6,1.01706577093943
cell_2/comb_iter_1/combine/add,CPU,270.22222222222223,308.6,1.1420230263157896
cell_2/comb_iter_2/left/AvgPool2D/AvgPool,OpenCL,1163.4444444444443,1387.8,1.1928373603285265
cell_2/comb_iter_2/left/AvgPool2D/AvgPool___tr4cell_2/comb_iter_2/combine/add,OpenCL,400.6666666666667,694.2,1.7326123128119801
cell_2/prev_bn/FusedBatchNormV3___tr4cell_2/comb_iter_2/combine/add,OpenCL,394.77777777777777,1080.2,2.7362229102167186
cell_2/comb_iter_2/combine/add,OpenCL,540.625,702.0,1.2984971098265896
cell_2/comb_iter_3/left/AvgPool2D/AvgPool,OpenCL,1132.1,1509.8,1.3336277713982865
cell_2/comb_iter_3/right/AvgPool2D/AvgPool,OpenCL,1192.888888888889,1508.2,1.2643256333830104
cell_2/comb_iter_3/left/AvgPool2D/AvgPool___tr4cell_2/comb_iter_3/combine/add,OpenCL,445.1111111111111,773.6,1.7379930104842738
cell_2/comb_iter_3/right/AvgPool2D/AvgPool___tr4cell_2/comb_iter_3/combine/add,OpenCL,373.3333333333333,643.2,1.722857142857143
cell_2/comb_iter_3/combine/add,OpenCL,502.75000000000006,549.4,1.0927896568871207
cell_2/comb_iter_4/left/Relu,CPU,194.1,221.0,1.1385883565172592
cell_2/comb_iter_4/left/separable_3x3_1/separable_conv2d/depthwise,CPU,499.4,524.2,1.049659591509812
cell_2/comb_iter_4/left/separable_3x3_1/separable_conv2d,CPU,3701.6,3716.0,1.003890209639075
cell_2/comb_iter_4/left/separable_3x3_2/separable_conv2d/depthwise,CPU,466.4,478.2,1.0253001715265866
cell_2/comb_iter_4/left/separable_3x3_2/separable_conv2d,CPU,3691.2,3722.4,1.0084525357607284
cell_2/comb_iter_4/combine/add,CPU,269.3,299.6,1.1125139249907168
cell_2/comb_iter_2/combine/add___tr4cell_2/cell_output/concat,OpenCL,453.1,753.6,1.6632090046347385
cell_2/comb_iter_3/combine/add___tr4cell_2/cell_output/concat,OpenCL,397.1111111111111,617.4,1.554728595411304
cell_2/cell_output/concat,OpenCL,2938.9,2587.8,0.8805335329545069
cell_3/Relu_1,CPU,1384.75,2482.8,1.7929590178732624
cell_3/1x1/Conv2D,CPU,24501.2,25172.4,1.027394576592167
cell_3/comb_iter_0/left/Relu,OpenCL,1087.5714285714287,911.0,0.8376461316169709
cell_3/comb_iter_0/left/separable_5x5_1/separable_conv2d/depthwise,OpenCL,1427.8,1618.6,1.1336321613671383
cell_3/comb_iter_0/left/separable_5x5_1/separable_conv2d,OpenCL,1914.8,2155.4,1.1256528096929184
cell_3/comb_iter_0/left/separable_5x5_2/separable_conv2d/depthwise,OpenCL,1326.2222222222222,1598.4,1.2052278820375337
cell_3/comb_iter_0/left/separable_5x5_2/separable_conv2d,OpenCL,1917.7,2385.4,1.243885904990353
cell_3/comb_iter_0/right/Relu,OpenCL,1104.4,639.2,0.5787758058674394
cell_3/comb_iter_0/right/separable_3x3_1/separable_conv2d/depthwise,OpenCL,1081.7777777777778,1433.4,1.3250410846343468
cell_3/comb_iter_0/right/separable_3x3_1/separable_conv2d,OpenCL,1980.7777777777778,2409.0,1.2161889269086217
cell_3/comb_iter_0/right/separable_3x3_2/separable_conv2d/depthwise,OpenCL,921.4,1319.4,1.431951378337313
cell_3/comb_iter_0/right/separable_3x3_2/separable_conv2d,OpenCL,1920.8,2157.2,1.1230737192836318
cell_3/comb_iter_0/combine/add,OpenCL,598.7777777777778,1018.0,1.7001298942289849
cell_3/comb_iter_1/left/Relu,OpenCL,433.8888888888889,860.0,1.9820742637644044
cell_3/comb_iter_1/left/separable_5x5_1/separable_conv2d/depthwise,OpenCL,1272.1,1591.2,1.2508450593506801
cell_3/comb_iter_1/left/separable_5x5_1/separable_conv2d,OpenCL,1958.4,2324.0,1.1866830065359477
cell_3/comb_iter_1/left/separable_5x5_2/separable_conv2d/depthwise,OpenCL,1441.25,1715.8,1.1904943625325237
cell_3/comb_iter_1/left/separable_5x5_2/separable_conv2d,OpenCL,2074.375,2199.6,1.060367580596565
cell_3/comb_iter_1/right/Relu,OpenCL,671.75,685.2,1.020022329735765
cell_3/comb_iter_1/right/separable_3x3_1/separable_conv2d/depthwise,OpenCL,890.0,1082.8,1.216629213483146
cell_3/comb_iter_1/right/separable_3x3_1/separable_conv2d,OpenCL,1897.6,2407.4,1.2686551433389546
cell_3/comb_iter_1/right/separable_3x3_2/separable_conv2d/depthwise,OpenCL,913.75,1210.2,1.3244322845417238
cell_3/comb_iter_1/right/separable_3x3_2/separable_conv2d,OpenCL,2018.1,2233.4,1.1066845052276895
cell_3/comb_iter_1/combine/add,OpenCL,640.5714285714286,1069.8,1.67007136485281
cell_3/comb_iter_2/left/AvgPool2D/AvgPool,CPU,796.1,760.4,0.9551563873885189
cell_3/comb_iter_2/left/AvgPool2D/AvgPool___tr4cell_3/comb_iter_2/combine/add,CPU,508.8,605.0,1.189072327044025
cell_3/prev_bn/FusedBatchNormV3___tr4cell_3/comb_iter_2/combine/add,OpenCL,397.22222222222223,1017.2,2.560783216783217
cell_3/comb_iter_2/combine/add,CPU,314.75,369.0,1.1723590150913423
cell_3/comb_iter_3/left/AvgPool2D/AvgPool,CPU,758.5,818.6,1.0792353328938695
cell_3/comb_iter_3/right/AvgPool2D/AvgPool,CPU,738.2,788.6,1.0682741804389053
cell_3/comb_iter_3/left/AvgPool2D/AvgPool___tr4cell_3/comb_iter_3/combine/add,CPU,426.6,493.0,1.155649320206282
cell_3/comb_iter_3/right/AvgPool2D/AvgPool___tr4cell_3/comb_iter_3/combine/add,CPU,330.0,435.4,1.3193939393939393
cell_3/comb_iter_3/combine/add,CPU,308.25,387.0,1.2554744525547445
cell_3/comb_iter_4/left/Relu,CPU,198.22222222222223,268.4,1.3540358744394618
cell_3/comb_iter_4/left/separable_3x3_1/separable_conv2d/depthwise,CPU,493.6,525.2,1.0640194489465153
cell_3/comb_iter_4/left/separable_3x3_1/separable_conv2d,CPU,3693.6,3758.8,1.0176521550790558
cell_3/comb_iter_4/left/separable_3x3_2/separable_conv2d/depthwise,CPU,470.3,488.2,1.0380608122475015
cell_3/comb_iter_4/left/separable_3x3_2/separable_conv2d,CPU,3693.0,3766.8,1.0199837530463038
cell_3/comb_iter_4/combine/add,CPU,276.6,316.0,1.1424439624005784
cell_3/comb_iter_2/combine/add___tr4cell_3/cell_output/concat,CPU,306.75,432.6,1.4102689486552569
cell_3/comb_iter_3/combine/add___tr4cell_3/cell_output/concat,CPU,392.44444444444446,506.2,1.289864099660249
cell_3/cell_output/concat,CPU,1242.2222222222222,1716.0,1.3813953488372093
cell_5/Relu,OpenCL,1650.8,2904.4,1.7593893869638964
cell_5/prev_1x1/Conv2D,OpenCL,9519.8,11467.2,1.2045631210739722
cell_4/Relu,OpenCL,1609.6,2792.8,1.7350894632206761
cell_4/prev_1x1/Conv2D,OpenCL,9531.9,10305.8,1.0811905286459154
cell_4/Relu_1,CPU,1403.625,1615.6,1.151019681182652
cell_4/1x1/Conv2D,CPU,24499.7,25290.2,1.032265701212668
cell_4/comb_iter_0/left/Relu,OpenCL,1268.4444444444443,1037.0,0.8175367904695165
cell_4/comb_iter_0/left/separable_5x5_1/separable_conv2d/depthwise,OpenCL,1396.0,2380.6,1.705300859598854
cell_4/comb_iter_0/left/separable_5x5_1/separable_conv2d,OpenCL,1902.0,2590.2,1.3618296529968454
cell_4/comb_iter_0/left/separable_5x5_2/separable_conv2d/depthwise,OpenCL,1376.6,1839.6,1.3363359000435857
cell_4/comb_iter_0/left/separable_5x5_2/separable_conv2d,OpenCL,1962.4,2339.0,1.1919078679168364
cell_4/comb_iter_0/right/Relu,OpenCL,1153.0,892.0,0.7736339982653946
cell_4/comb_iter_0/right/separable_3x3_1/separable_conv2d/depthwise,OpenCL,1124.3,1104.8,0.9826558747665214
cell_4/comb_iter_0/right/separable_3x3_1/separable_conv2d,OpenCL,1969.4,2107.4,1.070072103178633
cell_4/comb_iter_0/right/separable_3x3_2/separable_conv2d/depthwise,OpenCL,890.4444444444445,1065.2,1.1962565510356875
cell_4/comb_iter_0/right/separable_3x3_2/separable_conv2d,OpenCL,2007.3,2439.2,1.2151646490310366
cell_4/comb_iter_0/combine/add,OpenCL,595.375,821.4,1.3796346840226748
cell_4/comb_iter_1/left/Relu,OpenCL,407.5,1160.2,2.847116564417178
cell_4/comb_iter_1/left/separable_5x5_1/separable_conv2d/depthwise,OpenCL,1332.4,2310.2,1.733863704593215
cell_4/comb_iter_1/left/separable_5x5_1/separable_conv2d,OpenCL,2005.4000000000003,2728.8,1.3607260396928291
cell_4/comb_iter_1/left/separable_5x5_2/separable_conv2d/depthwise,OpenCL,1378.4285714285713,2222.6,1.6124157943828377
cell_4/comb_iter_1/left/separable_5x5_2/separable_conv2d,OpenCL,1995.0,2734.2,1.3705263157894736
cell_4/comb_iter_1/right/Relu,OpenCL,507.0,1308.8,2.5814595660749506
cell_4/comb_iter_1/right/separable_3x3_1/separable_conv2d/depthwise,OpenCL,870.1111111111111,1141.6,1.312016345294343
cell_4/comb_iter_1/right/separable_3x3_1/separable_conv2d,OpenCL,1978.2222222222222,2246.2,1.1354639406874858
cell_4/comb_iter_1/right/separable_3x3_2/separable_conv2d/depthwise,OpenCL,917.5,1314.8,1.4330245231607628
cell_4/comb_iter_1/right/separable_3x3_2/separable_conv2d,OpenCL,2018.7,2387.8,1.1828404418685292
cell_4/comb_iter_1/combine/add,OpenCL,640.8571428571429,723.0,1.128176549264378
cell_4/comb_iter_2/left/AvgPool2D/AvgPool,CPU,775.2,787.2,1.0154798761609907
cell_4/comb_iter_2/left/AvgPool2D/AvgPool___tr4cell_4/comb_iter_2/combine/add,CPU,350.3333333333333,618.6,1.7657469077069459
cell_4/prev_bn/FusedBatchNormV3___tr4cell_4/comb_iter_2/combine/add,OpenCL,380.1111111111111,1708.0,4.493422975738088
cell_4/comb_iter_2/combine/add,CPU,309.5,404.4,1.3066235864297253
cell_4/comb_iter_3/left/AvgPool2D/AvgPool,CPU,777.3,812.4,1.0451563103049015
cell_4/comb_iter_3/right/AvgPool2D/AvgPool,CPU,736.8,802.0,1.0884907709011944
cell_4/comb_iter_3/left/AvgPool2D/AvgPool___tr4cell_4/comb_iter_3/combine/add,CPU,371.57142857142856,781.8,2.1040369088811994
cell_4/comb_iter_3/right/AvgPool2D/AvgPool___tr4cell_4/comb_iter_3/combine/add,CPU,281.375,584.2,2.0762327854286986
cell_4/comb_iter_3/combine/add,CPU,292.5,393.4,1.344957264957265
cell_4/comb_iter_4/left/Relu,CPU,193.11111111111111,314.6,1.629113924050633
cell_4/comb_iter_4/left/separable_3x3_1/separable_conv2d/depthwise,CPU,494.8,555.4,1.122473726758286
cell_4/comb_iter_4/left/separable_3x3_1/separable_conv2d,CPU,3719.1,3887.4,1.0452528837622006
cell_4/comb_iter_4/left/separable_3x3_2/separable_conv2d/depthwise,CPU,465.3,557.2,1.1975069847410273
cell_4/comb_iter_4/left/separable_3x3_2/separable_conv2d,CPU,3698.1,3758.6,1.016359752305238
cell_4/comb_iter_4/combine/add,CPU,271.0,345.8,1.2760147601476015
cell_4/comb_iter_2/combine/add___tr4cell_4/cell_output/concat,CPU,304.2,428.2,1.4076265614727153
cell_4/comb_iter_3/combine/add___tr4cell_4/cell_output/concat,CPU,305.5,562.6,1.8415711947626843
cell_4/cell_output/concat,CPU,1234.1,1690.4,1.3697431326472735
cell_5/Relu_1,CPU,1345.857142857143,1520.8,1.1299862010402293
cell_5/1x1/Conv2D,CPU,24470.0,24892.4,1.0172619534123417
cell_5/comb_iter_0/left/Relu,OpenCL,1270.625,1339.0,1.0538121003443188
cell_5/comb_iter_0/left/separable_5x5_1/separable_conv2d/depthwise,OpenCL,1413.0,1711.6,1.2113234253361642
cell_5/comb_iter_0/left/separable_5x5_1/separable_conv2d,OpenCL,1963.1,2460.6,1.2534257042432886
cell_5/comb_iter_0/left/separable_5x5_2/separable_conv2d/depthwise,OpenCL,1367.2,1847.0,1.3509362200117028
cell_5/comb_iter_0/left/separable_5x5_2/separable_conv2d,OpenCL,1932.2,2863.0,1.4817306697029293
cell_5/comb_iter_0/right/Relu,OpenCL,1032.142857142857,550.6,0.5334532871972318
cell_5/comb_iter_0/right/separable_3x3_1/separable_conv2d/depthwise,OpenCL,977.5555555555555,1005.2,1.0282791543532621
cell_5/comb_iter_0/right/separable_3x3_1/separable_conv2d,OpenCL,1982.6,2361.4,1.1910622415010592
cell_5/comb_iter_0/right/separable_3x3_2/separable_conv2d/depthwise,OpenCL,903.3333333333334,1133.4,1.2546863468634686
cell_5/comb_iter_0/right/separable_3x3_2/separable_conv2d,OpenCL,1989.9,2121.4,1.0660837228001407
cell_5/comb_iter_0/combine/add,OpenCL,618.7777777777778,1122.0,1.8132519303286045
cell_5/comb_iter_1/left/Relu,OpenCL,425.4,1426.0,3.3521391631405737
cell_5/comb_iter_1/left/separable_5x5_1/separable_conv2d/depthwise,OpenCL,1284.8,1813.4,1.411425902864259
cell_5/comb_iter_1/left/separable_5x5_1/separable_conv2d,OpenCL,2018.2000000000003,2746.2,1.3607174710137744
cell_5/comb_iter_1/left/separable_5x5_2/separable_conv2d/depthwise,OpenCL,1395.375,2104.0,1.5078383946967662
cell_5/comb_iter_1/left/separable_5x5_2/separable_conv2d,OpenCL,2069.8,2452.0,1.1846555222726833
cell_5/comb_iter_1/right/Relu,OpenCL,432.0,752.4,1.7416666666666667
cell_5/comb_iter_1/right/separable_3x3_1/separable_conv2d/depthwise,OpenCL,891.1111111111111,1155.6,1.2968079800498753
cell_5/comb_iter_1/right/separable_3x3_1/separable_conv2d,OpenCL,1921.6,2240.0,1.1656952539550376
cell_5/comb_iter_1/right/separable_3x3_2/separable_conv2d/depthwise,OpenCL,908.7,1216.2,1.3383955100693299
cell_5/comb_iter_1/right/separable_3x3_2/separable_conv2d,OpenCL,1995.9,2296.4,1.1505586452227066
cell_5/comb_iter_1/combine/add,OpenCL,671.2857142857143,723.2,1.0773356033198553
cell_5/comb_iter_2/left/AvgPool2D/AvgPool,CPU,770.6,789.8,1.0249156501427459
cell_5/comb_iter_2/left/AvgPool2D/AvgPool___tr4cell_5/comb_iter_2/combine/add,CPU,387.5,531.0,1.3703225806451613
cell_5/prev_bn/FusedBatchNormV3___tr4cell_5/comb_iter_2/combine/add,OpenCL,413.125,1368.2,3.3118305597579427
cell_5/comb_iter_2/combine/add,CPU,294.7,465.4,1.5792331184255175
cell_5/comb_iter_3/left/AvgPool2D/AvgPool,CPU,777.0,886.0,1.1402831402831404
cell_5/comb_iter_3/right/AvgPool2D/AvgPool,CPU,739.2,862.4,1.1666666666666665
cell_5/comb_iter_3/left/AvgPool2D/AvgPool___tr4cell_5/comb_iter_3/combine/add,CPU,361.4,704.4,1.949086884338683
cell_5/comb_iter_3/right/AvgPool2D/AvgPool___tr4cell_5/comb_iter_3/combine/add,CPU,389.375,555.2,1.4258747993579455
cell_5/comb_iter_3/combine/add,CPU,297.0,451.6,1.5205387205387206
cell_5/comb_iter_4/left/Relu,CPU,191.88888888888889,245.4,1.2788650839606255
cell_5/comb_iter_4/left/separable_3x3_1/separable_conv2d/depthwise,CPU,490.0,531.8,1.0853061224489795
cell_5/comb_iter_4/left/separable_3x3_1/separable_conv2d,CPU,3721.7,3859.8,1.0371066985517372
cell_5/comb_iter_4/left/separable_3x3_2/separable_conv2d/depthwise,CPU,465.6,508.0,1.0910652920962198
cell_5/comb_iter_4/left/separable_3x3_2/separable_conv2d,CPU,3705.4,3794.2,1.0239650240189992
cell_5/comb_iter_4/combine/add,CPU,274.6,406.4,1.479970866715222
cell_5/comb_iter_2/combine/add___tr4cell_5/cell_output/concat,CPU,294.6666666666667,427.0,1.4490950226244343
cell_5/comb_iter_3/combine/add___tr4cell_5/cell_output/concat,CPU,392.5,583.8,1.487388535031847
cell_5/cell_output/concat,CPU,1290.111111111111,2353.8,1.8244940142967878
reduction_cell_0/Relu_1,OpenCL,1737.2,2448.4,1.4093944278148745
reduction_cell_0/1x1/Conv2D,OpenCL,17960.9,19583.6,1.0903462521365854
reduction_cell_0/comb_iter_1/left/MaxPool2D/MaxPool,CPU,796.6,821.8,1.031634446397188
reduction_cell_0/Relu,OpenCL,1628.9,2458.0,1.5089937994965927
reduction_cell_0/prev_1x1/Conv2D,OpenCL,18039.3,19337.2,1.0719484680669429
reduction_cell_0/comb_iter_1/right/Relu,CPU,368.0,752.0,2.0434782608695654
reduction_cell_0/comb_iter_1/right/separable_7x7_1/separable_conv2d/depthwise,CPU,1428.8,1588.2,1.1115621500559911
reduction_cell_0/comb_iter_1/right/separable_7x7_1/separable_conv2d,CPU,3566.7,3806.2,1.0671489051504193
reduction_cell_0/comb_iter_1/right/separable_7x7_2/separable_conv2d/depthwise,CPU,1134.9,1130.2,0.9958586659617588
reduction_cell_0/comb_iter_1/right/separable_7x7_2/separable_conv2d,CPU,3477.1,3675.2,1.0569727646602054
reduction_cell_0/comb_iter_1/left/MaxPool2D/MaxPool___tr4reduction_cell_0/comb_iter_1/combine/add,CPU,340.25,452.0,1.328434974283615
reduction_cell_0/comb_iter_1/right/bn_sep_7x7_2/FusedBatchNormV3___tr4reduction_cell_0/comb_iter_1/combine/add,CPU,271.0,180.0,0.6642066420664207
reduction_cell_0/comb_iter_1/combine/add,CPU,111.5,170.4,1.5282511210762333
reduction_cell_0/comb_iter_2/left/AvgPool2D/AvgPool,OpenCL,752.1,1426.6,1.8968222310862914
reduction_cell_0/comb_iter_2/right/Relu,OpenCL,659.7,1309.8,1.9854479308776716
reduction_cell_0/comb_iter_2/right/separable_5x5_1/separable_conv2d/depthwise,OpenCL,2373.3333333333335,3369.6,1.4197752808988762
reduction_cell_0/comb_iter_2/right/separable_5x5_1/separable_conv2d,OpenCL,1932.0,2840.8,1.470393374741201
reduction_cell_0/comb_iter_2/right/separable_5x5_2/separable_conv2d/depthwise,OpenCL,933.0,1400.8,1.5013933547695606
reduction_cell_0/comb_iter_2/right/separable_5x5_2/separable_conv2d,OpenCL,2196.2,2611.0,1.1888716874601586
reduction_cell_0/comb_iter_2/left/AvgPool2D/AvgPool___tr4reduction_cell_0/comb_iter_2/combine/add,OpenCL,1353.6,828.4,0.6119976359338062
reduction_cell_0/comb_iter_2/right/bn_sep_5x5_2/FusedBatchNormV3___tr4reduction_cell_0/comb_iter_2/combine/add,OpenCL,452.22222222222223,846.2,1.8712039312039312
reduction_cell_0/comb_iter_2/combine/add,OpenCL,398.6666666666667,761.6,1.9103678929765886
reduction_cell_0/comb_iter_0/left/Relu,OpenCL,665.8888888888889,1250.6,1.8780911062906722
reduction_cell_0/comb_iter_0/left/separable_5x5_1/separable_conv2d/depthwise,OpenCL,2393.5555555555557,3848.6,1.6079008448612013
reduction_cell_0/comb_iter_0/left/separable_5x5_1/separable_conv2d,OpenCL,1989.6666666666667,2916.6,1.4658736806835315
reduction_cell_0/comb_iter_0/left/separable_5x5_2/separable_conv2d/depthwise,OpenCL,953.3333333333334,1430.2,1.5002097902097902
reduction_cell_0/comb_iter_0/left/separable_5x5_2/separable_conv2d,OpenCL,2089.125,2523.4,1.2078741099742716
reduction_cell_0/comb_iter_0/right/Relu,OpenCL,808.5555555555555,3018.6,3.7333241720489214
reduction_cell_0/comb_iter_0/right/separable_7x7_1/separable_conv2d/depthwise,OpenCL,4119.1,6322.2,1.5348498458401105
reduction_cell_0/comb_iter_0/right/separable_7x7_1/separable_conv2d,OpenCL,2021.5,3009.6,1.4887954489240662
reduction_cell_0/comb_iter_0/right/separable_7x7_2/separable_conv2d/depthwise,OpenCL,1206.9,2015.2,1.6697323721932222
reduction_cell_0/comb_iter_0/right/separable_7x7_2/separable_conv2d,OpenCL,1982.3333333333333,2654.6,1.3391289725912225
reduction_cell_0/comb_iter_0/combine/add,OpenCL,1217.4,829.6,0.6814522753408904
reduction_cell_0/comb_iter_3/right/AvgPool2D/AvgPool,OpenCL,835.0,1179.2,1.4122155688622755
reduction_cell_0/comb_iter_3/right/AvgPool2D/AvgPool___tr4reduction_cell_0/comb_iter_3/combine/add,OpenCL,457.2,665.6,1.4558180227471567
reduction_cell_0/comb_iter_3/combine/add,OpenCL,383.8,744.8,1.9405940594059403
reduction_cell_0/comb_iter_4/left/Relu,CPU,71.5,110.6,1.5468531468531468
reduction_cell_0/comb_iter_4/left/separable_3x3_1/separable_conv2d/depthwise,CPU,261.77777777777777,297.4,1.1360780984719863
reduction_cell_0/comb_iter_4/left/separable_3x3_1/separable_conv2d,CPU,3507.5,3652.4,1.041311475409836
reduction_cell_0/comb_iter_4/left/separable_3x3_2/separable_conv2d/depthwise,CPU,253.22222222222223,272.6,1.0765247915752523
reduction_cell_0/comb_iter_4/left/separable_3x3_2/separable_conv2d,CPU,3491.7,3563.8,1.0206489675516226
reduction_cell_0/comb_iter_4/right/MaxPool2D/MaxPool,CPU,776.3,852.6,1.098286744815149
reduction_cell_0/comb_iter_4/left/bn_sep_3x3_2/FusedBatchNormV3___tr4reduction_cell_0/comb_iter_4/combine/add,CPU,397.0,155.8,0.3924433249370277
reduction_cell_0/comb_iter_4/right/MaxPool2D/MaxPool___tr4reduction_cell_0/comb_iter_4/combine/add,CPU,430.8,433.0,1.0051067780872796
reduction_cell_0/comb_iter_4/combine/add,CPU,141.2,145.0,1.0269121813031161
reduction_cell_0/cell_output/concat,CPU,689.5555555555555,694.8,1.007605543022881
cell_7/Relu,CPU,436.25,580.6,1.330888252148997
cell_7/Relu___tr4cell_7/prev_1x1/Conv2D,CPU,1200.9,1353.4,1.1269880922641353
cell_7/prev_1x1/Conv2D,CPU,15255.9,14835.6,0.9724500029496785
cell_6/Relu,CPU,1278.875,1949.6,1.5244648616948488
cell_6/AvgPool2D,CPU,1314.9,1663.2,1.2648870636550307
cell_6/path1_conv/Conv2D,CPU,5617.4,6466.2,1.151101933278741
cell_6/Pad/paddings,CPU,0.0,0.6,0
cell_6/Pad_Gather_Index,CPU,0.8888888888888888,0.4,0.45000000000000007
cell_6/Pad_Gather,CPU,0.0,0.0,0
cell_6/Pad,CPU,2940.4,3881.4,1.3200244864644266
cell_6/strided_slice/stack,CPU,1.0,0.6,0.6
cell_6/strided_slice/stack_1,CPU,0.0,0.2,0
cell_6/strided_slice/stack_2,CPU,0.0,0.4,0
cell_6/Pad___tr4cell_6/strided_slice,CPU,7315.0,6807.4,0.9306083390293917
cell_6/strided_slice,CPU,1954.1,2484.2,1.2712757791310578
cell_6/strided_slice___tr4cell_6/AvgPool2D_1,CPU,4200.3,4423.0,1.0530200223793538
cell_6/AvgPool2D_1,CPU,1320.1,1860.2,1.409135671540035
cell_6/path2_conv/Conv2D,CPU,5569.2,6451.8,1.158478776125835
cell_6/concat,CPU,79.4,100.2,1.2619647355163728
cell_6/final_path_bn/FusedBatchNormV3,CPU,86.3,117.2,1.358053302433372
cell_6/Relu_1,OpenCL,1323.111111111111,1654.2,1.2502351360429964
cell_6/Relu_1___tr4cell_6/1x1/Conv2D,OpenCL,1280.0,1780.0,1.390625
cell_6/1x1/Conv2D,OpenCL,6473.4,7278.4,1.124355052986066
cell_6/comb_iter_0/left/Relu,OpenCL,1258.6,845.4,0.6716987128555538
cell_6/comb_iter_0/left/separable_5x5_1/separable_conv2d/depthwise,OpenCL,1034.6666666666667,1472.6,1.4232603092783502
cell_6/comb_iter_0/left/separable_5x5_1/separable_conv2d,OpenCL,2014.111111111111,3205.6,1.591570585314724
cell_6/comb_iter_0/left/separable_5x5_2/separable_conv2d/depthwise,OpenCL,1072.25,1401.0,1.306598274656097
cell_6/comb_iter_0/left/separable_5x5_2/separable_conv2d,OpenCL,2013.7999999999997,2520.8,1.2517628364286426
cell_6/comb_iter_0/right/Relu,OpenCL,1238.0,723.4,0.5843295638126009
cell_6/comb_iter_0/right/separable_3x3_1/separable_conv2d/depthwise,OpenCL,711.8888888888889,969.2,1.361448415795224
cell_6/comb_iter_0/right/separable_3x3_1/separable_conv2d,OpenCL,2060.0,2445.8,1.1872815533980583
cell_6/comb_iter_0/right/separable_3x3_2/separable_conv2d/depthwise,OpenCL,708.5,762.8,1.0766407904022581
cell_6/comb_iter_0/right/separable_3x3_2/separable_conv2d,OpenCL,2136.4444444444443,2335.4,1.093124609943832
cell_6/comb_iter_0/combine/add,OpenCL,1325.6666666666667,826.0,0.6230827256726175
cell_6/comb_iter_1/left/Relu,CPU,93.4,84.2,0.9014989293361884
cell_6/comb_iter_1/left/separable_5x5_1/separable_conv2d/depthwise,CPU,586.0,625.6,1.0675767918088737
cell_6/comb_iter_1/left/separable_5x5_1/separable_conv2d,CPU,3522.3,3670.2,1.0419896090622605
cell_6/comb_iter_1/left/separable_5x5_2/separable_conv2d/depthwise,CPU,547.9,588.6,1.074283628399343
cell_6/comb_iter_1/left/separable_5x5_2/separable_conv2d,CPU,3492.3,3583.0,1.0259714228445436
cell_6/comb_iter_1/right/Relu,CPU,90.4,108.0,1.1946902654867255
cell_6/comb_iter_1/right/separable_3x3_1/separable_conv2d/depthwise,CPU,307.0,338.6,1.1029315960912054
cell_6/comb_iter_1/right/separable_3x3_1/separable_conv2d,CPU,3524.6,3513.2,0.9967655904216081
cell_6/comb_iter_1/right/separable_3x3_2/separable_conv2d/depthwise,CPU,269.22222222222223,277.0,1.028889806025588
cell_6/comb_iter_1/right/separable_3x3_2/separable_conv2d,CPU,3471.1,3553.4,1.0237100630923914
cell_6/comb_iter_1/combine/add,CPU,124.0,150.8,1.2161290322580647
cell_6/comb_iter_2/left/AvgPool2D/AvgPool,CPU,410.8,406.2,0.9888023369036026
cell_6/comb_iter_2/left/AvgPool2D/AvgPool___tr4cell_6/comb_iter_2/combine/add,CPU,184.3,247.8,1.3445469343461747
cell_6/final_path_bn/FusedBatchNormV3___tr4cell_6/comb_iter_2/combine/add,CPU,341.6666666666667,576.4,1.6870243902439024
cell_6/comb_iter_2/combine/add,CPU,119.7,123.6,1.0325814536340852
cell_6/comb_iter_3/left/AvgPool2D/AvgPool,CPU,408.1,428.4,1.0497427101200685
cell_6/comb_iter_3/right/AvgPool2D/AvgPool,CPU,356.0,366.6,1.0297752808988765
cell_6/comb_iter_3/left/AvgPool2D/AvgPool___tr4cell_6/comb_iter_3/combine/add,CPU,412.8,563.6,1.3653100775193798
cell_6/comb_iter_3/right/AvgPool2D/AvgPool___tr4cell_6/comb_iter_3/combine/add,CPU,228.125,385.8,1.6911780821917808
cell_6/comb_iter_3/combine/add,CPU,131.6,151.0,1.1474164133738602
cell_6/comb_iter_4/left/Relu,OpenCL,341.1111111111111,999.6,2.93042345276873
cell_6/comb_iter_4/left/separable_3x3_1/separable_conv2d/depthwise,OpenCL,567.3333333333334,922.8,1.626556991774383
cell_6/comb_iter_4/left/separable_3x3_1/separable_conv2d,OpenCL,2015.1,2350.6,1.1664929780159794
cell_6/comb_iter_4/left/separable_3x3_2/separable_conv2d/depthwise,OpenCL,711.0,779.4,1.0962025316455697
cell_6/comb_iter_4/left/separable_3x3_2/separable_conv2d,OpenCL,2027.1,2920.8,1.4408761284593756
cell_6/comb_iter_4/combine/add,OpenCL,1329.4,632.2,0.4755528809989469
cell_6/comb_iter_2/combine/add___tr4cell_6/cell_output/concat,CPU,116.8,116.8,1.0
cell_6/comb_iter_3/combine/add___tr4cell_6/cell_output/concat,CPU,210.6,336.8,1.5992402659069327
cell_6/cell_output/concat,CPU,648.625,787.0,1.2133359028714588
cell_7/Relu_1,OpenCL,1999.2,2512.8,1.2569027611044419
cell_7/1x1/Conv2D,OpenCL,9496.6,10083.2,1.0617694753911926
cell_7/comb_iter_0/left/Relu,OpenCL,1370.3,521.4,0.3805006203021236
cell_7/comb_iter_0/left/separable_5x5_1/separable_conv2d/depthwise,OpenCL,942.3,1209.0,1.2830308818847502
cell_7/comb_iter_0/left/separable_5x5_1/separable_conv2d,OpenCL,1940.2,2026.0,1.0442222451293681
cell_7/comb_iter_0/left/separable_5x5_2/separable_conv2d/depthwise,OpenCL,868.7777777777778,1130.2,1.3009080445069703
cell_7/comb_iter_0/left/separable_5x5_2/separable_conv2d,OpenCL,1957.4,2143.6,1.095126187800143
cell_7/comb_iter_0/right/Relu,OpenCL,1349.0,1444.8,1.071015567086731
cell_7/comb_iter_0/right/separable_3x3_1/separable_conv2d/depthwise,OpenCL,712.1111111111111,1174.2,1.6488999843969419
cell_7/comb_iter_0/right/separable_3x3_1/separable_conv2d,OpenCL,2099.3,2340.8,1.1150383461153717
cell_7/comb_iter_0/right/separable_3x3_2/separable_conv2d/depthwise,OpenCL,643.1666666666666,995.8,1.5482767556361752
cell_7/comb_iter_0/right/separable_3x3_2/separable_conv2d,OpenCL,2020.3999999999999,2331.2,1.1538309245693923
cell_7/comb_iter_0/combine/add,OpenCL,1329.3,799.2,0.6012186865267435
cell_7/comb_iter_1/left/Relu,CPU,74.0,124.4,1.6810810810810812
cell_7/comb_iter_1/left/separable_5x5_1/separable_conv2d/depthwise,CPU,567.6,633.6,1.1162790697674418
cell_7/comb_iter_1/left/separable_5x5_1/separable_conv2d,CPU,3502.8,3823.2,1.091469681397739
cell_7/comb_iter_1/left/separable_5x5_2/separable_conv2d/depthwise,CPU,564.2,613.2,1.086848635235732
cell_7/comb_iter_1/left/separable_5x5_2/separable_conv2d,CPU,3494.1,3774.0,1.0801064651841676
cell_7/comb_iter_1/right/Relu,CPU,97.5,128.6,1.318974358974359
cell_7/comb_iter_1/right/separable_3x3_1/separable_conv2d/depthwise,CPU,305.8,364.2,1.1909744931327664
cell_7/comb_iter_1/right/separable_3x3_1/separable_conv2d,CPU,3485.8,3723.6,1.0682196339434276
cell_7/comb_iter_1/right/separable_3x3_2/separable_conv2d/depthwise,CPU,247.5,347.4,1.4036363636363636
cell_7/comb_iter_1/right/separable_3x3_2/separable_conv2d,CPU,3523.6,3548.0,1.0069247360653877
cell_7/comb_iter_1/combine/add,CPU,120.0,142.8,1.1900000000000002
cell_7/comb_iter_2/left/AvgPool2D/AvgPool,CPU,409.5,421.8,1.0300366300366302
cell_7/comb_iter_2/left/AvgPool2D/AvgPool___tr4cell_7/comb_iter_2/combine/add,CPU,164.9,216.0,1.3098847786537295
cell_7/prev_bn/FusedBatchNormV3___tr4cell_7/comb_iter_2/combine/add,CPU,333.42857142857144,316.4,0.9489288774635817
cell_7/comb_iter_2/combine/add,CPU,117.44444444444444,135.4,1.1528855250709555
cell_7/comb_iter_3/left/AvgPool2D/AvgPool,CPU,408.0,394.2,0.9661764705882353
cell_7/comb_iter_3/right/AvgPool2D/AvgPool,CPU,350.8,374.0,1.0661345496009123
cell_7/comb_iter_3/left/AvgPool2D/AvgPool___tr4cell_7/comb_iter_3/combine/add,CPU,346.3333333333333,554.2,1.600192492781521
cell_7/comb_iter_3/right/AvgPool2D/AvgPool___tr4cell_7/comb_iter_3/combine/add,CPU,259.77777777777777,359.2,1.3827202737382378
cell_7/comb_iter_3/combine/add,CPU,129.9,168.0,1.2933025404157044
cell_7/comb_iter_4/left/Relu,OpenCL,342.1111111111111,1207.0,3.528093536862618
cell_7/comb_iter_4/left/separable_3x3_1/separable_conv2d/depthwise,OpenCL,555.0,1525.4,2.748468468468469
cell_7/comb_iter_4/left/separable_3x3_1/separable_conv2d,OpenCL,2024.888888888889,2489.6,1.2294995610184372
cell_7/comb_iter_4/left/separable_3x3_2/separable_conv2d/depthwise,OpenCL,642.4,981.6,1.5280199252801994
cell_7/comb_iter_4/left/separable_3x3_2/separable_conv2d,OpenCL,2073.3,2129.2,1.026961848261226
cell_7/comb_iter_4/combine/add,OpenCL,1366.5,640.2,0.4684961580680571
cell_7/comb_iter_2/combine/add___tr4cell_7/cell_output/concat,CPU,114.4,101.8,0.8898601398601398
cell_7/comb_iter_3/combine/add___tr4cell_7/cell_output/concat,CPU,202.7,345.4,1.7039960532807104
cell_7/cell_output/concat,CPU,627.2,1054.8,1.6817602040816324
cell_9/Relu,OpenCL,1963.8,2610.8,1.329463285466952
cell_9/prev_1x1/Conv2D,OpenCL,9728.0,10008.8,1.0288651315789472
cell_8/Relu,OpenCL,2024.5555555555557,3125.8,1.5439438011086108
cell_8/prev_1x1/Conv2D,OpenCL,9632.6,10509.4,1.0910242302182172
cell_8/Relu_1,CPU,651.1111111111111,824.4,1.2661433447098975
cell_8/1x1/Conv2D,CPU,22837.4,24346.4,1.0660758229921095
cell_8/comb_iter_0/left/Relu,CPU,82.8,76.4,0.9227053140096619
cell_8/comb_iter_0/left/separable_5x5_1/separable_conv2d/depthwise,CPU,627.4444444444445,717.4,1.1433681600850008
cell_8/comb_iter_0/left/separable_5x5_1/separable_conv2d,CPU,3494.4444444444443,3818.4,1.0927058823529412
cell_8/comb_iter_0/left/separable_5x5_2/separable_conv2d/depthwise,CPU,549.4,594.6,1.0822715689843467
cell_8/comb_iter_0/left/separable_5x5_2/separable_conv2d,CPU,3527.7,3550.8,1.0065481758652948
cell_8/comb_iter_0/right/Relu,CPU,91.6,115.0,1.255458515283843
cell_8/comb_iter_0/right/separable_3x3_1/separable_conv2d/depthwise,CPU,308.2,337.6,1.0953926022063596
cell_8/comb_iter_0/right/separable_3x3_1/separable_conv2d,CPU,3473.2,3574.4,1.0291373949095934
cell_8/comb_iter_0/right/separable_3x3_2/separable_conv2d/depthwise,CPU,248.5,281.4,1.132394366197183
cell_8/comb_iter_0/right/separable_3x3_2/separable_conv2d,CPU,3483.9,3538.0,1.015528574298918
cell_8/comb_iter_0/combine/add,CPU,118.9,161.6,1.359125315391085
cell_8/comb_iter_1/left/Relu,OpenCL,437.5,1281.0,2.928
cell_8/comb_iter_1/left/separable_5x5_1/separable_conv2d/depthwise,OpenCL,840.7777777777778,1510.2,1.7961940002643055
cell_8/comb_iter_1/left/separable_5x5_1/separable_conv2d,OpenCL,1970.125,2523.0,1.2806294016877102
cell_8/comb_iter_1/left/separable_5x5_2/separable_conv2d/depthwise,OpenCL,906.2,1329.8,1.4674464798057822
cell_8/comb_iter_1/left/separable_5x5_2/separable_conv2d,OpenCL,2064.6666666666665,2418.8,1.1715208266063935
cell_8/comb_iter_1/right/Relu,OpenCL,1339.5,861.8,0.6433743934303844
cell_8/comb_iter_1/right/separable_3x3_1/separable_conv2d/depthwise,OpenCL,677.4444444444445,767.2,1.1324913892078072
cell_8/comb_iter_1/right/separable_3x3_1/separable_conv2d,OpenCL,2025.9999999999998,2294.6,1.1325765054294177
cell_8/comb_iter_1/right/separable_3x3_2/separable_conv2d/depthwise,OpenCL,686.0,833.0,1.2142857142857142
cell_8/comb_iter_1/right/separable_3x3_2/separable_conv2d,OpenCL,1898.5,2424.6,1.2771135106663154
cell_8/comb_iter_1/combine/add,OpenCL,1352.4,755.4,0.5585625554569653
cell_8/comb_iter_2/left/AvgPool2D/AvgPool,OpenCL,874.6666666666666,1079.2,1.2338414634146342
cell_8/comb_iter_2/left/AvgPool2D/AvgPool___tr4cell_8/comb_iter_2/combine/add,OpenCL,473.22222222222223,743.8,1.5717774125381543
cell_8/prev_bn/FusedBatchNormV3___tr4cell_8/comb_iter_2/combine/add,OpenCL,371.0,1669.2,4.499191374663073
cell_8/comb_iter_2/combine/add,OpenCL,348.875,553.8,1.5873880329630956
cell_8/comb_iter_3/left/AvgPool2D/AvgPool,OpenCL,690.2222222222222,917.2,1.3288473921442372
cell_8/comb_iter_3/right/AvgPool2D/AvgPool,OpenCL,747.5,1160.4,1.5523745819397994
cell_8/comb_iter_3/left/AvgPool2D/AvgPool___tr4cell_8/comb_iter_3/combine/add,OpenCL,399.375,699.8,1.7522378716744913
cell_8/comb_iter_3/right/AvgPool2D/AvgPool___tr4cell_8/comb_iter_3/combine/add,OpenCL,337.25,626.0,1.8561897702001482
cell_8/comb_iter_3/combine/add,OpenCL,348.2,593.8,1.7053417576105685
cell_8/comb_iter_4/left/Relu,OpenCL,343.5,1000.4,2.912372634643377
cell_8/comb_iter_4/left/separable_3x3_1/separable_conv2d/depthwise,OpenCL,616.0,816.4,1.3253246753246752
cell_8/comb_iter_4/left/separable_3x3_1/separable_conv2d,OpenCL,1919.5,2863.4,1.4917426413128418
cell_8/comb_iter_4/left/separable_3x3_2/separable_conv2d/depthwise,OpenCL,644.6666666666666,1091.8,1.69358841778697
cell_8/comb_iter_4/left/separable_3x3_2/separable_conv2d,OpenCL,2051.6,2254.2,1.0987521934100215
cell_8/comb_iter_4/combine/add,OpenCL,1342.9,762.0,0.5674286990840718
cell_8/comb_iter_2/combine/add___tr4cell_8/cell_output/concat,OpenCL,452.7,588.2,1.2993152197923572
cell_8/comb_iter_3/combine/add___tr4cell_8/cell_output/concat,OpenCL,361.1111111111111,548.2,1.5180923076923079
cell_8/cell_output/concat,OpenCL,1738.3333333333333,2287.0,1.3156279961649089
cell_9/Relu_1,CPU,617.9,1002.0,1.6216216216216217
cell_9/1x1/Conv2D,CPU,22770.2,24435.4,1.0731306707890138
cell_9/comb_iter_0/left/Relu,CPU,81.55555555555556,79.6,0.9760217983651225
cell_9/comb_iter_0/left/separable_5x5_1/separable_conv2d/depthwise,CPU,639.6,641.4,1.0028142589118199
cell_9/comb_iter_0/left/separable_5x5_1/separable_conv2d,CPU,3462.9,3577.2,1.0330070172398855
cell_9/comb_iter_0/left/separable_5x5_2/separable_conv2d/depthwise,CPU,558.5,566.0,1.0134288272157566
cell_9/comb_iter_0/left/separable_5x5_2/separable_conv2d,CPU,3477.7,3544.4,1.0191793426690055
cell_9/comb_iter_0/right/Relu,CPU,97.44444444444444,118.0,1.2109464082098063
cell_9/comb_iter_0/right/separable_3x3_1/separable_conv2d/depthwise,CPU,313.3,329.0,1.050111714012129
cell_9/comb_iter_0/right/separable_3x3_1/separable_conv2d,CPU,3530.0,3596.4,1.0188101983002833
cell_9/comb_iter_0/right/separable_3x3_2/separable_conv2d/depthwise,CPU,252.4,282.8,1.1204437400950873
cell_9/comb_iter_0/right/separable_3x3_2/separable_conv2d,CPU,3485.0,3530.4,1.0130272596843615
cell_9/comb_iter_0/combine/add,CPU,124.4,151.8,1.2202572347266882
cell_9/comb_iter_1/left/Relu,OpenCL,431.1111111111111,1089.6,2.527422680412371
cell_9/comb_iter_1/left/separable_5x5_1/separable_conv2d/depthwise,OpenCL,830.7777777777778,3017.4,3.6320181891132806
cell_9/comb_iter_1/left/separable_5x5_1/separable_conv2d,OpenCL,1945.9,2267.2,1.165116398581633
cell_9/comb_iter_1/left/separable_5x5_2/separable_conv2d/depthwise,OpenCL,888.7,1191.8,1.3410599752447394
cell_9/comb_iter_1/left/separable_5x5_2/separable_conv2d,OpenCL,2106.5,2539.6,1.2056017089959647
cell_9/comb_iter_1/right/Relu,OpenCL,1255.4,716.4,0.5706547713876055
cell_9/comb_iter_1/right/separable_3x3_1/separable_conv2d/depthwise,OpenCL,682.875,897.2,1.3138568552077614
cell_9/comb_iter_1/right/separable_3x3_1/separable_conv2d,OpenCL,1969.888888888889,2239.4,1.1368153872186813
cell_9/comb_iter_1/right/separable_3x3_2/separable_conv2d/depthwise,OpenCL,687.3333333333334,883.6,1.2855480116391853
cell_9/comb_iter_1/right/separable_3x3_2/separable_conv2d,OpenCL,1972.6,2394.8,1.214032241711447
cell_9/comb_iter_1/combine/add,OpenCL,1345.2,775.4,0.5764198632173654
cell_9/comb_iter_2/left/AvgPool2D/AvgPool,OpenCL,837.4444444444445,1154.4,1.3784795011277697
cell_9/comb_iter_2/left/AvgPool2D/AvgPool___tr4cell_9/comb_iter_2/combine/add,OpenCL,447.1111111111111,659.0,1.473906560636183
cell_9/prev_bn/FusedBatchNormV3___tr4cell_9/comb_iter_2/combine/add,OpenCL,342.8888888888889,1645.4,4.798639014906027
cell_9/comb_iter_2/combine/add,OpenCL,357.2,655.8,1.8359462486002238
cell_9/comb_iter_3/left/AvgPool2D/AvgPool,OpenCL,692.7777777777778,1015.2,1.4654049719326383
cell_9/comb_iter_3/right/AvgPool2D/AvgPool,OpenCL,738.0,1044.0,1.4146341463414633
cell_9/comb_iter_3/left/AvgPool2D/AvgPool___tr4cell_9/comb_iter_3/combine/add,OpenCL,355.22222222222223,726.4,2.0449171097904286
cell_9/comb_iter_3/right/AvgPool2D/AvgPool___tr4cell_9/comb_iter_3/combine/add,OpenCL,323.55555555555554,686.4,2.1214285714285714
cell_9/comb_iter_3/combine/add,OpenCL,351.0,644.2,1.8353276353276355
cell_9/comb_iter_4/left/Relu,OpenCL,329.9,650.2,1.9709002728099427
cell_9/comb_iter_4/left/separable_3x3_1/separable_conv2d/depthwise,OpenCL,553.7,1056.8,1.9086147733429653
cell_9/comb_iter_4/left/separable_3x3_1/separable_conv2d,OpenCL,1999.5555555555557,2560.8,1.280684596577017
cell_9/comb_iter_4/left/separable_3x3_2/separable_conv2d/depthwise,OpenCL,621.4444444444445,1070.6,1.7227605935991417
cell_9/comb_iter_4/left/separable_3x3_2/separable_conv2d,OpenCL,1993.2,2501.4,1.2549668874172186
cell_9/comb_iter_4/combine/add,OpenCL,1242.5555555555557,895.8,0.7209335598676562
cell_9/comb_iter_2/combine/add___tr4cell_9/cell_output/concat,OpenCL,437.0,858.6,1.9647597254004576
cell_9/comb_iter_3/combine/add___tr4cell_9/cell_output/concat,OpenCL,411.75,773.2,1.877838494231937
cell_9/cell_output/concat,OpenCL,1718.8,2429.6,1.4135443332557598
cell_11/Relu,OpenCL,1883.3,2291.6,1.2168002973503955
cell_11/prev_1x1/Conv2D,OpenCL,9495.5,10152.4,1.0691801379600863
cell_10/Relu,OpenCL,1932.9,2450.0,1.2675254798489315
cell_10/prev_1x1/Conv2D,OpenCL,9695.2,10685.2,1.1021123855103556
cell_10/Relu_1,CPU,639.125,795.0,1.2438881283004106
cell_10/1x1/Conv2D,CPU,22760.9,24000.6,1.0544662117930308
cell_10/comb_iter_0/left/Relu,CPU,80.44444444444444,80.2,0.9969613259668508
cell_10/comb_iter_0/left/separable_5x5_1/separable_conv2d/depthwise,CPU,641.6,644.0,1.0037406483790523
cell_10/comb_iter_0/left/separable_5x5_1/separable_conv2d,CPU,3497.5,3559.0,1.0175839885632594
cell_10/comb_iter_0/left/separable_5x5_2/separable_conv2d/depthwise,CPU,551.1,558.2,1.0128833242605697
cell_10/comb_iter_0/left/separable_5x5_2/separable_conv2d,CPU,3519.3,3538.8,1.0055408746057455
cell_10/comb_iter_0/right/Relu,CPU,90.7,121.2,1.3362734288864389
cell_10/comb_iter_0/right/separable_3x3_1/separable_conv2d/depthwise,CPU,308.9,306.4,0.9919067659436711
cell_10/comb_iter_0/right/separable_3x3_1/separable_conv2d,CPU,3490.1,3590.2,1.028681126615283
cell_10/comb_iter_0/right/separable_3x3_2/separable_conv2d/depthwise,CPU,249.4,277.4,1.1122694466720127
cell_10/comb_iter_0/right/separable_3x3_2/separable_conv2d,CPU,3504.5,3539.6,1.010015694107576
cell_10/comb_iter_0/combine/add,CPU,129.5,155.0,1.196911196911197
cell_10/comb_iter_1/left/Relu,OpenCL,411.6666666666667,1325.2,3.2191093117408904
cell_10/comb_iter_1/left/separable_5x5_1/separable_conv2d/depthwise,OpenCL,822.125,2620.6,3.1875931275657594
cell_10/comb_iter_1/left/separable_5x5_1/separable_conv2d,OpenCL,1919.111111111111,2692.4,1.4029411764705884
cell_10/comb_iter_1/left/separable_5x5_2/separable_conv2d/depthwise,OpenCL,905.0,1456.0,1.6088397790055249
cell_10/comb_iter_1/left/separable_5x5_2/separable_conv2d,OpenCL,2128.8888888888887,2502.6,1.175542797494781
cell_10/comb_iter_1/right/Relu,OpenCL,1074.5714285714287,848.6,0.7897101834618452
cell_10/comb_iter_1/right/separable_3x3_1/separable_conv2d/depthwise,OpenCL,690.1111111111111,815.8,1.18212848172597
cell_10/comb_iter_1/right/separable_3x3_1/separable_conv2d,OpenCL,2052.2,2543.6,1.2394503459701784
cell_10/comb_iter_1/right/separable_3x3_2/separable_conv2d/depthwise,OpenCL,634.375,877.6,1.383408866995074
cell_10/comb_iter_1/right/separable_3x3_2/separable_conv2d,OpenCL,2009.6,2307.8,1.1483877388535033
cell_10/comb_iter_1/combine/add,OpenCL,1297.6,758.4,0.5844636251541308
cell_10/comb_iter_2/left/AvgPool2D/AvgPool,OpenCL,779.875,1121.0,1.4374098413207246
cell_10/comb_iter_2/left/AvgPool2D/AvgPool___tr4cell_10/comb_iter_2/combine/add,OpenCL,407.0,705.2,1.7326781326781329
cell_10/prev_bn/FusedBatchNormV3___tr4cell_10/comb_iter_2/combine/add,OpenCL,334.22222222222223,769.0,2.3008643617021276
cell_10/comb_iter_2/combine/add,OpenCL,344.55555555555554,1178.8,3.421218961625282
cell_10/comb_iter_3/left/AvgPool2D/AvgPool,OpenCL,701.3,980.4,1.3979751889348353
cell_10/comb_iter_3/right/AvgPool2D/AvgPool,OpenCL,755.7777777777778,1301.2,1.7216700970302852
cell_10/comb_iter_3/left/AvgPool2D/AvgPool___tr4cell_10/comb_iter_3/combine/add,OpenCL,362.44444444444446,902.6,2.4903126916002454
cell_10/comb_iter_3/right/AvgPool2D/AvgPool___tr4cell_10/comb_iter_3/combine/add,OpenCL,313.6666666666667,736.0,2.34643995749203
cell_10/comb_iter_3/combine/add,OpenCL,345.0,638.6,1.8510144927536232
cell_10/comb_iter_4/left/Relu,OpenCL,334.6,827.4,2.4728033472803346
cell_10/comb_iter_4/left/separable_3x3_1/separable_conv2d/depthwise,OpenCL,559.2222222222222,742.8,1.328273395589112
cell_10/comb_iter_4/left/separable_3x3_1/separable_conv2d,OpenCL,1993.6,2398.2,1.2029494382022472
cell_10/comb_iter_4/left/separable_3x3_2/separable_conv2d/depthwise,OpenCL,673.1111111111111,829.2,1.231891713436778
cell_10/comb_iter_4/left/separable_3x3_2/separable_conv2d,OpenCL,2019.3,2218.8,1.098796612687565
cell_10/comb_iter_4/combine/add,OpenCL,1014.6666666666666,817.2,0.8053876478318004
cell_10/comb_iter_2/combine/add___tr4cell_10/cell_output/concat,OpenCL,420.55555555555554,668.4,1.5893262879788639
cell_10/comb_iter_3/combine/add___tr4cell_10/cell_output/concat,OpenCL,379.6666666666667,608.6,1.6029850746268657
cell_10/cell_output/concat,OpenCL,1771.9,2199.2,1.2411535639708786
cell_11/Relu_1,CPU,617.7,992.6,1.6069289299012466
cell_11/1x1/Conv2D,CPU,22761.2,23412.6,1.0286188777393106
cell_11/comb_iter_0/left/Relu,CPU,80.66666666666667,80.4,0.996694214876033
cell_11/comb_iter_0/left/separable_5x5_1/separable_conv2d/depthwise,CPU,621.5,677.0,1.0893000804505228
cell_11/comb_iter_0/left/separable_5x5_1/separable_conv2d,CPU,3474.9,3540.6,1.0189070189070188
cell_11/comb_iter_0/left/separable_5x5_2/separable_conv2d/depthwise,CPU,564.1,558.8,0.9906045027477396
cell_11/comb_iter_0/left/separable_5x5_2/separable_conv2d,CPU,3457.2,3509.2,1.0150410737012612
cell_11/comb_iter_0/right/Relu,CPU,100.2,102.8,1.0259481037924152
cell_11/comb_iter_0/right/separable_3x3_1/separable_conv2d/depthwise,CPU,313.4,320.6,1.0229738353541802
cell_11/comb_iter_0/right/separable_3x3_1/separable_conv2d,CPU,3535.8,3582.4,1.0131794784772894
cell_11/comb_iter_0/right/separable_3x3_2/separable_conv2d/depthwise,CPU,252.6,272.8,1.0799683293745053
cell_11/comb_iter_0/right/separable_3x3_2/separable_conv2d,CPU,3492.7,3557.2,1.0184670884988691
cell_11/comb_iter_0/combine/add,CPU,117.4,133.2,1.1345826235093694
cell_11/comb_iter_1/left/Relu,OpenCL,447.8888888888889,2728.4,6.091689407095013
cell_11/comb_iter_1/left/separable_5x5_1/separable_conv2d/depthwise,OpenCL,888.1,1804.4,2.0317531809480913
cell_11/comb_iter_1/left/separable_5x5_1/separable_conv2d,OpenCL,1941.5,2671.2,1.3758434200360545
cell_11/comb_iter_1/left/separable_5x5_2/separable_conv2d/depthwise,OpenCL,923.3333333333334,1309.8,1.4185559566787003
cell_11/comb_iter_1/left/separable_5x5_2/separable_conv2d,OpenCL,2099.6,2388.8,1.1377405220041914
cell_11/comb_iter_1/right/Relu,OpenCL,1334.1,1019.2,0.763960722584514
cell_11/comb_iter_1/right/separable_3x3_1/separable_conv2d/depthwise,OpenCL,698.8888888888889,817.6,1.1698569157392686
cell_11/comb_iter_1/right/separable_3x3_1/separable_conv2d,OpenCL,1954.111111111111,2386.4,1.221220219480298
cell_11/comb_iter_1/right/separable_3x3_2/separable_conv2d/depthwise,OpenCL,710.1428571428571,966.4,1.3608529470931403
cell_11/comb_iter_1/right/separable_3x3_2/separable_conv2d,OpenCL,1950.0,2409.6,1.2356923076923076
cell_11/comb_iter_1/combine/add,OpenCL,1345.4,743.6,0.55269808235469
cell_11/comb_iter_2/left/AvgPool2D/AvgPool,OpenCL,949.7777777777778,986.0,1.038137576041179
cell_11/comb_iter_2/left/AvgPool2D/AvgPool___tr4cell_11/comb_iter_2/combine/add,OpenCL,444.44444444444446,883.6,1.9881
cell_11/prev_bn/FusedBatchNormV3___tr4cell_11/comb_iter_2/combine/add,OpenCL,341.1111111111111,1293.6,3.792312703583062
cell_11/comb_iter_2/combine/add,OpenCL,371.8888888888889,726.4,1.9532715864953687
cell_11/comb_iter_3/left/AvgPool2D/AvgPool,OpenCL,722.9,997.2,1.3794439064877577
cell_11/comb_iter_3/right/AvgPool2D/AvgPool,OpenCL,790.4444444444445,1067.0,1.3498734888951363
cell_11/comb_iter_3/left/AvgPool2D/AvgPool___tr4cell_11/comb_iter_3/combine/add,OpenCL,379.75,686.0,1.8064516129032258
cell_11/comb_iter_3/right/AvgPool2D/AvgPool___tr4cell_11/comb_iter_3/combine/add,OpenCL,333.77777777777777,639.8,1.9168442077230359
cell_11/comb_iter_3/combine/add,OpenCL,353.0,631.0,1.7875354107648724
cell_11/comb_iter_4/left/Relu,OpenCL,340.125,819.4,2.409114296214627
cell_11/comb_iter_4/left/separable_3x3_1/separable_conv2d/depthwise,OpenCL,592.6666666666666,708.4,1.1952755905511812
cell_11/comb_iter_4/left/separable_3x3_1/separable_conv2d,OpenCL,1951.7,2236.4,1.1458728288159041
cell_11/comb_iter_4/left/separable_3x3_2/separable_conv2d/depthwise,OpenCL,633.75,816.6,1.2885207100591716
cell_11/comb_iter_4/left/separable_3x3_2/separable_conv2d,OpenCL,2072.0,2641.8,1.2750000000000001
cell_11/comb_iter_4/combine/add,OpenCL,1346.8,950.2,0.7055242055242056
cell_11/comb_iter_2/combine/add___tr4cell_11/cell_output/concat,OpenCL,469.8888888888889,777.8,1.6552849373374319
cell_11/comb_iter_3/combine/add___tr4cell_11/cell_output/concat,OpenCL,379.77777777777777,794.0,2.090696313633704
cell_11/cell_output/concat,OpenCL,1836.111111111111,2456.4,1.3378275340393344
reduction_cell_1/Relu_1,OpenCL,2032.2999999999997,2618.0,1.2881956404074204
reduction_cell_1/1x1/Conv2D,OpenCL,18379.6,19970.4,1.0865524820997194
reduction_cell_1/comb_iter_1/left/MaxPool2D/MaxPool,CPU,388.6,480.8,1.2372619660319093
reduction_cell_1/Relu,CPU,622.2,764.2,1.2282224365155898
reduction_cell_1/prev_1x1/Conv2D,CPU,42583.7,45046.4,1.0578319873566648
reduction_cell_1/comb_iter_1/right/Relu,CPU,180.66666666666666,182.8,1.0118081180811809
reduction_cell_1/comb_iter_1/right/separable_7x7_1/separable_conv2d/depthwise,CPU,975.6,993.6,1.018450184501845
reduction_cell_1/comb_iter_1/right/separable_7x7_1/separable_conv2d,CPU,3790.5,3977.0,1.0492019522490437
reduction_cell_1/comb_iter_1/right/separable_7x7_2/separable_conv2d/depthwise,CPU,720.5,704.4,0.9776544066620402
reduction_cell_1/comb_iter_1/right/separable_7x7_2/separable_conv2d,CPU,3805.0,3900.2,1.0250197109067016
reduction_cell_1/comb_iter_1/left/MaxPool2D/MaxPool___tr4reduction_cell_1/comb_iter_1/combine/add,CPU,182.88888888888889,205.4,1.123086269744836
reduction_cell_1/comb_iter_1/right/bn_sep_7x7_2/FusedBatchNormV3___tr4reduction_cell_1/comb_iter_1/combine/add,CPU,134.88888888888889,157.0,1.1639209225700164
reduction_cell_1/comb_iter_1/combine/add,CPU,57.111111111111114,64.4,1.1276264591439689
reduction_cell_1/comb_iter_2/left/AvgPool2D/AvgPool,CPU,381.8,459.2,1.2027239392352016
reduction_cell_1/comb_iter_2/right/Relu,CPU,205.55555555555554,172.2,0.8377297297297297
reduction_cell_1/comb_iter_2/right/separable_5x5_1/separable_conv2d/depthwise,CPU,525.0,551.4,1.0502857142857143
reduction_cell_1/comb_iter_2/right/separable_5x5_1/separable_conv2d,CPU,3777.9,4217.8,1.11644035045925
reduction_cell_1/comb_iter_2/right/separable_5x5_2/separable_conv2d/depthwise,CPU,450.7,509.2,1.129798091857111
reduction_cell_1/comb_iter_2/right/separable_5x5_2/separable_conv2d,CPU,3798.0,4005.2,1.0545550289626118
reduction_cell_1/comb_iter_2/left/AvgPool2D/AvgPool___tr4reduction_cell_1/comb_iter_2/combine/add,CPU,190.0,216.0,1.1368421052631579
reduction_cell_1/comb_iter_2/right/bn_sep_5x5_2/FusedBatchNormV3___tr4reduction_cell_1/comb_iter_2/combine/add,CPU,146.4,120.6,0.8237704918032787
reduction_cell_1/comb_iter_2/combine/add,CPU,63.44444444444444,59.4,0.9362521891418564
reduction_cell_1/comb_iter_0/left/Relu,OpenCL,384.3333333333333,994.6,2.5878577623590635
reduction_cell_1/comb_iter_0/left/separable_5x5_1/separable_conv2d/depthwise,OpenCL,1367.7,2079.0,1.5200701908313226
reduction_cell_1/comb_iter_0/left/separable_5x5_1/separable_conv2d,OpenCL,2359.6666666666665,2837.8,1.2026274897584406
reduction_cell_1/comb_iter_0/left/separable_5x5_2/separable_conv2d/depthwise,OpenCL,684.1111111111111,816.8,1.1939580964755563
reduction_cell_1/comb_iter_0/left/separable_5x5_2/separable_conv2d,OpenCL,2388.5,3781.4,1.5831693531505129
reduction_cell_1/comb_iter_0/right/Relu,OpenCL,692.25,959.8,1.3864933188876851
reduction_cell_1/comb_iter_0/right/separable_7x7_1/separable_conv2d/depthwise,OpenCL,2569.3333333333335,3228.8,1.2566683964711987
reduction_cell_1/comb_iter_0/right/separable_7x7_1/separable_conv2d,OpenCL,2292.0,2955.0,1.2892670157068062
reduction_cell_1/comb_iter_0/right/separable_7x7_2/separable_conv2d/depthwise,OpenCL,891.7,1320.0,1.4803184927666255
reduction_cell_1/comb_iter_0/right/separable_7x7_2/separable_conv2d,OpenCL,2308.0,2928.6,1.2688908145580589
reduction_cell_1/comb_iter_0/combine/add,OpenCL,1348.6,912.4,0.6765534628503633
reduction_cell_1/comb_iter_3/right/AvgPool2D/AvgPool,CPU,206.7,221.2,1.0701499758103532
reduction_cell_1/comb_iter_3/right/AvgPool2D/AvgPool___tr4reduction_cell_1/comb_iter_3/combine/add,CPU,68.22222222222223,65.6,0.9615635179153093
reduction_cell_1/comb_iter_3/combine/add,CPU,52.888888888888886,54.6,1.0323529411764707
reduction_cell_1/comb_iter_4/left/Relu,OpenCL,368.8888888888889,708.4,1.9203614457831324
reduction_cell_1/comb_iter_4/left/separable_3x3_1/separable_conv2d/depthwise,OpenCL,401.1,694.0,1.7302418349538768
reduction_cell_1/comb_iter_4/left/separable_3x3_1/separable_conv2d,OpenCL,2311.6666666666665,2863.4,1.238673395818313
reduction_cell_1/comb_iter_4/left/separable_3x3_2/separable_conv2d/depthwise,OpenCL,1346.6,1066.6,0.7920689143026882
reduction_cell_1/comb_iter_4/left/separable_3x3_2/separable_conv2d,OpenCL,2409.5555555555557,3252.8,1.3499584985705064
reduction_cell_1/comb_iter_4/right/MaxPool2D/MaxPool,OpenCL,752.0,1382.6,1.838563829787234
reduction_cell_1/comb_iter_4/left/bn_sep_3x3_2/FusedBatchNormV3___tr4reduction_cell_1/comb_iter_4/combine/add,OpenCL,395.44444444444446,1106.2,2.7973588086541166
reduction_cell_1/comb_iter_4/right/MaxPool2D/MaxPool___tr4reduction_cell_1/comb_iter_4/combine/add,OpenCL,358.1,722.8,2.018430605975984
reduction_cell_1/comb_iter_4/combine/add,OpenCL,342.9,726.0,2.1172353455818023
reduction_cell_1/cell_output/concat,CPU,304.1,338.0,1.1114764879973693
cell_13/Relu,CPU,231.66666666666666,259.8,1.1214388489208633
cell_13/Relu___tr4cell_13/prev_1x1/Conv2D,CPU,733.5,811.6,1.1064758009543285
cell_13/prev_1x1/Conv2D,CPU,15026.8,16786.8,1.1171240716586366
cell_12/Relu,CPU,603.25,929.4,1.540654786572731
cell_12/AvgPool2D,CPU,818.9,937.2,1.1444620832824521
cell_12/path1_conv/Conv2D,CPU,5970.888888888889,7842.4,1.3134392794670438
cell_12/Pad/paddings,CPU,0.625,0.4,0.64
cell_12/Pad_Gather_Index,CPU,0.0,0.2,0
cell_12/Pad_Gather,CPU,0.0,0.0,0
cell_12/Pad,CPU,1383.1,1573.4,1.1375894729231437
cell_12/strided_slice/stack,CPU,0.0,0.0,0
cell_12/strided_slice/stack_1,CPU,0.0,0.2,0
cell_12/strided_slice/stack_2,CPU,0.0,0.4,0
cell_12/Pad___tr4cell_12/strided_slice,CPU,2395.0,3007.0,1.2555323590814196
cell_12/strided_slice,CPU,975.4,1317.0,1.3502152962887022
cell_12/strided_slice___tr4cell_12/AvgPool2D_1,CPU,1951.7,2477.2,1.2692524465850283
cell_12/AvgPool2D_1,CPU,837.7,952.4,1.1369225259639488
cell_12/path2_conv/Conv2D,CPU,5971.8,7142.2,1.195987809370709
cell_12/concat,CPU,46.6,98.6,2.11587982832618
cell_12/final_path_bn/FusedBatchNormV3,CPU,60.111111111111114,61.8,1.0280961182994455
cell_12/Relu_1,OpenCL,1634.3333333333333,2207.8,1.350887211911075
cell_12/Relu_1___tr4cell_12/1x1/Conv2D,OpenCL,1652.625,2261.0,1.368126465471598
cell_12/1x1/Conv2D,OpenCL,8061.2,9412.2,1.1675929142063217
cell_12/comb_iter_0/left/Relu,OpenCL,420.3333333333333,750.2,1.7847739888977003
cell_12/comb_iter_0/left/separable_5x5_1/separable_conv2d/depthwise,OpenCL,760.375,827.4,1.0881472957422325
cell_12/comb_iter_0/left/separable_5x5_1/separable_conv2d,OpenCL,2292.1111111111113,2758.4,1.2034320616607688
cell_12/comb_iter_0/left/separable_5x5_2/separable_conv2d/depthwise,OpenCL,672.7777777777778,908.8,1.3508175061932286
cell_12/comb_iter_0/left/separable_5x5_2/separable_conv2d,OpenCL,2356.0,3134.6,1.3304753820033957
cell_12/comb_iter_0/right/Relu,OpenCL,495.6666666666667,1520.2,3.066980497646268
cell_12/comb_iter_0/right/separable_3x3_1/separable_conv2d/depthwise,OpenCL,477.2,724.0,1.5171835708298407
cell_12/comb_iter_0/right/separable_3x3_1/separable_conv2d,OpenCL,2401.8,3188.8,1.3276709134815554
cell_12/comb_iter_0/right/separable_3x3_2/separable_conv2d/depthwise,OpenCL,462.75,808.4,1.7469475958941112
cell_12/comb_iter_0/right/separable_3x3_2/separable_conv2d,OpenCL,2272.4,2815.8,1.2391304347826086
cell_12/comb_iter_0/combine/add,OpenCL,1252.9,946.0,0.7550482879719052
cell_12/comb_iter_1/left/Relu,CPU,52.0,45.6,0.8769230769230769
cell_12/comb_iter_1/left/separable_5x5_1/separable_conv2d/depthwise,CPU,457.8,457.2,0.9986893840104849
cell_12/comb_iter_1/left/separable_5x5_1/separable_conv2d,CPU,3782.6,3838.0,1.0146460106804844
cell_12/comb_iter_1/left/separable_5x5_2/separable_conv2d/depthwise,CPU,448.9,450.0,1.0024504343951883
cell_12/comb_iter_1/left/separable_5x5_2/separable_conv2d,CPU,3784.4,3937.2,1.0403762815770004
cell_12/comb_iter_1/right/Relu,CPU,52.6,53.4,1.015209125475285
cell_12/comb_iter_1/right/separable_3x3_1/separable_conv2d/depthwise,CPU,216.22222222222223,217.4,1.0054470709146968
cell_12/comb_iter_1/right/separable_3x3_1/separable_conv2d,CPU,3790.1,3893.8,1.0273607556528852
cell_12/comb_iter_1/right/separable_3x3_2/separable_conv2d/depthwise,CPU,189.0,182.0,0.9629629629629629
cell_12/comb_iter_1/right/separable_3x3_2/separable_conv2d,CPU,3772.0,3848.4,1.020254506892895
cell_12/comb_iter_1/combine/add,CPU,67.33333333333333,70.2,1.0425742574257426
cell_12/comb_iter_2/left/AvgPool2D/AvgPool,CPU,234.3,225.0,0.9603072983354674
cell_12/comb_iter_2/left/AvgPool2D/AvgPool___tr4cell_12/comb_iter_2/combine/add,CPU,73.5,81.2,1.1047619047619048
cell_12/final_path_bn/FusedBatchNormV3___tr4cell_12/comb_iter_2/combine/add,CPU,175.125,282.6,1.6137044967880088
cell_12/comb_iter_2/combine/add,CPU,58.77777777777778,46.0,0.782608695652174
cell_12/comb_iter_3/left/AvgPool2D/AvgPool,CPU,214.5,221.4,1.0321678321678323
cell_12/comb_iter_3/right/AvgPool2D/AvgPool,CPU,189.2,191.0,1.0095137420718816
cell_12/comb_iter_3/left/AvgPool2D/AvgPool___tr4cell_12/comb_iter_3/combine/add,CPU,87.7,116.6,1.3295324971493727
cell_12/comb_iter_3/right/AvgPool2D/AvgPool___tr4cell_12/comb_iter_3/combine/add,CPU,66.4,88.8,1.3373493975903612
cell_12/comb_iter_3/combine/add,CPU,46.875,56.0,1.1946666666666668
cell_12/comb_iter_4/left/Relu,OpenCL,371.9,842.0,2.2640494756655016
cell_12/comb_iter_4/left/separable_3x3_1/separable_conv2d/depthwise,OpenCL,375.8888888888889,828.0,2.2027785988767365
cell_12/comb_iter_4/left/separable_3x3_1/separable_conv2d,OpenCL,2219.2,3121.8,1.4067231434751264
cell_12/comb_iter_4/left/separable_3x3_2/separable_conv2d/depthwise,OpenCL,1271.5,1034.8,0.8138419189933149
cell_12/comb_iter_4/left/separable_3x3_2/separable_conv2d,OpenCL,2399.3333333333335,2933.8,1.2227563212003334
cell_12/comb_iter_4/combine/add,OpenCL,1274.5,927.0,0.7273440564927423
cell_12/comb_iter_2/combine/add___tr4cell_12/cell_output/concat,CPU,65.8,54.2,0.8237082066869301
cell_12/comb_iter_3/combine/add___tr4cell_12/cell_output/concat,CPU,74.77777777777777,146.6,1.960475482912333
cell_12/cell_output/concat,CPU,310.22222222222223,362.0,1.1669054441260744
cell_13/Relu_1,OpenCL,2475.222222222222,3298.4,1.3325672217982674
cell_13/1x1/Conv2D,OpenCL,11725.7,13179.2,1.1239584843548787
cell_13/comb_iter_0/left/Relu,CPU,42.8,51.8,1.2102803738317758
cell_13/comb_iter_0/left/separable_5x5_1/separable_conv2d/depthwise,CPU,468.9,452.2,0.9643847302196631
cell_13/comb_iter_0/left/separable_5x5_1/separable_conv2d,CPU,3795.6,3907.2,1.0294024660132786
cell_13/comb_iter_0/left/separable_5x5_2/separable_conv2d/depthwise,CPU,450.2,452.8,1.0057752110173257
cell_13/comb_iter_0/left/separable_5x5_2/separable_conv2d,CPU,3779.4,3835.8,1.0149230036513732
cell_13/comb_iter_0/right/Relu,CPU,53.0,70.4,1.328301886792453
cell_13/comb_iter_0/right/separable_3x3_1/separable_conv2d/depthwise,CPU,214.8,220.4,1.026070763500931
cell_13/comb_iter_0/right/separable_3x3_1/separable_conv2d,CPU,3803.9,4174.8,1.0975051920397487
cell_13/comb_iter_0/right/separable_3x3_2/separable_conv2d/depthwise,CPU,187.7,199.8,1.0644645711241343
cell_13/comb_iter_0/right/separable_3x3_2/separable_conv2d,CPU,3782.6,4631.4,1.2243959181515358
cell_13/comb_iter_0/combine/add,CPU,66.1,65.0,0.9833585476550681
cell_13/comb_iter_1/left/Relu,OpenCL,496.5,943.8,1.900906344410876
cell_13/comb_iter_1/left/separable_5x5_1/separable_conv2d/depthwise,OpenCL,623.0,1557.4,2.4998394863563402
cell_13/comb_iter_1/left/separable_5x5_1/separable_conv2d,OpenCL,2303.777777777778,3232.2,1.402999903540079
cell_13/comb_iter_1/left/separable_5x5_2/separable_conv2d/depthwise,OpenCL,700.5714285714286,826.4,1.1796084828711255
cell_13/comb_iter_1/left/separable_5x5_2/separable_conv2d,OpenCL,2395.5555555555557,3467.2,1.44734693877551
cell_13/comb_iter_1/right/Relu,OpenCL,1095.0,993.8,0.9075799086757991
cell_13/comb_iter_1/right/separable_3x3_1/separable_conv2d/depthwise,OpenCL,486.6,1221.8,2.510891903000411
cell_13/comb_iter_1/right/separable_3x3_1/separable_conv2d,OpenCL,2310.8,2789.2,1.2070278691362297
cell_13/comb_iter_1/right/separable_3x3_2/separable_conv2d/depthwise,OpenCL,1241.3333333333333,779.8,0.6281954887218045
cell_13/comb_iter_1/right/separable_3x3_2/separable_conv2d,OpenCL,2417.3333333333335,2850.8,1.179316050744622
cell_13/comb_iter_1/combine/add,OpenCL,1264.3,767.0,0.6066598117535396
cell_13/comb_iter_2/left/AvgPool2D/AvgPool,CPU,231.7,263.2,1.13595166163142
cell_13/comb_iter_2/left/AvgPool2D/AvgPool___tr4cell_13/comb_iter_2/combine/add,CPU,71.9,69.4,0.9652294853963839
cell_13/prev_bn/FusedBatchNormV3___tr4cell_13/comb_iter_2/combine/add,CPU,174.8,252.4,1.4439359267734553
cell_13/comb_iter_2/combine/add,CPU,58.5,44.6,0.7623931623931625
cell_13/comb_iter_3/left/AvgPool2D/AvgPool,CPU,208.9,214.8,1.0282431785543322
cell_13/comb_iter_3/right/AvgPool2D/AvgPool,CPU,187.7,186.6,0.9941395844432606
cell_13/comb_iter_3/left/AvgPool2D/AvgPool___tr4cell_13/comb_iter_3/combine/add,CPU,58.1,152.0,2.61617900172117
cell_13/comb_iter_3/right/AvgPool2D/AvgPool___tr4cell_13/comb_iter_3/combine/add,CPU,67.8,114.8,1.6932153392330385
cell_13/comb_iter_3/combine/add,CPU,42.22222222222222,79.4,1.8805263157894738
cell_13/comb_iter_4/left/Relu,OpenCL,351.625,915.2,2.602772840383932
cell_13/comb_iter_4/left/separable_3x3_1/separable_conv2d/depthwise,OpenCL,395.55555555555554,922.2,2.3314044943820225
cell_13/comb_iter_4/left/separable_3x3_1/separable_conv2d,OpenCL,2315.1,2901.4,1.2532503995507753
cell_13/comb_iter_4/left/separable_3x3_2/separable_conv2d/depthwise,OpenCL,467.0,898.8,1.9246252676659528
cell_13/comb_iter_4/left/separable_3x3_2/separable_conv2d,OpenCL,2526.5555555555557,3033.2,1.2005277276925106
cell_13/comb_iter_4/combine/add,OpenCL,1360.7,971.8,0.7141912251047254
cell_13/comb_iter_2/combine/add___tr4cell_13/cell_output/concat,CPU,67.1,53.0,0.789865871833085
cell_13/comb_iter_3/combine/add___tr4cell_13/cell_output/concat,CPU,82.2,194.8,2.369829683698297
cell_13/cell_output/concat,CPU,324.2,369.6,1.1400370141887726
cell_15/Relu,CPU,346.5,495.8,1.4308802308802309
cell_15/prev_1x1/Conv2D,CPU,22587.1,26861.8,1.189254043237069
cell_14/Relu,CPU,329.77777777777777,660.8,2.00377358490566
cell_14/prev_1x1/Conv2D,CPU,22653.6,27514.2,1.2145619239326202
cell_14/Relu_1,OpenCL,2345.3333333333335,3119.4,1.3300454803865833
cell_14/1x1/Conv2D,OpenCL,11479.3,13304.2,1.1589731081163488
cell_14/comb_iter_0/left/Relu,OpenCL,1291.2,841.2,0.6514869888475836
cell_14/comb_iter_0/left/separable_5x5_1/separable_conv2d/depthwise,OpenCL,710.7,835.2,1.1751794005909666
cell_14/comb_iter_0/left/separable_5x5_1/separable_conv2d,OpenCL,2323.4,2814.8,1.2115003873633468
cell_14/comb_iter_0/left/separable_5x5_2/separable_conv2d/depthwise,OpenCL,670.6,914.8,1.3641515061139278
cell_14/comb_iter_0/left/separable_5x5_2/separable_conv2d,OpenCL,2282.4,2712.4,1.188398177357168
cell_14/comb_iter_0/right/Relu,OpenCL,1320.6,1261.0,0.9548689989398759
cell_14/comb_iter_0/right/separable_3x3_1/separable_conv2d/depthwise,OpenCL,512.5,1219.2,2.3789268292682926
cell_14/comb_iter_0/right/separable_3x3_1/separable_conv2d,OpenCL,2462.125,3077.2,1.2498146925927807
cell_14/comb_iter_0/right/separable_3x3_2/separable_conv2d/depthwise,OpenCL,475.0,1051.4,2.2134736842105265
cell_14/comb_iter_0/right/separable_3x3_2/separable_conv2d,OpenCL,2305.3333333333335,3747.0,1.6253614806246384
cell_14/comb_iter_0/combine/add,OpenCL,1345.6,1362.6,1.0126337693222354
cell_14/comb_iter_1/left/Relu,CPU,54.0,54.6,1.011111111111111
cell_14/comb_iter_1/left/separable_5x5_1/separable_conv2d/depthwise,CPU,460.3,506.4,1.1001520747338691
cell_14/comb_iter_1/left/separable_5x5_1/separable_conv2d,CPU,3794.4,4101.0,1.0808032890575585
cell_14/comb_iter_1/left/separable_5x5_2/separable_conv2d/depthwise,CPU,453.5,540.0,1.1907386990077178
cell_14/comb_iter_1/left/separable_5x5_2/separable_conv2d,CPU,3767.0,4300.0,1.141491903371383
cell_14/comb_iter_1/right/Relu,CPU,54.5,64.2,1.1779816513761467
cell_14/comb_iter_1/right/separable_3x3_1/separable_conv2d/depthwise,CPU,218.33333333333334,236.4,1.0827480916030534
cell_14/comb_iter_1/right/separable_3x3_1/separable_conv2d,CPU,3795.8,4148.4,1.0928921439485746
cell_14/comb_iter_1/right/separable_3x3_2/separable_conv2d/depthwise,CPU,194.7,194.0,0.9964047252182846
cell_14/comb_iter_1/right/separable_3x3_2/separable_conv2d,CPU,3755.9,3987.0,1.0615298596874252
cell_14/comb_iter_1/combine/add,CPU,66.4,82.4,1.2409638554216866
cell_14/comb_iter_2/left/AvgPool2D/AvgPool,CPU,231.88888888888889,240.8,1.0384283660757068
cell_14/comb_iter_2/left/AvgPool2D/AvgPool___tr4cell_14/comb_iter_2/combine/add,CPU,72.4,68.4,0.9447513812154696
cell_14/prev_bn/FusedBatchNormV3___tr4cell_14/comb_iter_2/combine/add,CPU,175.66666666666666,174.6,0.9939278937381404
cell_14/comb_iter_2/combine/add,CPU,59.4,46.8,0.7878787878787878
cell_14/comb_iter_3/left/AvgPool2D/AvgPool,CPU,212.2,213.0,1.0037700282752122
cell_14/comb_iter_3/right/AvgPool2D/AvgPool,CPU,187.6,197.0,1.0501066098081024
cell_14/comb_iter_3/left/AvgPool2D/AvgPool___tr4cell_14/comb_iter_3/combine/add,CPU,80.66666666666667,199.0,2.4669421487603302
cell_14/comb_iter_3/right/AvgPool2D/AvgPool___tr4cell_14/comb_iter_3/combine/add,CPU,67.7,136.0,2.0088626292466762
cell_14/comb_iter_3/combine/add,CPU,50.8,87.0,1.7125984251968505
cell_14/comb_iter_4/left/Relu,OpenCL,354.55555555555554,883.8,2.4926982137261047
cell_14/comb_iter_4/left/separable_3x3_1/separable_conv2d/depthwise,OpenCL,398.2,919.8,2.3098945253641388
cell_14/comb_iter_4/left/separable_3x3_1/separable_conv2d,OpenCL,2245.6,2930.4,1.3049519059494123
cell_14/comb_iter_4/left/separable_3x3_2/separable_conv2d/depthwise,OpenCL,1288.1,850.0,0.659886654762829
cell_14/comb_iter_4/left/separable_3x3_2/separable_conv2d,OpenCL,2396.222222222222,2838.0,1.184364277102847
cell_14/comb_iter_4/combine/add,OpenCL,1294.5555555555557,971.6,0.7505278516865505
cell_14/comb_iter_2/combine/add___tr4cell_14/cell_output/concat,CPU,66.9,53.4,0.7982062780269057
cell_14/comb_iter_3/combine/add___tr4cell_14/cell_output/concat,CPU,58.0,185.2,3.193103448275862
cell_14/cell_output/concat,CPU,308.1,394.8,1.2814021421616357
cell_15/Relu_1,OpenCL,2348.222222222222,3167.6,1.34893536481499
cell_15/1x1/Conv2D,OpenCL,11600.0,13134.6,1.132293103448276
cell_15/comb_iter_0/left/Relu,OpenCL,1262.5,884.8,0.7008316831683168
cell_15/comb_iter_0/left/separable_5x5_1/separable_conv2d/depthwise,OpenCL,745.4444444444445,947.8,1.2714562527947533
cell_15/comb_iter_0/left/separable_5x5_1/separable_conv2d,OpenCL,2322.2,2957.6,1.2736198432520887
cell_15/comb_iter_0/left/separable_5x5_2/separable_conv2d/depthwise,OpenCL,712.4,949.6,1.3329590117911287
cell_15/comb_iter_0/left/separable_5x5_2/separable_conv2d,OpenCL,2353.1,2848.4,1.2104882920402873
cell_15/comb_iter_0/right/Relu,OpenCL,1178.3,2074.0,1.760162946618009
cell_15/comb_iter_0/right/separable_3x3_1/separable_conv2d/depthwise,OpenCL,492.8888888888889,1061.4,2.1534265103697026
cell_15/comb_iter_0/right/separable_3x3_1/separable_conv2d,OpenCL,2459.4,3348.2,1.3613889566560948
cell_15/comb_iter_0/right/separable_3x3_2/separable_conv2d/depthwise,OpenCL,938.0,1038.0,1.1066098081023454
cell_15/comb_iter_0/right/separable_3x3_2/separable_conv2d,OpenCL,2389.6,3493.0,1.4617509206561767
cell_15/comb_iter_0/combine/add,OpenCL,1171.5,1217.8,1.0395219803670508
cell_15/comb_iter_1/left/Relu,CPU,49.3,75.4,1.5294117647058825
cell_15/comb_iter_1/left/separable_5x5_1/separable_conv2d/depthwise,CPU,453.4,487.0,1.074106749007499
cell_15/comb_iter_1/left/separable_5x5_1/separable_conv2d,CPU,3798.7,4338.4,1.142074920367494
cell_15/comb_iter_1/left/separable_5x5_2/separable_conv2d/depthwise,CPU,456.9,534.6,1.170059093893631
cell_15/comb_iter_1/left/separable_5x5_2/separable_conv2d,CPU,3782.9,4383.8,1.1588463876919823
cell_15/comb_iter_1/right/Relu,CPU,52.5,72.2,1.3752380952380954
cell_15/comb_iter_1/right/separable_3x3_1/separable_conv2d/depthwise,CPU,214.1,263.2,1.229332087809435
cell_15/comb_iter_1/right/separable_3x3_1/separable_conv2d,CPU,3771.3,4040.2,1.0713016731631002
cell_15/comb_iter_1/right/separable_3x3_2/separable_conv2d/depthwise,CPU,186.0,197.6,1.0623655913978494
cell_15/comb_iter_1/right/separable_3x3_2/separable_conv2d,CPU,3777.4,3979.8,1.0535818287711125
cell_15/comb_iter_1/combine/add,CPU,71.7,81.8,1.1408647140864714
cell_15/comb_iter_2/left/AvgPool2D/AvgPool,CPU,237.1,220.2,0.9287220582032897
cell_15/comb_iter_2/left/AvgPool2D/AvgPool___tr4cell_15/comb_iter_2/combine/add,CPU,73.1,67.6,0.9247606019151847
cell_15/prev_bn/FusedBatchNormV3___tr4cell_15/comb_iter_2/combine/add,CPU,175.2,228.4,1.3036529680365299
cell_15/comb_iter_2/combine/add,CPU,57.3,42.2,0.7364746945898779
cell_15/comb_iter_3/left/AvgPool2D/AvgPool,CPU,213.4,212.2,0.9943767572633552
cell_15/comb_iter_3/right/AvgPool2D/AvgPool,CPU,188.33333333333334,196.8,1.0449557522123893
cell_15/comb_iter_3/left/AvgPool2D/AvgPool___tr4cell_15/comb_iter_3/combine/add,CPU,59.8,227.0,3.795986622073579
cell_15/comb_iter_3/right/AvgPool2D/AvgPool___tr4cell_15/comb_iter_3/combine/add,CPU,70.8,186.0,2.6271186440677967
cell_15/comb_iter_3/combine/add,CPU,44.44444444444444,89.6,2.016
cell_15/comb_iter_4/left/Relu,OpenCL,351.1,1009.0,2.8738251210481343
cell_15/comb_iter_4/left/separable_3x3_1/separable_conv2d/depthwise,OpenCL,373.0,951.0,2.549597855227882
cell_15/comb_iter_4/left/separable_3x3_1/separable_conv2d,OpenCL,2285.8,2952.8,1.291801557441596
cell_15/comb_iter_4/left/separable_3x3_2/separable_conv2d/depthwise,OpenCL,1251.6,867.8,0.6933525087887504
cell_15/comb_iter_4/left/separable_3x3_2/separable_conv2d,OpenCL,2398.25,3039.4,1.267340769310956
cell_15/comb_iter_4/combine/add,OpenCL,1123.25,1034.8,0.9212552860004452
cell_15/comb_iter_2/combine/add___tr4cell_15/cell_output/concat,CPU,64.2,52.6,0.8193146417445483
cell_15/comb_iter_3/combine/add___tr4cell_15/cell_output/concat,CPU,72.2,183.0,2.5346260387811634
cell_15/cell_output/concat,CPU,321.85714285714283,357.8,1.1116733244562806
cell_17/Relu,CPU,350.77777777777777,445.2,1.269179600886918
cell_17/prev_1x1/Conv2D,CPU,22610.9,26697.8,1.1807491077312269
cell_16/Relu,CPU,329.1,478.2,1.453053783044667
cell_16/prev_1x1/Conv2D,CPU,22672.3,26612.4,1.1737847505546417
cell_16/Relu_1,OpenCL,3123.5555555555557,3187.8,1.0205677290836654
cell_16/1x1/Conv2D,OpenCL,11719.5,13070.8,1.1153035539058833
cell_16/comb_iter_0/left/Relu,OpenCL,1242.25,811.6,0.6533306500301872
cell_16/comb_iter_0/left/separable_5x5_1/separable_conv2d/depthwise,OpenCL,721.5,1076.6,1.492169092169092
cell_16/comb_iter_0/left/separable_5x5_1/separable_conv2d,OpenCL,2354.6666666666665,2897.2,1.2304077010192525
cell_16/comb_iter_0/left/separable_5x5_2/separable_conv2d/depthwise,OpenCL,756.8571428571429,818.0,1.0807852019630049
cell_16/comb_iter_0/left/separable_5x5_2/separable_conv2d,OpenCL,2301.6,2985.0,1.2969238790406674
cell_16/comb_iter_0/right/Relu,OpenCL,1343.0,1369.0,1.0193596425912137
cell_16/comb_iter_0/right/separable_3x3_1/separable_conv2d/depthwise,OpenCL,519.2222222222222,998.0,1.9221057136742994
cell_16/comb_iter_0/right/separable_3x3_1/separable_conv2d,OpenCL,2336.4,2951.2,1.2631398733093646
cell_16/comb_iter_0/right/separable_3x3_2/separable_conv2d/depthwise,OpenCL,1299.8,1046.6,0.8052008001230958
cell_16/comb_iter_0/right/separable_3x3_2/separable_conv2d,OpenCL,2381.3,3469.6,1.4570192751858226
cell_16/comb_iter_0/combine/add,OpenCL,1360.7,1194.6,0.877930476960388
cell_16/comb_iter_1/left/Relu,CPU,53.666666666666664,37.2,0.6931677018633541
cell_16/comb_iter_1/left/separable_5x5_1/separable_conv2d/depthwise,CPU,458.7,491.0,1.0704163941574014
cell_16/comb_iter_1/left/separable_5x5_1/separable_conv2d,CPU,3797.2,4031.6,1.0617296955651534
cell_16/comb_iter_1/left/separable_5x5_2/separable_conv2d/depthwise,CPU,455.8,456.0,1.0004387889425186
cell_16/comb_iter_1/left/separable_5x5_2/separable_conv2d,CPU,3754.1,4497.4,1.1979968567699315
cell_16/comb_iter_1/right/Relu,CPU,51.55555555555556,76.8,1.489655172413793
cell_16/comb_iter_1/right/separable_3x3_1/separable_conv2d/depthwise,CPU,213.0,268.6,1.2610328638497654
cell_16/comb_iter_1/right/separable_3x3_1/separable_conv2d,CPU,3777.7,4062.8,1.075469200836488
cell_16/comb_iter_1/right/separable_3x3_2/separable_conv2d/depthwise,CPU,189.1,196.0,1.03648863035431
cell_16/comb_iter_1/right/separable_3x3_2/separable_conv2d,CPU,3787.3,3974.8,1.0495075647558947
cell_16/comb_iter_1/combine/add,CPU,69.2,77.8,1.1242774566473988
cell_16/comb_iter_2/left/AvgPool2D/AvgPool,CPU,231.7,240.2,1.036685369011653
cell_16/comb_iter_2/left/AvgPool2D/AvgPool___tr4cell_16/comb_iter_2/combine/add,CPU,67.7,73.0,1.0782865583456425
cell_16/prev_bn/FusedBatchNormV3___tr4cell_16/comb_iter_2/combine/add,CPU,176.1,137.6,0.7813742191936399
cell_16/comb_iter_2/combine/add,CPU,56.7,48.4,0.8536155202821869
cell_16/comb_iter_3/left/AvgPool2D/AvgPool,CPU,206.0,258.0,1.2524271844660195
cell_16/comb_iter_3/right/AvgPool2D/AvgPool,CPU,189.2,188.2,0.9947145877378436
cell_16/comb_iter_3/left/AvgPool2D/AvgPool___tr4cell_16/comb_iter_3/combine/add,CPU,84.5,96.6,1.1431952662721894
cell_16/comb_iter_3/right/AvgPool2D/AvgPool___tr4cell_16/comb_iter_3/combine/add,CPU,66.6,87.0,1.3063063063063065
cell_16/comb_iter_3/combine/add,CPU,56.9,58.8,1.0333919156414761
cell_16/comb_iter_4/left/Relu,OpenCL,356.8,1195.0,3.349215246636771
cell_16/comb_iter_4/left/separable_3x3_1/separable_conv2d/depthwise,OpenCL,378.8,1011.2,2.66948257655755
cell_16/comb_iter_4/left/separable_3x3_1/separable_conv2d,OpenCL,2338.9,2954.2,1.2630723844542304
cell_16/comb_iter_4/left/separable_3x3_2/separable_conv2d/depthwise,OpenCL,1248.0,897.0,0.71875
cell_16/comb_iter_4/left/separable_3x3_2/separable_conv2d,OpenCL,2454.7,3010.0,1.226219089909154
cell_16/comb_iter_4/combine/add,OpenCL,1339.25,1123.0,0.8385290274407318
cell_16/comb_iter_2/combine/add___tr4cell_16/cell_output/concat,CPU,68.1,53.8,0.7900146842878121
cell_16/comb_iter_3/combine/add___tr4cell_16/cell_output/concat,CPU,62.4,182.4,2.9230769230769234
cell_16/cell_output/concat,CPU,318.9,353.0,1.1069300721229227
cell_17/Relu_1,OpenCL,2413.3,3093.8,1.28197903285957
cell_17/1x1/Conv2D,OpenCL,11571.2,12728.2,1.0999896294247788
cell_17/comb_iter_0/left/Relu,OpenCL,1253.6,743.0,0.5926930440331845
cell_17/comb_iter_0/left/separable_5x5_1/separable_conv2d/depthwise,OpenCL,716.0,800.75,1.1183659217877095
cell_17/comb_iter_0/left/separable_5x5_1/separable_conv2d,OpenCL,2313.3333333333335,2470.25,1.0678314121037464
cell_17/comb_iter_0/left/separable_5x5_2/separable_conv2d/depthwise,OpenCL,707.9,813.25,1.1488204548665066
cell_17/comb_iter_0/left/separable_5x5_2/separable_conv2d,OpenCL,2263.9,2506.25,1.1070497813507663
cell_17/comb_iter_0/right/Relu,OpenCL,1369.6,2036.8,1.4871495327102804
cell_17/comb_iter_0/right/separable_3x3_1/separable_conv2d/depthwise,OpenCL,501.1111111111111,1005.4,2.006341463414634
cell_17/comb_iter_0/right/separable_3x3_1/separable_conv2d,OpenCL,2441.1,2704.75,1.1080045880955307
cell_17/comb_iter_0/right/separable_3x3_2/separable_conv2d/depthwise,OpenCL,455.6666666666667,657.5,1.4429407461594732
cell_17/comb_iter_0/right/separable_3x3_2/separable_conv2d,OpenCL,2299.222222222222,2534.75,1.1024380225196926
cell_17/comb_iter_0/combine/add,OpenCL,1343.8,693.0,0.5157017413305551
cell_17/comb_iter_1/left/Relu,CPU,51.3,58.6,1.142300194931774
cell_17/comb_iter_1/left/separable_5x5_1/separable_conv2d/depthwise,CPU,451.1,479.0,1.0618488140101972
cell_17/comb_iter_1/left/separable_5x5_1/separable_conv2d,CPU,3777.0,4339.0,1.1487953402171036
cell_17/comb_iter_1/left/separable_5x5_2/separable_conv2d/depthwise,CPU,463.2,484.6,1.0462003454231434
cell_17/comb_iter_1/left/separable_5x5_2/separable_conv2d,CPU,3800.0,4373.0,1.1507894736842106
cell_17/comb_iter_1/right/Relu,CPU,54.77777777777778,77.6,1.4166328600405678
cell_17/comb_iter_1/right/separable_3x3_1/separable_conv2d/depthwise,CPU,215.4,249.6,1.158774373259053
cell_17/comb_iter_1/right/separable_3x3_1/separable_conv2d,CPU,3764.6,4053.8,1.0768209105881104
cell_17/comb_iter_1/right/separable_3x3_2/separable_conv2d/depthwise,CPU,188.1,198.2,1.0536948431685274
cell_17/comb_iter_1/right/separable_3x3_2/separable_conv2d,CPU,3771.1,3920.6,1.0396436053140994
cell_17/comb_iter_1/combine/add,CPU,64.6,77.6,1.2012383900928794
cell_17/comb_iter_2/left/AvgPool2D/AvgPool,CPU,234.5,247.0,1.0533049040511726
cell_17/comb_iter_2/left/AvgPool2D/AvgPool___tr4cell_17/comb_iter_2/combine/add,CPU,70.2,70.4,1.002849002849003
cell_17/prev_bn/FusedBatchNormV3___tr4cell_17/comb_iter_2/combine/add,CPU,177.4,219.2,1.2356257046223222
cell_17/comb_iter_2/combine/add,CPU,66.1,47.4,0.7170953101361573
cell_17/comb_iter_3/left/AvgPool2D/AvgPool,CPU,221.25,203.4,0.9193220338983051
cell_17/comb_iter_3/right/AvgPool2D/AvgPool,CPU,191.22222222222223,220.6,1.1536316095293433
cell_17/comb_iter_3/left/AvgPool2D/AvgPool___tr4cell_17/comb_iter_3/combine/add,CPU,78.5,197.4,2.5146496815286623
cell_17/comb_iter_3/right/AvgPool2D/AvgPool___tr4cell_17/comb_iter_3/combine/add,CPU,81.3,156.8,1.9286592865928662
cell_17/comb_iter_3/combine/add,CPU,47.22222222222222,68.0,1.44
cell_17/comb_iter_4/left/Relu,OpenCL,372.8,1942.0,5.209227467811159
cell_17/comb_iter_4/left/separable_3x3_1/separable_conv2d/depthwise,OpenCL,402.3333333333333,1085.8,2.6987572493786245
cell_17/comb_iter_4/left/separable_3x3_1/separable_conv2d,OpenCL,2362.8888888888887,2495.4,1.0560801279036962
cell_17/comb_iter_4/left/separable_3x3_2/separable_conv2d/depthwise,OpenCL,1230.5,600.5,0.4880130028443722
cell_17/comb_iter_4/left/separable_3x3_2/separable_conv2d,OpenCL,2415.4,2645.25,1.0951602219094145
cell_17/comb_iter_4/combine/add,OpenCL,1363.2,673.75,0.4942414906103286
cell_17/comb_iter_2/combine/add___tr4cell_17/cell_output/concat,CPU,67.9,57.8,0.8512518409425625
cell_17/comb_iter_3/combine/add___tr4cell_17/cell_output/concat,CPU,76.7,178.8,2.33116036505867
cell_17/cell_output/concat,CPU,314.1,472.75,1.5050939191340336
final_layer/Relu,CPU,340.25,390.5,1.1476855253490081
final_layer/Mean/reduction_indices,CPU,0.8888888888888888,0.2,0.22500000000000003
final_layer/Relu___tr4final_layer/Mean,CPU,1791.4,1992.25,1.1121190130624092
final_layer/Mean,CPU,543.8,484.0,0.8900331004045606
final_layer/FC/weights,CPU,0.0,0.2,0
final_layer/FC/MatMul,CPU,13627.777777777777,15308.0,1.1232939258051367
final_layer/FC/biases,CPU,0.0,0.2,0
final_layer/FC/BiasAdd,CPU,18.8,28.25,1.502659574468085
final_layer/predictions,CPU,10.777777777777779,16.75,1.554123711340206
