conv0/Conv2D,CPU,26173.222222222223,27297.0,1.0429361646126873
cell_stem_0/Relu,OpenCL,4094.6,4311.2,1.0528989400674058
cell_stem_0/1x1/Conv2D,OpenCL,19325.3,20399.3,1.055574816432345
cell_stem_0/comb_iter_1/left/MaxPool2D/MaxPool,OpenCL,2330.5555555555557,2740.6,1.1759427890345648
cell_stem_0/comb_iter_1/right/Relu,OpenCL,3791.2,5267.0,1.3892698881620595
cell_stem_0/comb_iter_1/right/separable_7x7_1/separable_conv2d/depthwise,OpenCL,22252.1,24655.5,1.1080077835350373
cell_stem_0/comb_iter_1/right/separable_7x7_1/separable_conv2d,OpenCL,5769.1,6227.0,1.0793711324123345
cell_stem_0/comb_iter_1/right/separable_7x7_2/separable_conv2d/depthwise,OpenCL,9089.1,11608.7,1.2772111650218394
cell_stem_0/comb_iter_1/right/separable_7x7_2/separable_conv2d,OpenCL,3360.9,3443.8,1.0246660120800977
cell_stem_0/comb_iter_1/left/MaxPool2D/MaxPool___tr4cell_stem_0/comb_iter_1/combine/add,OpenCL,1381.5,1333.9,0.9655446977922548
cell_stem_0/comb_iter_1/right/bn_sep_7x7_2/FusedBatchNormV3___tr4cell_stem_0/comb_iter_1/combine/add,OpenCL,1367.0,1221.8,0.8937820043891733
cell_stem_0/comb_iter_1/combine/add,OpenCL,1496.875,1440.6,0.9624050104384133
cell_stem_0/comb_iter_2/left/AvgPool2D/AvgPool,OpenCL,2297.0,2673.0,1.1636917718763604
cell_stem_0/comb_iter_2/right/Relu,OpenCL,3874.0,4592.8,1.1855446566855963
cell_stem_0/comb_iter_2/right/separable_5x5_1/separable_conv2d/depthwise,OpenCL,12685.1,12309.6,0.9703983413611245
cell_stem_0/comb_iter_2/right/separable_5x5_1/separable_conv2d,OpenCL,5379.0,5195.5,0.9658858523889199
cell_stem_0/comb_iter_2/right/separable_5x5_2/separable_conv2d/depthwise,OpenCL,5807.5,5539.2,0.953801119242359
cell_stem_0/comb_iter_2/right/separable_5x5_2/separable_conv2d,OpenCL,3916.4,3165.6,0.8082933306097436
cell_stem_0/comb_iter_2/left/AvgPool2D/AvgPool___tr4cell_stem_0/comb_iter_2/combine/add,OpenCL,1357.3333333333333,1090.8,0.8036345776031434
cell_stem_0/comb_iter_2/right/bn_sep_5x5_2/FusedBatchNormV3___tr4cell_stem_0/comb_iter_2/combine/add,OpenCL,1324.1,1012.2,0.7644437731289179
cell_stem_0/comb_iter_2/combine/add,OpenCL,1544.5,1390.5,0.9002913564260279
cell_stem_0/comb_iter_0/left/Relu,CPU,2235.5,3478.4,1.5559830015656453
cell_stem_0/comb_iter_0/left/separable_5x5_1/separable_conv2d/depthwise,CPU,5271.4,5708.2,1.082862237735706
cell_stem_0/comb_iter_0/left/separable_5x5_1/separable_conv2d,CPU,2971.5,3293.2,1.1082618206293118
cell_stem_0/comb_iter_0/left/separable_5x5_2/separable_conv2d/depthwise,CPU,4383.7,4518.7,1.0307959030043115
cell_stem_0/comb_iter_0/left/separable_5x5_2/separable_conv2d,CPU,2972.5,3115.4,1.0480740117746006
cell_stem_0/comb_iter_0/right/Relu,CPU,5206.8,11567.7,2.2216524544825997
cell_stem_0/comb_iter_0/right/separable_7x7_1/separable_conv2d/depthwise,CPU,18925.1,20079.1,1.060977220728028
cell_stem_0/comb_iter_0/right/separable_7x7_1/separable_conv2d,CPU,5744.4,5995.1,1.0436425040038997
cell_stem_0/comb_iter_0/right/separable_7x7_2/separable_conv2d/depthwise,CPU,8095.1,8110.0,1.0018406196340996
cell_stem_0/comb_iter_0/right/separable_7x7_2/separable_conv2d,CPU,3026.8,3325.3,1.0986190035681247
cell_stem_0/comb_iter_0/combine/add,CPU,845.3,977.9,1.1568673843605821
cell_stem_0/comb_iter_3/right/AvgPool2D/AvgPool,OpenCL,2193.6,2568.7,1.1709974471188913
cell_stem_0/comb_iter_3/right/AvgPool2D/AvgPool___tr4cell_stem_0/comb_iter_3/combine/add,OpenCL,1329.2,1158.8,0.8718025880228708
cell_stem_0/comb_iter_3/combine/add,OpenCL,1567.5555555555557,1344.8,0.857896229089878
cell_stem_0/comb_iter_4/left/Relu,CPU,532.4,640.5,1.2030428249436513
cell_stem_0/comb_iter_4/left/separable_3x3_1/separable_conv2d/depthwise,CPU,1432.1,1512.7,1.0562809859646674
cell_stem_0/comb_iter_4/left/separable_3x3_1/separable_conv2d,CPU,3017.2,3078.1,1.0201842768129392
cell_stem_0/comb_iter_4/left/separable_3x3_2/separable_conv2d/depthwise,CPU,1450.7,1511.7,1.0420486661611637
cell_stem_0/comb_iter_4/left/separable_3x3_2/separable_conv2d,CPU,3051.3,3063.9,1.0041293874741912
cell_stem_0/comb_iter_4/right/MaxPool2D/MaxPool,CPU,3160.1,3337.0,1.0559792411632543
cell_stem_0/comb_iter_4/left/bn_sep_3x3_2/FusedBatchNormV3___tr4cell_stem_0/comb_iter_4/combine/add,CPU,3335.7,3584.8,1.0746769793446653
cell_stem_0/comb_iter_4/right/MaxPool2D/MaxPool___tr4cell_stem_0/comb_iter_4/combine/add,CPU,3312.6,3654.6,1.1032421662742258
cell_stem_0/comb_iter_4/combine/add,CPU,833.4,957.9,1.1493880489560835
cell_stem_0/cell_output/concat,CPU,3881.4,4079.4,1.0510125212552173
cell_stem_1/Relu_1,OpenCL,2687.0,2906.3,1.08161518422032
cell_stem_1/Relu_1___tr4cell_stem_1/1x1/Conv2D,OpenCL,2411.4,2481.5,1.0290702496475077
cell_stem_1/1x1/Conv2D,OpenCL,15411.5,15566.1,1.0100314700061643
cell_stem_1/comb_iter_1/left/MaxPool2D/MaxPool,CPU,1605.5,1632.5,1.0168171909062598
cell_stem_1/Relu,CPU,5167.8,6889.5,1.3331591779867642
cell_stem_1/AvgPool2D,CPU,2234.2,3092.2,1.3840300778802257
cell_stem_1/path1_conv/Conv2D,CPU,5621.4,5989.6,1.065499697584232
cell_stem_1/Pad/paddings,CPU,1.0,0.4,0.4
cell_stem_1/Pad_Gather_Index,CPU,1.0,0.2,0.2
cell_stem_1/Pad_Gather,CPU,0.0,0.2,0
cell_stem_1/Pad,CPU,6914.111111111111,10269.9,1.4853536246323942
cell_stem_1/strided_slice/stack,CPU,1.0,0.2,0.2
cell_stem_1/strided_slice/stack_1,CPU,1.0,0.4,0.4
cell_stem_1/strided_slice/stack_2,CPU,0.0,0.5,0
cell_stem_1/Pad___tr4cell_stem_1/strided_slice,CPU,25816.666666666668,28833.2,1.116844415752098
cell_stem_1/strided_slice,CPU,7955.4,8608.0,1.0820323302410941
cell_stem_1/strided_slice___tr4cell_stem_1/AvgPool2D_1,CPU,8935.6,10933.4,1.2235775997135054
cell_stem_1/AvgPool2D_1,CPU,2294.9,2774.0,1.208767266547562
cell_stem_1/path2_conv/Conv2D,CPU,5605.0,6040.9,1.0777698483496878
cell_stem_1/concat,CPU,3133.8,3970.5,1.2669921501053034
cell_stem_1/final_path_bn/FusedBatchNormV3,CPU,1083.3,1696.8,1.5663251176959292
cell_stem_1/comb_iter_1/right/Relu,CPU,1070.4,1354.2,1.265134529147982
cell_stem_1/comb_iter_1/right/separable_7x7_1/separable_conv2d/depthwise,CPU,4790.8,4873.4,1.0172413793103448
cell_stem_1/comb_iter_1/right/separable_7x7_1/separable_conv2d,CPU,2150.6,2227.7,1.0358504603366503
cell_stem_1/comb_iter_1/right/separable_7x7_2/separable_conv2d/depthwise,CPU,4050.9000000000005,4072.8,1.00540620602829
cell_stem_1/comb_iter_1/right/separable_7x7_2/separable_conv2d,CPU,2171.2,2205.4,1.0157516580692705
cell_stem_1/comb_iter_1/left/MaxPool2D/MaxPool___tr4cell_stem_1/comb_iter_1/combine/add,CPU,1460.8,1500.6,1.0272453450164294
cell_stem_1/comb_iter_1/right/bn_sep_7x7_2/FusedBatchNormV3___tr4cell_stem_1/comb_iter_1/combine/add,CPU,1316.4,1277.7,0.9706016408386509
cell_stem_1/comb_iter_1/combine/add,CPU,395.4,457.2,1.1562974203338392
cell_stem_1/comb_iter_2/left/AvgPool2D/AvgPool,CPU,1681.6,1821.2,1.0830161750713607
cell_stem_1/comb_iter_2/right/Relu,CPU,1037.7,1278.5,1.2320516526934566
cell_stem_1/comb_iter_2/right/separable_5x5_1/separable_conv2d/depthwise,CPU,2542.5,2658.9,1.0457817109144543
cell_stem_1/comb_iter_2/right/separable_5x5_1/separable_conv2d,CPU,2178.7,2235.0,1.025841097902419
cell_stem_1/comb_iter_2/right/separable_5x5_2/separable_conv2d/depthwise,CPU,2238.7,2237.8,0.9995979809710994
cell_stem_1/comb_iter_2/right/separable_5x5_2/separable_conv2d,CPU,2137.1,2193.4,1.0263441111787002
cell_stem_1/comb_iter_2/left/AvgPool2D/AvgPool___tr4cell_stem_1/comb_iter_2/combine/add,CPU,1444.0,1528.9,1.0587950138504156
cell_stem_1/comb_iter_2/right/bn_sep_5x5_2/FusedBatchNormV3___tr4cell_stem_1/comb_iter_2/combine/add,CPU,1292.9,1437.8,1.1120736329182457
cell_stem_1/comb_iter_2/combine/add,CPU,409.8,484.3,1.1817959980478283
cell_stem_1/comb_iter_0/left/Relu,OpenCL,1564.7,2528.1,1.6157090816130886
cell_stem_1/comb_iter_0/left/separable_5x5_1/separable_conv2d/depthwise,OpenCL,3600.8,6680.0,1.855143301488558
cell_stem_1/comb_iter_0/left/separable_5x5_1/separable_conv2d,OpenCL,2710.2,3204.3,1.1823112685410673
cell_stem_1/comb_iter_0/left/separable_5x5_2/separable_conv2d/depthwise,OpenCL,2283.0,3341.9,1.463819535698642
cell_stem_1/comb_iter_0/left/separable_5x5_2/separable_conv2d,OpenCL,2835.1,3019.7,1.0651123417163415
cell_stem_1/comb_iter_0/right/Relu,OpenCL,1607.5555555555557,2155.6,1.3409178877522807
cell_stem_1/comb_iter_0/right/separable_7x7_1/separable_conv2d/depthwise,OpenCL,5794.8,6302.6,1.0876302892248222
cell_stem_1/comb_iter_0/right/separable_7x7_1/separable_conv2d,OpenCL,2789.6,3109.9,1.1148193289360482
cell_stem_1/comb_iter_0/right/separable_7x7_2/separable_conv2d/depthwise,OpenCL,3221.1,3614.1,1.122008009686132
cell_stem_1/comb_iter_0/right/separable_7x7_2/separable_conv2d,OpenCL,2675.0,2880.9,1.0769719626168224
cell_stem_1/comb_iter_0/combine/add,OpenCL,1310.3333333333333,1239.3,0.9457898753497838
cell_stem_1/comb_iter_3/right/AvgPool2D/AvgPool,CPU,1231.5,1274.7,1.0350791717417784
cell_stem_1/comb_iter_3/right/AvgPool2D/AvgPool___tr4cell_stem_1/comb_iter_3/combine/add,CPU,1154.8,1255.8,1.0874610322133702
cell_stem_1/comb_iter_3/combine/add,CPU,392.5,517.1,1.3174522292993631
cell_stem_1/comb_iter_4/left/Relu,OpenCL,1034.25,1166.4,1.1277737490935462
cell_stem_1/comb_iter_4/left/separable_3x3_1/separable_conv2d/depthwise,OpenCL,1597.7777777777778,2156.9,1.3499374130737134
cell_stem_1/comb_iter_4/left/separable_3x3_1/separable_conv2d,OpenCL,2768.1,2688.8,0.9713521910335611
cell_stem_1/comb_iter_4/left/separable_3x3_2/separable_conv2d/depthwise,OpenCL,1682.111111111111,1933.8,1.149626791729969
cell_stem_1/comb_iter_4/left/separable_3x3_2/separable_conv2d,OpenCL,2774.1111111111113,2567.9,0.9256658789602275
cell_stem_1/comb_iter_4/right/MaxPool2D/MaxPool,OpenCL,1753.125,1936.4,1.104541889483066
cell_stem_1/comb_iter_4/left/bn_sep_3x3_2/FusedBatchNormV3___tr4cell_stem_1/comb_iter_4/combine/add,OpenCL,987.375,1565.9,1.5859222686416004
cell_stem_1/comb_iter_4/right/MaxPool2D/MaxPool___tr4cell_stem_1/comb_iter_4/combine/add,OpenCL,944.2857142857143,867.7,0.9188956127080181
cell_stem_1/comb_iter_4/combine/add,OpenCL,1298.3333333333333,1091.1,0.840385109114249
cell_stem_1/cell_output/concat,CPU,1700.0,1646.7,0.9686470588235294
cell_1/Relu,CPU,1183.7,1598.6,1.3505111092337585
cell_1/Relu___tr4cell_1/prev_1x1/Conv2D,CPU,2104.3,2820.1,1.3401606234852443
cell_1/prev_1x1/Conv2D,CPU,16405.6,19544.8,1.1913492953625593
cell_0/Relu,CPU,2307.4444444444443,2776.4,1.20323590311552
cell_0/Relu___tr4cell_0/AvgPool2D,CPU,3609.7,4613.7,1.2781394575726515
cell_0/AvgPool2D,CPU,1243.3,1534.4,1.2341349634038448
cell_0/path1_conv/Conv2D,CPU,4207.0,4291.6,1.020109341573568
cell_0/Pad/paddings,CPU,0.0,0.3,0
cell_0/Pad,CPU,3348.2,4050.5,1.2097544949525119
cell_0/strided_slice/stack,CPU,1.0,0.3,0.3
cell_0/strided_slice/stack_1,CPU,0.9,0.1,0.11111111111111112
cell_0/strided_slice/stack_2,CPU,0.9,0.2,0.22222222222222224
cell_0/strided_slice,CPU,3481.6,3750.8,1.0773207720588236
cell_0/strided_slice___tr4cell_0/AvgPool2D_1,CPU,3561.6,4143.1,1.1632693171608268
cell_0/AvgPool2D_1,CPU,1230.8,1355.3,1.101153721156971
cell_0/path2_conv/Conv2D,CPU,4090.7999999999997,4187.6,1.0236628532316419
cell_0/concat,CPU,604.6,734.9,1.2155143896791265
cell_0/final_path_bn/FusedBatchNormV3,CPU,577.6,687.9,1.1909626038781163
cell_0/Relu_1,OpenCL,1715.0,1715.9,1.000524781341108
cell_0/Relu_1___tr4cell_0/1x1/Conv2D,OpenCL,1785.3333333333333,1566.7,0.8775392083644511
cell_0/1x1/Conv2D,OpenCL,13807.2,14080.1,1.0197650501187785
cell_0/comb_iter_0/left/Relu,OpenCL,1472.6666666666667,1033.1,0.7015165233137165
cell_0/comb_iter_0/left/separable_5x5_1/separable_conv2d/depthwise,OpenCL,3862.8,3493.7,0.9044475509992751
cell_0/comb_iter_0/left/separable_5x5_1/separable_conv2d,OpenCL,7678.8,7360.3,0.9585221649216024
cell_0/comb_iter_0/left/separable_5x5_2/separable_conv2d/depthwise,OpenCL,3890.8,3621.9,0.9308882492032486
cell_0/comb_iter_0/left/separable_5x5_2/separable_conv2d,OpenCL,7724.7,7356.8,0.9523735549600633
cell_0/comb_iter_0/right/Relu,OpenCL,1365.3333333333333,1116.3,0.8176025390625
cell_0/comb_iter_0/right/separable_3x3_1/separable_conv2d/depthwise,OpenCL,2423.7,2082.6,0.8592647604901597
cell_0/comb_iter_0/right/separable_3x3_1/separable_conv2d,OpenCL,7703.0,7444.8,0.9664805919771517
cell_0/comb_iter_0/right/separable_3x3_2/separable_conv2d/depthwise,OpenCL,2397.5714285714284,2079.2,0.8672108681403801
cell_0/comb_iter_0/right/separable_3x3_2/separable_conv2d,OpenCL,7672.1,7389.6,0.9631782693134865
cell_0/comb_iter_0/combine/add,OpenCL,1754.0,1559.6,0.8891676168757126
cell_0/comb_iter_1/left/Relu,CPU,620.1,742.2,1.196903725205612
cell_0/comb_iter_1/left/separable_5x5_1/separable_conv2d/depthwise,CPU,4395.8,4342.0,0.9877610446335138
cell_0/comb_iter_1/left/separable_5x5_1/separable_conv2d,CPU,7876.2,7990.9,1.0145628602625631
cell_0/comb_iter_1/left/separable_5x5_2/separable_conv2d/depthwise,CPU,4353.9,4307.8,0.9894117917269576
cell_0/comb_iter_1/left/separable_5x5_2/separable_conv2d,CPU,7841.0,7926.1,1.0108532074990435
cell_0/comb_iter_1/right/Relu,CPU,701.0,766.9,1.0940085592011413
cell_0/comb_iter_1/right/separable_3x3_1/separable_conv2d/depthwise,CPU,1360.2,1354.1,0.9955153653874429
cell_0/comb_iter_1/right/separable_3x3_1/separable_conv2d,CPU,7853.9,7988.8,1.017176179987013
cell_0/comb_iter_1/right/separable_3x3_2/separable_conv2d/depthwise,CPU,1356.0,1360.8,1.0035398230088495
cell_0/comb_iter_1/right/separable_3x3_2/separable_conv2d,CPU,7789.6,8004.3,1.027562390880148
cell_0/comb_iter_1/combine/add,CPU,872.3333333333334,1004.6,1.1516239969430646
cell_0/comb_iter_2/left/AvgPool2D/AvgPool,CPU,2417.6,2409.3,0.9965668431502317
cell_0/comb_iter_2/left/AvgPool2D/AvgPool___tr4cell_0/comb_iter_2/combine/add,CPU,2816.5,2802.8,0.9951358068524765
cell_0/final_path_bn/FusedBatchNormV3___tr4cell_0/comb_iter_2/combine/add,CPU,3086.9,2909.4,0.9424989471638213
cell_0/comb_iter_2/combine/add,CPU,821.9,826.3,1.0053534493247354
cell_0/comb_iter_3/left/AvgPool2D/AvgPool,CPU,2410.5,2393.5,0.9929475212611492
cell_0/comb_iter_3/right/AvgPool2D/AvgPool,CPU,2445.5,2392.5,0.9783275403802904
cell_0/comb_iter_3/left/AvgPool2D/AvgPool___tr4cell_0/comb_iter_3/combine/add,CPU,2979.1,2940.0,0.986875230774395
cell_0/comb_iter_3/right/AvgPool2D/AvgPool___tr4cell_0/comb_iter_3/combine/add,CPU,2963.0,2949.4,0.9954100573742829
cell_0/comb_iter_3/combine/add,CPU,797.6,877.9,1.1006770310932799
cell_0/comb_iter_4/left/Relu,OpenCL,1362.0,1572.2,1.1543318649045522
cell_0/comb_iter_4/left/separable_3x3_1/separable_conv2d/depthwise,OpenCL,2371.6,3251.5,1.3710153482880756
cell_0/comb_iter_4/left/separable_3x3_1/separable_conv2d,OpenCL,7773.4,7519.1,0.9672858723338565
cell_0/comb_iter_4/left/separable_3x3_2/separable_conv2d/depthwise,OpenCL,2476.6666666666665,3826.0,1.5448183041722747
cell_0/comb_iter_4/left/separable_3x3_2/separable_conv2d,OpenCL,7640.8,7401.9,0.9687336404564967
cell_0/comb_iter_4/combine/add,OpenCL,1676.2,1680.3,1.0024460088294953
cell_0/comb_iter_2/combine/add___tr4cell_0/cell_output/concat,CPU,958.0,1030.1,1.075260960334029
cell_0/comb_iter_3/combine/add___tr4cell_0/cell_output/concat,CPU,1075.8,1026.0,0.9537088678192973
cell_0/cell_output/concat,CPU,3274.4,3482.8,1.0636452479843637
cell_1/Relu_1,OpenCL,7824.4,8818.9,1.127102397627933
cell_1/1x1/Conv2D,OpenCL,39292.7,39581.6,1.007352510771721
cell_1/comb_iter_0/left/Relu,OpenCL,1656.5,1880.2,1.1350437669785693
cell_1/comb_iter_0/left/separable_5x5_1/separable_conv2d/depthwise,OpenCL,3921.9,3872.9,0.9875060557382901
cell_1/comb_iter_0/left/separable_5x5_1/separable_conv2d,OpenCL,7684.1,7420.5,0.9656953969885868
cell_1/comb_iter_0/left/separable_5x5_2/separable_conv2d/depthwise,OpenCL,4007.7,3577.7,0.892706539910672
cell_1/comb_iter_0/left/separable_5x5_2/separable_conv2d,OpenCL,7719.5,7301.7,0.9458773236608589
cell_1/comb_iter_0/right/Relu,OpenCL,1382.2,2849.8,2.0617855592533645
cell_1/comb_iter_0/right/separable_3x3_1/separable_conv2d/depthwise,OpenCL,2388.4,2458.0,1.0291408474292414
cell_1/comb_iter_0/right/separable_3x3_1/separable_conv2d,OpenCL,7680.8,7313.0,0.9521143630871785
cell_1/comb_iter_0/right/separable_3x3_2/separable_conv2d/depthwise,OpenCL,2408.0,2387.1,0.9913205980066445
cell_1/comb_iter_0/right/separable_3x3_2/separable_conv2d,OpenCL,7687.6,7444.3,0.9683516311982934
cell_1/comb_iter_0/combine/add,OpenCL,1633.9,2378.5,1.4557194442744352
cell_1/comb_iter_1/left/Relu,CPU,595.9,639.3,1.0728310119147508
cell_1/comb_iter_1/left/separable_5x5_1/separable_conv2d/depthwise,CPU,4389.7,4337.5,0.9881085267785954
cell_1/comb_iter_1/left/separable_5x5_1/separable_conv2d,CPU,7804.3,8401.8,1.076560357751496
cell_1/comb_iter_1/left/separable_5x5_2/separable_conv2d/depthwise,CPU,4335.3,4348.1,1.0029525061702766
cell_1/comb_iter_1/left/separable_5x5_2/separable_conv2d,CPU,7828.4,7995.2,1.0213070359204945
cell_1/comb_iter_1/right/Relu,CPU,635.3333333333334,716.4,1.1275970619097586
cell_1/comb_iter_1/right/separable_3x3_1/separable_conv2d/depthwise,CPU,1315.2,1324.2,1.0068430656934306
cell_1/comb_iter_1/right/separable_3x3_1/separable_conv2d,CPU,8007.6,7945.7,0.9922698436485339
cell_1/comb_iter_1/right/separable_3x3_2/separable_conv2d/depthwise,CPU,1340.3,1340.1,0.9998507796761918
cell_1/comb_iter_1/right/separable_3x3_2/separable_conv2d,CPU,7825.1,7932.1,1.0136739466588287
cell_1/comb_iter_1/combine/add,CPU,884.8,970.8,1.0971971066907775
cell_1/comb_iter_2/left/AvgPool2D/AvgPool,OpenCL,2350.7,3399.4,1.4461224316161145
cell_1/comb_iter_2/left/AvgPool2D/AvgPool___tr4cell_1/comb_iter_2/combine/add,OpenCL,1318.8,1643.8,1.2464361540794662
cell_1/prev_bn/FusedBatchNormV3___tr4cell_1/comb_iter_2/combine/add,CPU,2879.6,2634.6,0.9149187387137102
cell_1/comb_iter_2/combine/add,OpenCL,1670.0,1436.9,0.8604191616766468
cell_1/comb_iter_3/left/AvgPool2D/AvgPool,CPU,2420.2,2414.6,0.9976861416411867
cell_1/comb_iter_3/right/AvgPool2D/AvgPool,CPU,2359.4,2391.0,1.0133932355683648
cell_1/comb_iter_3/left/AvgPool2D/AvgPool___tr4cell_1/comb_iter_3/combine/add,CPU,2913.8,2991.1,1.0265289312924701
cell_1/comb_iter_3/right/AvgPool2D/AvgPool___tr4cell_1/comb_iter_3/combine/add,CPU,2977.9,2964.0,0.9953322811377144
cell_1/comb_iter_3/combine/add,CPU,782.4,858.9,1.0977760736196318
cell_1/comb_iter_4/left/Relu,CPU,585.5,655.9,1.1202391118701964
cell_1/comb_iter_4/left/separable_3x3_1/separable_conv2d/depthwise,CPU,1319.6,1340.2,1.015610791148833
cell_1/comb_iter_4/left/separable_3x3_1/separable_conv2d,CPU,7777.8,8001.4,1.0287484892900305
cell_1/comb_iter_4/left/separable_3x3_2/separable_conv2d/depthwise,CPU,1326.3,1337.7,1.0085953404207193
cell_1/comb_iter_4/left/separable_3x3_2/separable_conv2d,CPU,7775.0,7995.7,1.0283858520900322
cell_1/comb_iter_4/combine/add,CPU,833.8,1045.3,1.2536579515471336
cell_1/comb_iter_2/combine/add___tr4cell_1/cell_output/concat,OpenCL,1226.111111111111,1162.0,0.9477118260081558
cell_1/comb_iter_3/combine/add___tr4cell_1/cell_output/concat,CPU,994.4,1078.2,1.084271922767498
cell_1/cell_output/concat,CPU,3408.3,4096.9,1.2020362057330631
cell_3/Relu,OpenCL,7827.3,10135.3,1.29486540697303
cell_3/prev_1x1/Conv2D,OpenCL,39230.3,39373.7,1.0036553378383544
cell_2/Relu,OpenCL,8470.7,12410.3,1.4650855301214774
cell_2/prev_1x1/Conv2D,OpenCL,39190.4,39894.2,1.0179584796276637
cell_2/Relu_1,CPU,3580.8,4396.9,1.2279099642537978
cell_2/1x1/Conv2D,CPU,57418.3,61121.1,1.0644881509901896
cell_2/comb_iter_0/left/Relu,OpenCL,1862.5555555555557,1093.1,0.5868818230626975
cell_2/comb_iter_0/left/separable_5x5_1/separable_conv2d/depthwise,OpenCL,3919.4,4443.7,1.1337704750727151
cell_2/comb_iter_0/left/separable_5x5_1/separable_conv2d,OpenCL,7697.6,7918.4,1.0286842652255248
cell_2/comb_iter_0/left/separable_5x5_2/separable_conv2d/depthwise,OpenCL,3864.1,4168.6,1.078802308428871
cell_2/comb_iter_0/left/separable_5x5_2/separable_conv2d,OpenCL,7648.7,7396.7,0.9670532247310001
cell_2/comb_iter_0/right/Relu,OpenCL,1383.7,1130.7,0.817156898171569
cell_2/comb_iter_0/right/separable_3x3_1/separable_conv2d/depthwise,OpenCL,2419.2,2076.9,0.8585069444444445
cell_2/comb_iter_0/right/separable_3x3_1/separable_conv2d,OpenCL,7784.0,7341.8,0.9431911613566291
cell_2/comb_iter_0/right/separable_3x3_2/separable_conv2d/depthwise,OpenCL,2416.3,2084.2,0.862558457145222
cell_2/comb_iter_0/right/separable_3x3_2/separable_conv2d,OpenCL,7723.8,7322.2,0.9480048680701209
cell_2/comb_iter_0/combine/add,OpenCL,1636.125,2535.8,1.549881579952632
cell_2/comb_iter_1/left/Relu,CPU,603.6666666666666,723.1,1.1978464936499174
cell_2/comb_iter_1/left/separable_5x5_1/separable_conv2d/depthwise,CPU,4360.0,4339.7,0.9953440366972477
cell_2/comb_iter_1/left/separable_5x5_1/separable_conv2d,CPU,7896.6,7866.3,0.9961629055542892
cell_2/comb_iter_1/left/separable_5x5_2/separable_conv2d/depthwise,CPU,4349.9,4361.6,1.0026897170049889
cell_2/comb_iter_1/left/separable_5x5_2/separable_conv2d,CPU,7796.2,8183.7,1.0497037018034427
cell_2/comb_iter_1/right/Relu,CPU,682.9,706.2,1.0341191975399036
cell_2/comb_iter_1/right/separable_3x3_1/separable_conv2d/depthwise,CPU,1378.6,1362.7,0.9884665602785435
cell_2/comb_iter_1/right/separable_3x3_1/separable_conv2d,CPU,7820.6,7997.1,1.022568600874613
cell_2/comb_iter_1/right/separable_3x3_2/separable_conv2d/depthwise,CPU,1335.4,1361.0,1.019170286056612
cell_2/comb_iter_1/right/separable_3x3_2/separable_conv2d,CPU,7826.9,8007.1,1.0230231637046596
cell_2/comb_iter_1/combine/add,CPU,895.4,925.0,1.0330578512396695
cell_2/comb_iter_2/left/AvgPool2D/AvgPool,OpenCL,2352.9,3079.3,1.3087254026945472
cell_2/comb_iter_2/left/AvgPool2D/AvgPool___tr4cell_2/comb_iter_2/combine/add,OpenCL,1334.4,1112.6,0.833782973621103
cell_2/prev_bn/FusedBatchNormV3___tr4cell_2/comb_iter_2/combine/add,OpenCL,1252.5,2439.3,1.947544910179641
cell_2/comb_iter_2/combine/add,OpenCL,1650.888888888889,1594.3,0.9657221698748149
cell_2/comb_iter_3/left/AvgPool2D/AvgPool,OpenCL,2311.0,2243.1,0.9706187797490263
cell_2/comb_iter_3/right/AvgPool2D/AvgPool,OpenCL,2397.1,2309.2,0.9633306912519294
cell_2/comb_iter_3/left/AvgPool2D/AvgPool___tr4cell_2/comb_iter_3/combine/add,OpenCL,1345.9,1076.2,0.7996136414295267
cell_2/comb_iter_3/right/AvgPool2D/AvgPool___tr4cell_2/comb_iter_3/combine/add,OpenCL,1336.2,1070.4,0.8010776829815897
cell_2/comb_iter_3/combine/add,OpenCL,1659.3333333333333,1373.8,0.8279228605865809
cell_2/comb_iter_4/left/Relu,CPU,613.8,694.2,1.130987292277615
cell_2/comb_iter_4/left/separable_3x3_1/separable_conv2d/depthwise,CPU,1327.5,1331.5,1.0030131826741997
cell_2/comb_iter_4/left/separable_3x3_1/separable_conv2d,CPU,7809.1,8002.3,1.0247403670077218
cell_2/comb_iter_4/left/separable_3x3_2/separable_conv2d/depthwise,CPU,1339.6,1390.8,1.0382203642878471
cell_2/comb_iter_4/left/separable_3x3_2/separable_conv2d,CPU,7763.8,8026.6,1.0338494036425463
cell_2/comb_iter_4/combine/add,CPU,848.3,1019.1,1.2013438641989862
cell_2/comb_iter_2/combine/add___tr4cell_2/cell_output/concat,OpenCL,1386.9,1076.8,0.7764078159925012
cell_2/comb_iter_3/combine/add___tr4cell_2/cell_output/concat,OpenCL,1357.3,1105.3,0.814337287261475
cell_2/cell_output/concat,OpenCL,5446.9,4938.4,0.9066441462116066
cell_3/Relu_1,CPU,3532.8888888888887,4480.7,1.268282173858347
cell_3/1x1/Conv2D,CPU,57273.5,61912.4,1.0809955738692414
cell_3/comb_iter_0/left/Relu,OpenCL,2005.9999999999998,1161.8,0.5791625124626122
cell_3/comb_iter_0/left/separable_5x5_1/separable_conv2d/depthwise,OpenCL,3921.4,3493.9,0.8909828122609272
cell_3/comb_iter_0/left/separable_5x5_1/separable_conv2d,OpenCL,7693.3,7399.6,0.9618239247137119
cell_3/comb_iter_0/left/separable_5x5_2/separable_conv2d/depthwise,OpenCL,3848.0,3952.1,1.0270530145530146
cell_3/comb_iter_0/left/separable_5x5_2/separable_conv2d,OpenCL,7733.5,7553.8,0.9767634318225901
cell_3/comb_iter_0/right/Relu,OpenCL,1354.3,1078.3,0.7962046813852175
cell_3/comb_iter_0/right/separable_3x3_1/separable_conv2d/depthwise,OpenCL,2406.6,2285.6,0.9497215989362586
cell_3/comb_iter_0/right/separable_3x3_1/separable_conv2d,OpenCL,7692.1,7431.3,0.9660950845672833
cell_3/comb_iter_0/right/separable_3x3_2/separable_conv2d/depthwise,OpenCL,2443.5,4023.1,1.6464497646818088
cell_3/comb_iter_0/right/separable_3x3_2/separable_conv2d,OpenCL,7711.8,7593.2,0.9846209704608522
cell_3/comb_iter_0/combine/add,OpenCL,1702.5555555555557,2842.3,1.669431573451674
cell_3/comb_iter_1/left/Relu,CPU,583.6,814.4,1.395476353666895
cell_3/comb_iter_1/left/separable_5x5_1/separable_conv2d/depthwise,CPU,4351.9,4344.2,0.9982306578735725
cell_3/comb_iter_1/left/separable_5x5_1/separable_conv2d,CPU,7812.9,7961.6,1.019032625529573
cell_3/comb_iter_1/left/separable_5x5_2/separable_conv2d/depthwise,CPU,4352.4,4310.6,0.9903961032993293
cell_3/comb_iter_1/left/separable_5x5_2/separable_conv2d,CPU,7803.8,8010.5,1.026487096030139
cell_3/comb_iter_1/right/Relu,CPU,610.4,805.8,1.3201179554390563
cell_3/comb_iter_1/right/separable_3x3_1/separable_conv2d/depthwise,CPU,1322.0,1369.6,1.0360060514372162
cell_3/comb_iter_1/right/separable_3x3_1/separable_conv2d,CPU,7876.4,8059.7,1.0232720532222843
cell_3/comb_iter_1/right/separable_3x3_2/separable_conv2d/depthwise,CPU,1349.1,1391.7,1.03157660662664
cell_3/comb_iter_1/right/separable_3x3_2/separable_conv2d,CPU,8016.999999999999,8053.4,1.004540351752526
cell_3/comb_iter_1/combine/add,CPU,964.9,944.5,0.9788579127370712
cell_3/comb_iter_2/left/AvgPool2D/AvgPool,OpenCL,2391.7,3054.7,1.277208680018397
cell_3/comb_iter_2/left/AvgPool2D/AvgPool___tr4cell_3/comb_iter_2/combine/add,OpenCL,1364.6,1512.5,1.1083834090575995
cell_3/prev_bn/FusedBatchNormV3___tr4cell_3/comb_iter_2/combine/add,OpenCL,1349.5,1115.0,0.8262319377547239
cell_3/comb_iter_2/combine/add,OpenCL,1630.125,1502.5,0.921708457940342
cell_3/comb_iter_3/left/AvgPool2D/AvgPool,OpenCL,2352.6,3070.4,1.3051092408399219
cell_3/comb_iter_3/right/AvgPool2D/AvgPool,OpenCL,2319.1,2292.6,0.9885731533784657
cell_3/comb_iter_3/left/AvgPool2D/AvgPool___tr4cell_3/comb_iter_3/combine/add,OpenCL,1331.1,3403.2,2.5566824430921793
cell_3/comb_iter_3/right/AvgPool2D/AvgPool___tr4cell_3/comb_iter_3/combine/add,OpenCL,1242.25,1986.1,1.598792513584222
cell_3/comb_iter_3/combine/add,OpenCL,1670.6666666666667,2240.6,1.341141260973663
cell_3/comb_iter_4/left/Relu,CPU,590.0,702.2,1.1901694915254237
cell_3/comb_iter_4/left/separable_3x3_1/separable_conv2d/depthwise,CPU,1326.1,1353.2,1.0204358645652667
cell_3/comb_iter_4/left/separable_3x3_1/separable_conv2d,CPU,7794.5,8005.7,1.027096029251395
cell_3/comb_iter_4/left/separable_3x3_2/separable_conv2d/depthwise,CPU,1341.5,1375.6,1.0254193067461796
cell_3/comb_iter_4/left/separable_3x3_2/separable_conv2d,CPU,7823.3,7956.7,1.0170516278296882
cell_3/comb_iter_4/combine/add,CPU,866.2,945.3,1.091318402216578
cell_3/comb_iter_2/combine/add___tr4cell_3/cell_output/concat,OpenCL,1408.4,1086.9,0.7717267821641579
cell_3/comb_iter_3/combine/add___tr4cell_3/cell_output/concat,OpenCL,1321.3333333333333,1119.2,0.8470232088799193
cell_3/cell_output/concat,OpenCL,5381.3,5045.7,0.9376358872391429
cell_5/Relu,OpenCL,7884.7,9531.1,1.2088094664349944
cell_5/prev_1x1/Conv2D,OpenCL,39301.9,39579.1,1.0070530941252203
cell_4/Relu,OpenCL,8480.1,10920.5,1.2877796252402682
cell_4/prev_1x1/Conv2D,OpenCL,39220.7,39744.4,1.0133526428646098
cell_4/Relu_1,CPU,3610.7,4528.2,1.2541058520508488
cell_4/1x1/Conv2D,CPU,57867.4,62961.4,1.0880288383442145
cell_4/comb_iter_0/left/Relu,CPU,605.1,709.5,1.1725334655428854
cell_4/comb_iter_0/left/separable_5x5_1/separable_conv2d/depthwise,CPU,4341.3,4336.7,0.9989404095547416
cell_4/comb_iter_0/left/separable_5x5_1/separable_conv2d,CPU,7777.8,7909.0,1.0168685232327908
cell_4/comb_iter_0/left/separable_5x5_2/separable_conv2d/depthwise,CPU,4344.6,4355.8,1.002577912811306
cell_4/comb_iter_0/left/separable_5x5_2/separable_conv2d,CPU,7860.9,7994.6,1.0170082306097268
cell_4/comb_iter_0/right/Relu,CPU,707.2,819.6,1.1589366515837103
cell_4/comb_iter_0/right/separable_3x3_1/separable_conv2d/depthwise,CPU,1392.2,1331.3,0.9562562850165206
cell_4/comb_iter_0/right/separable_3x3_1/separable_conv2d,CPU,8058.0,8057.8,0.9999751799453959
cell_4/comb_iter_0/right/separable_3x3_2/separable_conv2d/depthwise,CPU,1354.6,1366.1,1.0084895910231804
cell_4/comb_iter_0/right/separable_3x3_2/separable_conv2d,CPU,7841.2,7956.4,1.0146916288323216
cell_4/comb_iter_0/combine/add,CPU,920.5,981.4,1.0661596958174904
cell_4/comb_iter_1/left/Relu,OpenCL,1355.4444444444443,1069.4,0.7889663087138291
cell_4/comb_iter_1/left/separable_5x5_1/separable_conv2d/depthwise,OpenCL,3948.0,3483.1,0.8822441742654509
cell_4/comb_iter_1/left/separable_5x5_1/separable_conv2d,OpenCL,7733.9,7522.8,0.9727045863018658
cell_4/comb_iter_1/left/separable_5x5_2/separable_conv2d/depthwise,OpenCL,4392.5,4711.7,1.0726693227091633
cell_4/comb_iter_1/left/separable_5x5_2/separable_conv2d,OpenCL,7746.4,8617.2,1.1124135082102655
cell_4/comb_iter_1/right/Relu,OpenCL,1413.6,3695.9,2.614530277306169
cell_4/comb_iter_1/right/separable_3x3_1/separable_conv2d/depthwise,OpenCL,2433.0,2520.9,1.0361282367447595
cell_4/comb_iter_1/right/separable_3x3_1/separable_conv2d,OpenCL,7692.9,7979.0,1.0371901363595004
cell_4/comb_iter_1/right/separable_3x3_2/separable_conv2d/depthwise,OpenCL,2449.1,2944.1,1.202115062676085
cell_4/comb_iter_1/right/separable_3x3_2/separable_conv2d,OpenCL,7721.0,7368.3,0.9543193886802228
cell_4/comb_iter_1/combine/add,OpenCL,1756.3,3243.1,1.8465524113192506
cell_4/comb_iter_2/left/AvgPool2D/AvgPool,OpenCL,2380.3,2217.0,0.9313952022854262
cell_4/comb_iter_2/left/AvgPool2D/AvgPool___tr4cell_4/comb_iter_2/combine/add,OpenCL,1315.3333333333333,1052.9,0.8004815002534214
cell_4/prev_bn/FusedBatchNormV3___tr4cell_4/comb_iter_2/combine/add,OpenCL,1373.1,1411.2,1.0277474328162552
cell_4/comb_iter_2/combine/add,OpenCL,1712.5555555555557,1336.9,0.7806462077467073
cell_4/comb_iter_3/left/AvgPool2D/AvgPool,OpenCL,2402.8,2465.9,1.0262610287997336
cell_4/comb_iter_3/right/AvgPool2D/AvgPool,OpenCL,2403.4,2635.2,1.0964467005076142
cell_4/comb_iter_3/left/AvgPool2D/AvgPool___tr4cell_4/comb_iter_3/combine/add,OpenCL,1349.2,1097.1,0.8131485324636821
cell_4/comb_iter_3/right/AvgPool2D/AvgPool___tr4cell_4/comb_iter_3/combine/add,OpenCL,1337.5,1927.8,1.4413457943925234
cell_4/comb_iter_3/combine/add,OpenCL,1654.7777777777778,1388.2,0.8389041831733028
cell_4/comb_iter_4/left/Relu,CPU,600.7,703.6,1.1713001498252038
cell_4/comb_iter_4/left/separable_3x3_1/separable_conv2d/depthwise,CPU,1319.0,1361.7,1.0323730098559516
cell_4/comb_iter_4/left/separable_3x3_1/separable_conv2d,CPU,7745.0,8027.8,1.0365138799225306
cell_4/comb_iter_4/left/separable_3x3_2/separable_conv2d/depthwise,CPU,1340.9,1341.7,1.0005966142143337
cell_4/comb_iter_4/left/separable_3x3_2/separable_conv2d,CPU,7743.7,7888.8,1.0187378126735283
cell_4/comb_iter_4/combine/add,CPU,830.0,875.4,1.054698795180723
cell_4/comb_iter_2/combine/add___tr4cell_4/cell_output/concat,OpenCL,1398.5,1040.6,0.7440829460135859
cell_4/comb_iter_3/combine/add___tr4cell_4/cell_output/concat,OpenCL,1371.1,1095.2,0.7987747064400846
cell_4/cell_output/concat,OpenCL,5353.9,5092.0,0.9510823885391958
cell_5/Relu_1,CPU,3566.5,3580.1,1.0038132623019766
cell_5/1x1/Conv2D,CPU,57441.9,58701.7,1.0219317257959781
cell_5/comb_iter_0/left/Relu,OpenCL,2044.4,2063.5,1.009342594404226
cell_5/comb_iter_0/left/separable_5x5_1/separable_conv2d/depthwise,OpenCL,3950.2,3919.2,0.9921522960862741
cell_5/comb_iter_0/left/separable_5x5_1/separable_conv2d,OpenCL,7770.8,7759.8,0.9985844443300561
cell_5/comb_iter_0/left/separable_5x5_2/separable_conv2d/depthwise,OpenCL,3917.3,5725.4,1.461567916677303
cell_5/comb_iter_0/left/separable_5x5_2/separable_conv2d,OpenCL,7720.3,7336.4,0.9502739530847246
cell_5/comb_iter_0/right/Relu,OpenCL,1378.3,1078.0,0.782122905027933
cell_5/comb_iter_0/right/separable_3x3_1/separable_conv2d/depthwise,OpenCL,2416.2,2114.5,0.8751345087327209
cell_5/comb_iter_0/right/separable_3x3_1/separable_conv2d,OpenCL,7723.3,7378.3,0.9553299755285953
cell_5/comb_iter_0/right/separable_3x3_2/separable_conv2d/depthwise,OpenCL,2369.9,2089.8,0.8818093590446855
cell_5/comb_iter_0/right/separable_3x3_2/separable_conv2d,OpenCL,7644.4,7556.4,0.9884883051645649
cell_5/comb_iter_0/combine/add,OpenCL,1684.3,1374.7,0.8161847651843497
cell_5/comb_iter_1/left/Relu,CPU,606.8888888888889,799.5,1.3173745880629806
cell_5/comb_iter_1/left/separable_5x5_1/separable_conv2d/depthwise,CPU,4359.5,4329.0,0.9930037848377108
cell_5/comb_iter_1/left/separable_5x5_1/separable_conv2d,CPU,7908.3,7906.8,0.9998103258601723
cell_5/comb_iter_1/left/separable_5x5_2/separable_conv2d/depthwise,CPU,4357.3,4325.1,0.9926101025864641
cell_5/comb_iter_1/left/separable_5x5_2/separable_conv2d,CPU,7903.8,8028.7,1.0158025253675447
cell_5/comb_iter_1/right/Relu,CPU,633.125,670.3,1.0587166831194472
cell_5/comb_iter_1/right/separable_3x3_1/separable_conv2d/depthwise,CPU,1310.8,1340.9,1.022963075984132
cell_5/comb_iter_1/right/separable_3x3_1/separable_conv2d,CPU,7836.5,7974.0,1.017546098385759
cell_5/comb_iter_1/right/separable_3x3_2/separable_conv2d/depthwise,CPU,1344.3,1400.1,1.0415085918321803
cell_5/comb_iter_1/right/separable_3x3_2/separable_conv2d,CPU,7887.9,8080.0,1.0243537570202463
cell_5/comb_iter_1/combine/add,CPU,976.7,898.5,0.9199344732261697
cell_5/comb_iter_2/left/AvgPool2D/AvgPool,OpenCL,2400.8,2248.4,0.9365211596134622
cell_5/comb_iter_2/left/AvgPool2D/AvgPool___tr4cell_5/comb_iter_2/combine/add,OpenCL,1357.4,1096.9,0.8080889936643584
cell_5/prev_bn/FusedBatchNormV3___tr4cell_5/comb_iter_2/combine/add,OpenCL,1359.0,1386.4,1.0201618837380428
cell_5/comb_iter_2/combine/add,OpenCL,1694.6,1378.4,0.8134072937566388
cell_5/comb_iter_3/left/AvgPool2D/AvgPool,OpenCL,2368.0,2228.3,0.9410050675675676
cell_5/comb_iter_3/right/AvgPool2D/AvgPool,OpenCL,2418.3,2355.2,0.9739072902452134
cell_5/comb_iter_3/left/AvgPool2D/AvgPool___tr4cell_5/comb_iter_3/combine/add,OpenCL,1389.1,1155.2,0.831617594125693
cell_5/comb_iter_3/right/AvgPool2D/AvgPool___tr4cell_5/comb_iter_3/combine/add,OpenCL,1368.1,1116.3,0.8159491265258387
cell_5/comb_iter_3/combine/add,OpenCL,1679.5555555555557,1342.2,0.7991399841227838
cell_5/comb_iter_4/left/Relu,CPU,586.3333333333334,612.7,1.044968732234224
cell_5/comb_iter_4/left/separable_3x3_1/separable_conv2d/depthwise,CPU,1308.4,1343.5,1.0268266585142158
cell_5/comb_iter_4/left/separable_3x3_1/separable_conv2d,CPU,7869.5,7932.4,1.0079928839189274
cell_5/comb_iter_4/left/separable_3x3_2/separable_conv2d/depthwise,CPU,1333.0,1333.4,1.0003000750187547
cell_5/comb_iter_4/left/separable_3x3_2/separable_conv2d,CPU,7823.6,7897.0,1.0093818702387647
cell_5/comb_iter_4/combine/add,CPU,847.0,840.2,0.9919716646989375
cell_5/comb_iter_2/combine/add___tr4cell_5/cell_output/concat,OpenCL,1358.6666666666667,1085.5,0.798945044160942
cell_5/comb_iter_3/combine/add___tr4cell_5/cell_output/concat,OpenCL,1362.1,1060.5,0.7785771969752588
cell_5/cell_output/concat,OpenCL,5392.6,5001.6,0.9274932314653414
reduction_cell_0/Relu_1,OpenCL,7962.8,9395.5,1.1799241472848747
reduction_cell_0/1x1/Conv2D,OpenCL,76131.0,78641.9,1.0329813085339743
reduction_cell_0/comb_iter_1/left/MaxPool2D/MaxPool,CPU,1985.6,2046.4,1.0306204673650283
reduction_cell_0/Relu,CPU,3552.3,4478.5,1.2607324831799116
reduction_cell_0/prev_1x1/Conv2D,CPU,117407.9,101853.5,0.8675182845447368
reduction_cell_0/comb_iter_1/right/Relu,CPU,1191.7,1278.4,1.072753209700428
reduction_cell_0/comb_iter_1/right/separable_7x7_1/separable_conv2d/depthwise,CPU,4924.3,5036.7,1.02282557927015
reduction_cell_0/comb_iter_1/right/separable_7x7_1/separable_conv2d,CPU,8476.3,8241.8,0.9723346271368404
reduction_cell_0/comb_iter_1/right/separable_7x7_2/separable_conv2d/depthwise,CPU,4554.9,4535.3,0.9956969417550332
reduction_cell_0/comb_iter_1/right/separable_7x7_2/separable_conv2d,CPU,8475.9,8162.2,0.9629891810899138
reduction_cell_0/comb_iter_1/left/MaxPool2D/MaxPool___tr4reduction_cell_0/comb_iter_1/combine/add,CPU,1500.4,1600.7,1.0668488403092509
reduction_cell_0/comb_iter_1/right/bn_sep_7x7_2/FusedBatchNormV3___tr4reduction_cell_0/comb_iter_1/combine/add,CPU,1327.3,1394.3,1.0504784148270927
reduction_cell_0/comb_iter_1/combine/add,CPU,412.3,484.3,1.1746301236963377
reduction_cell_0/comb_iter_2/left/AvgPool2D/AvgPool,CPU,2055.1,2223.7,1.0820398034158922
reduction_cell_0/comb_iter_2/right/Relu,CPU,1059.2,1308.3,1.2351774924471297
reduction_cell_0/comb_iter_2/right/separable_5x5_1/separable_conv2d/depthwise,CPU,2920.4,2951.4,1.010614984248733
reduction_cell_0/comb_iter_2/right/separable_5x5_1/separable_conv2d,CPU,8489.0,8102.1,0.9544233714218401
reduction_cell_0/comb_iter_2/right/separable_5x5_2/separable_conv2d/depthwise,CPU,2409.4,2357.3,0.9783763592595668
reduction_cell_0/comb_iter_2/right/separable_5x5_2/separable_conv2d,CPU,8452.3,8225.3,0.9731434047537356
reduction_cell_0/comb_iter_2/left/AvgPool2D/AvgPool___tr4reduction_cell_0/comb_iter_2/combine/add,CPU,1522.3,1516.6,0.9962556657689023
reduction_cell_0/comb_iter_2/right/bn_sep_5x5_2/FusedBatchNormV3___tr4reduction_cell_0/comb_iter_2/combine/add,CPU,1370.8,1380.8,1.0072950102130143
reduction_cell_0/comb_iter_2/combine/add,CPU,403.2,467.0,1.158234126984127
reduction_cell_0/comb_iter_0/left/Relu,OpenCL,1708.0,1613.7,0.9447892271662763
reduction_cell_0/comb_iter_0/left/separable_5x5_1/separable_conv2d/depthwise,OpenCL,3917.6,4292.9,1.0957984480294056
reduction_cell_0/comb_iter_0/left/separable_5x5_1/separable_conv2d,OpenCL,7361.1,7600.7,1.0325494830935593
reduction_cell_0/comb_iter_0/left/separable_5x5_2/separable_conv2d/depthwise,OpenCL,2662.0,5594.6,2.1016528925619835
reduction_cell_0/comb_iter_0/left/separable_5x5_2/separable_conv2d,OpenCL,7373.1,7175.5,0.9731998752220911
reduction_cell_0/comb_iter_0/right/Relu,OpenCL,1667.7777777777778,1453.2,0.8713391072618254
reduction_cell_0/comb_iter_0/right/separable_7x7_1/separable_conv2d/depthwise,OpenCL,6169.6,5802.4,0.9404823651452281
reduction_cell_0/comb_iter_0/right/separable_7x7_1/separable_conv2d,OpenCL,7344.0,7178.7,0.9774918300653594
reduction_cell_0/comb_iter_0/right/separable_7x7_2/separable_conv2d/depthwise,OpenCL,3637.4,4099.6,1.127068785396162
reduction_cell_0/comb_iter_0/right/separable_7x7_2/separable_conv2d,OpenCL,7376.6,7870.7,1.0669820784643331
reduction_cell_0/comb_iter_0/combine/add,OpenCL,1436.111111111111,4843.4,3.3725802707930366
reduction_cell_0/comb_iter_3/right/AvgPool2D/AvgPool,CPU,1282.0,1279.9,0.9983619344773792
reduction_cell_0/comb_iter_3/right/AvgPool2D/AvgPool___tr4reduction_cell_0/comb_iter_3/combine/add,CPU,1173.9,1263.5,1.0763267740011926
reduction_cell_0/comb_iter_3/combine/add,CPU,393.6666666666667,460.6,1.1700254022015242
reduction_cell_0/comb_iter_4/left/Relu,OpenCL,1067.75,920.5,0.8620931866073519
reduction_cell_0/comb_iter_4/left/separable_3x3_1/separable_conv2d/depthwise,OpenCL,1580.875,1461.1,0.9242349964418438
reduction_cell_0/comb_iter_4/left/separable_3x3_1/separable_conv2d,OpenCL,7349.0,7182.2,0.9773030344264525
reduction_cell_0/comb_iter_4/left/separable_3x3_2/separable_conv2d/depthwise,OpenCL,1774.1,1395.9,0.7868214869511302
reduction_cell_0/comb_iter_4/left/separable_3x3_2/separable_conv2d,OpenCL,7345.3,7113.4,0.9684287911998147
reduction_cell_0/comb_iter_4/right/MaxPool2D/MaxPool,OpenCL,2066.1,1913.2,0.9259958375683656
reduction_cell_0/comb_iter_4/left/bn_sep_3x3_2/FusedBatchNormV3___tr4reduction_cell_0/comb_iter_4/combine/add,OpenCL,1228.7,984.0,0.8008464230487506
reduction_cell_0/comb_iter_4/right/MaxPool2D/MaxPool___tr4reduction_cell_0/comb_iter_4/combine/add,OpenCL,1118.625,1031.0,0.9216672253883116
reduction_cell_0/comb_iter_4/combine/add,OpenCL,1387.3,1083.0,0.7806530671087725
reduction_cell_0/cell_output/concat,CPU,1509.7,1372.7,0.9092534940716699
cell_7/Relu,CPU,1253.4,1623.5,1.2952768469762246
cell_7/Relu___tr4cell_7/prev_1x1/Conv2D,CPU,2016.2999999999997,2228.7,1.1053414670435948
cell_7/prev_1x1/Conv2D,CPU,44489.2,40828.5,0.9177171088713666
cell_6/Relu,CPU,3655.6666666666665,5395.2,1.475845718975107
cell_6/AvgPool2D,CPU,3353.2,4364.8,1.3016819754264584
cell_6/path1_conv/Conv2D,CPU,15830.0,16048.2,1.0137839545167404
cell_6/Pad/paddings,CPU,0.9,0.3,0.3333333333333333
cell_6/Pad_Gather_Index,CPU,0.9,0.4,0.4444444444444445
cell_6/Pad_Gather,CPU,0.0,0.4,0
cell_6/Pad,CPU,6497.1,9808.3,1.5096427636945713
cell_6/strided_slice/stack,CPU,1.0,0.3,0.3
cell_6/strided_slice/stack_1,CPU,1.0,0.5,0.5
cell_6/strided_slice/stack_2,CPU,1.0,0.4,0.4
cell_6/Pad___tr4cell_6/strided_slice,CPU,19744.7,20256.4,1.0259158153833687
cell_6/strided_slice,CPU,4778.4,5010.2,1.048509961493387
cell_6/strided_slice___tr4cell_6/AvgPool2D_1,CPU,6754.2,8179.9,1.2110834739865566
cell_6/AvgPool2D_1,CPU,3480.2,3745.0,1.0760875811734958
cell_6/path2_conv/Conv2D,CPU,15802.5,16090.0,1.0181933238411645
cell_6/concat,CPU,275.5,319.1,1.158257713248639
cell_6/final_path_bn/FusedBatchNormV3,CPU,252.6,352.5,1.3954869358669835
cell_6/Relu_1,OpenCL,3535.3,5174.9,1.4637795943767147
cell_6/Relu_1___tr4cell_6/1x1/Conv2D,OpenCL,3564.0,4541.9,1.2743827160493826
cell_6/1x1/Conv2D,OpenCL,25925.0,26840.7,1.035321118611379
cell_6/comb_iter_0/left/Relu,OpenCL,1144.5714285714287,1010.4,0.8827758362456315
cell_6/comb_iter_0/left/separable_5x5_1/separable_conv2d/depthwise,OpenCL,2582.2,2342.1,0.9070172720935636
cell_6/comb_iter_0/left/separable_5x5_1/separable_conv2d,OpenCL,7336.1,7228.2,0.9852919125966112
cell_6/comb_iter_0/left/separable_5x5_2/separable_conv2d/depthwise,OpenCL,2560.3,2227.0,0.8698199429754325
cell_6/comb_iter_0/left/separable_5x5_2/separable_conv2d,OpenCL,7309.6,7153.3,0.9786171609937616
cell_6/comb_iter_0/right/Relu,OpenCL,1002.1249999999999,1374.4,1.3714855931146317
cell_6/comb_iter_0/right/separable_3x3_1/separable_conv2d/depthwise,OpenCL,1617.75,1407.5,0.8700355431927059
cell_6/comb_iter_0/right/separable_3x3_1/separable_conv2d,OpenCL,7317.8,7121.8,0.9732159938779414
cell_6/comb_iter_0/right/separable_3x3_2/separable_conv2d/depthwise,OpenCL,1617.111111111111,1677.0,1.0370344922358115
cell_6/comb_iter_0/right/separable_3x3_2/separable_conv2d,OpenCL,7303.4,7193.8,0.9849932907960677
cell_6/comb_iter_0/combine/add,OpenCL,1365.5,1158.6,0.8484804101061881
cell_6/comb_iter_1/left/Relu,CPU,271.625,266.7,0.981868384721583
cell_6/comb_iter_1/left/separable_5x5_1/separable_conv2d/depthwise,CPU,2408.6,2359.1,0.9794486423648593
cell_6/comb_iter_1/left/separable_5x5_1/separable_conv2d,CPU,8674.3,8239.1,0.9498288046297685
cell_6/comb_iter_1/left/separable_5x5_2/separable_conv2d/depthwise,CPU,2416.3,2344.1,0.9701196043537639
cell_6/comb_iter_1/left/separable_5x5_2/separable_conv2d,CPU,8665.5,8215.7,0.9480930125209164
cell_6/comb_iter_1/right/Relu,CPU,360.5,360.0,0.9986130374479889
cell_6/comb_iter_1/right/separable_3x3_1/separable_conv2d/depthwise,CPU,800.4,792.6,0.9902548725637182
cell_6/comb_iter_1/right/separable_3x3_1/separable_conv2d,CPU,8720.8,8055.0,0.923653793229979
cell_6/comb_iter_1/right/separable_3x3_2/separable_conv2d/depthwise,CPU,807.0,752.8,0.9328376703841388
cell_6/comb_iter_1/right/separable_3x3_2/separable_conv2d,CPU,8719.7,7944.6,0.9111093271557508
cell_6/comb_iter_1/combine/add,CPU,532.7,436.9,0.820161441712033
cell_6/comb_iter_2/left/AvgPool2D/AvgPool,OpenCL,1710.0,1960.6,1.1465497076023392
cell_6/comb_iter_2/left/AvgPool2D/AvgPool___tr4cell_6/comb_iter_2/combine/add,OpenCL,1036.888888888889,1462.5,1.4104693527646806
cell_6/final_path_bn/FusedBatchNormV3___tr4cell_6/comb_iter_2/combine/add,CPU,1555.0,1370.4,0.8812861736334405
cell_6/comb_iter_2/combine/add,OpenCL,1360.0,1138.6,0.8372058823529411
cell_6/comb_iter_3/left/AvgPool2D/AvgPool,CPU,1247.7,1273.6,1.020758195078945
cell_6/comb_iter_3/right/AvgPool2D/AvgPool,CPU,1260.9,1262.5,1.0012689348877786
cell_6/comb_iter_3/left/AvgPool2D/AvgPool___tr4cell_6/comb_iter_3/combine/add,CPU,1684.9,1476.3,0.8761944329040299
cell_6/comb_iter_3/right/AvgPool2D/AvgPool___tr4cell_6/comb_iter_3/combine/add,CPU,1509.3,1421.9,0.942092360697012
cell_6/comb_iter_3/combine/add,CPU,482.6,413.5,0.8568172399502694
cell_6/comb_iter_4/left/Relu,OpenCL,1128.7777777777778,1439.9,1.2756275223939364
cell_6/comb_iter_4/left/separable_3x3_1/separable_conv2d/depthwise,OpenCL,1592.111111111111,1352.9,0.8497522506804384
cell_6/comb_iter_4/left/separable_3x3_1/separable_conv2d,OpenCL,7340.9,7115.0,0.9692272064733207
cell_6/comb_iter_4/left/separable_3x3_2/separable_conv2d/depthwise,OpenCL,1676.7,1400.9,0.8355102284248822
cell_6/comb_iter_4/left/separable_3x3_2/separable_conv2d,OpenCL,7391.2,7533.4,1.0192390951401666
cell_6/comb_iter_4/combine/add,OpenCL,1417.1,1190.4,0.8400254039940726
cell_6/comb_iter_2/combine/add___tr4cell_6/cell_output/concat,OpenCL,1166.4444444444443,946.2,0.8111830824919033
cell_6/comb_iter_3/combine/add___tr4cell_6/cell_output/concat,CPU,611.2,464.4,0.7598167539267014
cell_6/cell_output/concat,CPU,1891.8,1658.0,0.8764139972512951
cell_7/Relu_1,OpenCL,4890.3,5444.8,1.1133877267243317
cell_7/1x1/Conv2D,OpenCL,38592.8,40215.3,1.0420415206981612
cell_7/comb_iter_0/left/Relu,CPU,255.1,353.3,1.3849470795766368
cell_7/comb_iter_0/left/separable_5x5_1/separable_conv2d/depthwise,CPU,2397.2,2450.5,1.022234273318872
cell_7/comb_iter_0/left/separable_5x5_1/separable_conv2d,CPU,8442.2,8324.3,0.9860344459974887
cell_7/comb_iter_0/left/separable_5x5_2/separable_conv2d/depthwise,CPU,2352.2,2429.2,1.0327353116231612
cell_7/comb_iter_0/left/separable_5x5_2/separable_conv2d,CPU,8425.777777777777,8280.7,0.982781675282203
cell_7/comb_iter_0/right/Relu,CPU,309.4,371.7,1.2013574660633484
cell_7/comb_iter_0/right/separable_3x3_1/separable_conv2d/depthwise,CPU,776.6666666666666,814.9,1.0492274678111588
cell_7/comb_iter_0/right/separable_3x3_1/separable_conv2d,CPU,8629.9,8189.6,0.9489797100777531
cell_7/comb_iter_0/right/separable_3x3_2/separable_conv2d/depthwise,CPU,783.2,768.7,0.9814862104187947
cell_7/comb_iter_0/right/separable_3x3_2/separable_conv2d,CPU,8533.1,8282.0,0.9705734141167922
cell_7/comb_iter_0/combine/add,CPU,456.6,521.0,1.1410424879544458
cell_7/comb_iter_1/left/Relu,OpenCL,1138.4444444444443,944.1,0.8292894788210035
cell_7/comb_iter_1/left/separable_5x5_1/separable_conv2d/depthwise,OpenCL,2604.2,2319.3,0.890599800322556
cell_7/comb_iter_1/left/separable_5x5_1/separable_conv2d,OpenCL,7402.0,7235.7,0.9775330991623885
cell_7/comb_iter_1/left/separable_5x5_2/separable_conv2d/depthwise,OpenCL,2569.777777777778,2291.9,0.8918670010377032
cell_7/comb_iter_1/left/separable_5x5_2/separable_conv2d,OpenCL,7413.9,7242.9,0.976935216282928
cell_7/comb_iter_1/right/Relu,OpenCL,1266.8,1864.2,1.4715819387432902
cell_7/comb_iter_1/right/separable_3x3_1/separable_conv2d/depthwise,OpenCL,1783.111111111111,1499.2,0.840777666999003
cell_7/comb_iter_1/right/separable_3x3_1/separable_conv2d,OpenCL,7362.4,7156.1,0.9719792458980768
cell_7/comb_iter_1/right/separable_3x3_2/separable_conv2d/depthwise,OpenCL,1718.7777777777778,1443.6,0.8398991531449996
cell_7/comb_iter_1/right/separable_3x3_2/separable_conv2d,OpenCL,7356.4,7083.6,0.9629166440106575
cell_7/comb_iter_1/combine/add,OpenCL,1420.7,1122.8,0.7903146336313085
cell_7/comb_iter_2/left/AvgPool2D/AvgPool,CPU,1302.3,1302.2,0.9999232127773939
cell_7/comb_iter_2/left/AvgPool2D/AvgPool___tr4cell_7/comb_iter_2/combine/add,CPU,1281.2,1406.2,1.0975647830159225
cell_7/prev_bn/FusedBatchNormV3___tr4cell_7/comb_iter_2/combine/add,CPU,1510.2,1111.7,0.736127665209906
cell_7/comb_iter_2/combine/add,CPU,399.3,486.4,1.2181317305284247
cell_7/comb_iter_3/left/AvgPool2D/AvgPool,CPU,1262.3,1220.9,0.9672027251841877
cell_7/comb_iter_3/right/AvgPool2D/AvgPool,CPU,1246.5,1260.2,1.0109907741676696
cell_7/comb_iter_3/left/AvgPool2D/AvgPool___tr4cell_7/comb_iter_3/combine/add,CPU,1552.8,1573.1,1.0130731581658938
cell_7/comb_iter_3/right/AvgPool2D/AvgPool___tr4cell_7/comb_iter_3/combine/add,CPU,1464.1,1512.1,1.0327846458575234
cell_7/comb_iter_3/combine/add,CPU,426.2,500.3,1.173862036602534
cell_7/comb_iter_4/left/Relu,OpenCL,1141.0,2516.9,2.205872042068361
cell_7/comb_iter_4/left/separable_3x3_1/separable_conv2d/depthwise,OpenCL,1748.8,3527.7,2.017211802378774
cell_7/comb_iter_4/left/separable_3x3_1/separable_conv2d,OpenCL,7368.1,7511.1,1.019407988490927
cell_7/comb_iter_4/left/separable_3x3_2/separable_conv2d/depthwise,OpenCL,1671.0,3630.2,2.1724715739078393
cell_7/comb_iter_4/left/separable_3x3_2/separable_conv2d,OpenCL,7396.0,7213.6,0.9753380205516496
cell_7/comb_iter_4/combine/add,OpenCL,1472.5,1662.5,1.1290322580645162
cell_7/comb_iter_2/combine/add___tr4cell_7/cell_output/concat,CPU,442.8,456.3,1.0304878048780488
cell_7/comb_iter_3/combine/add___tr4cell_7/cell_output/concat,CPU,512.3,510.7,0.9968768299824322
cell_7/cell_output/concat,CPU,1883.2,2017.8,1.0714740866610024
cell_9/Relu,OpenCL,4866.4,6364.6,1.3078661844484631
cell_9/prev_1x1/Conv2D,OpenCL,38385.7,39365.1,1.0255147099049906
cell_8/Relu,OpenCL,5340.2,9095.4,1.7031946369049848
cell_8/prev_1x1/Conv2D,OpenCL,38285.2,39818.1,1.0400389706727404
cell_8/Relu_1,CPU,1728.5,2178.7,1.2604570436794909
cell_8/1x1/Conv2D,CPU,66255.1,66512.8,1.0038895119017253
cell_8/comb_iter_0/left/Relu,CPU,249.55555555555554,352.6,1.412911843276937
cell_8/comb_iter_0/left/separable_5x5_1/separable_conv2d/depthwise,CPU,2433.3,2439.1,1.0023835942958121
cell_8/comb_iter_0/left/separable_5x5_1/separable_conv2d,CPU,8461.7,8443.0,0.9977900421901036
cell_8/comb_iter_0/left/separable_5x5_2/separable_conv2d/depthwise,CPU,2418.4,2393.9,0.9898693350975852
cell_8/comb_iter_0/left/separable_5x5_2/separable_conv2d,CPU,8555.6,8365.9,0.9778273879096732
cell_8/comb_iter_0/right/Relu,CPU,328.3333333333333,367.9,1.120507614213198
cell_8/comb_iter_0/right/separable_3x3_1/separable_conv2d/depthwise,CPU,797.1,796.6,0.9993727261322294
cell_8/comb_iter_0/right/separable_3x3_1/separable_conv2d,CPU,8570.0,8288.8,0.9671878646441072
cell_8/comb_iter_0/right/separable_3x3_2/separable_conv2d/depthwise,CPU,795.9,788.3,0.9904510616911673
cell_8/comb_iter_0/right/separable_3x3_2/separable_conv2d,CPU,8706.8,8382.7,0.9627762208848258
cell_8/comb_iter_0/combine/add,CPU,517.5,564.3,1.0904347826086955
cell_8/comb_iter_1/left/Relu,OpenCL,1122.25,947.3,0.8441078191133883
cell_8/comb_iter_1/left/separable_5x5_1/separable_conv2d/depthwise,OpenCL,2660.0,2284.3,0.8587593984962407
cell_8/comb_iter_1/left/separable_5x5_1/separable_conv2d,OpenCL,7411.1,7208.1,0.972608654585689
cell_8/comb_iter_1/left/separable_5x5_2/separable_conv2d/depthwise,OpenCL,2681.8888888888887,2286.7,0.8526453163193437
cell_8/comb_iter_1/left/separable_5x5_2/separable_conv2d,OpenCL,7375.7,7195.2,0.9755277465189744
cell_8/comb_iter_1/right/Relu,OpenCL,1120.375,899.0,0.8024099073970768
cell_8/comb_iter_1/right/separable_3x3_1/separable_conv2d/depthwise,OpenCL,1581.75,1342.3,0.8486170380907223
cell_8/comb_iter_1/right/separable_3x3_1/separable_conv2d,OpenCL,7356.0,7225.9,0.9823137574768895
cell_8/comb_iter_1/right/separable_3x3_2/separable_conv2d/depthwise,OpenCL,1672.2222222222222,2965.9,1.7736279069767442
cell_8/comb_iter_1/right/separable_3x3_2/separable_conv2d,OpenCL,7438.1,7191.5,0.9668463720573802
cell_8/comb_iter_1/combine/add,OpenCL,1452.6,1608.6,1.107393638992152
cell_8/comb_iter_2/left/AvgPool2D/AvgPool,CPU,1259.9,1295.2,1.0280180966743393
cell_8/comb_iter_2/left/AvgPool2D/AvgPool___tr4cell_8/comb_iter_2/combine/add,CPU,1303.9,1292.6,0.9913336912339902
cell_8/prev_bn/FusedBatchNormV3___tr4cell_8/comb_iter_2/combine/add,OpenCL,1010.375,2304.8,2.2811332426079427
cell_8/comb_iter_2/combine/add,CPU,466.2,531.5,1.1400686400686402
cell_8/comb_iter_3/left/AvgPool2D/AvgPool,OpenCL,1764.5555555555557,1874.1,1.0620804735218183
cell_8/comb_iter_3/right/AvgPool2D/AvgPool,OpenCL,1828.7,1738.9,0.9508940777601576
cell_8/comb_iter_3/left/AvgPool2D/AvgPool___tr4cell_8/comb_iter_3/combine/add,OpenCL,1162.2222222222222,913.5,0.7859942638623327
cell_8/comb_iter_3/right/AvgPool2D/AvgPool___tr4cell_8/comb_iter_3/combine/add,OpenCL,1231.8,846.8,0.6874492612437084
cell_8/comb_iter_3/combine/add,OpenCL,1371.888888888889,1126.6,0.8212035312221592
cell_8/comb_iter_4/left/Relu,OpenCL,1051.3333333333333,1374.9,1.3077679137603047
cell_8/comb_iter_4/left/separable_3x3_1/separable_conv2d/depthwise,OpenCL,1600.375,1970.6,1.2313364055299538
cell_8/comb_iter_4/left/separable_3x3_1/separable_conv2d,OpenCL,7356.0,7351.3,0.9993610657966286
cell_8/comb_iter_4/left/separable_3x3_2/separable_conv2d/depthwise,OpenCL,1733.4444444444443,2718.3,1.5681494775975902
cell_8/comb_iter_4/left/separable_3x3_2/separable_conv2d,OpenCL,7385.3,7225.5,0.9783624226504001
cell_8/comb_iter_4/combine/add,OpenCL,1395.8,1540.1,1.1033815732913024
cell_8/comb_iter_2/combine/add___tr4cell_8/cell_output/concat,CPU,467.0,513.7,1.1
cell_8/comb_iter_3/combine/add___tr4cell_8/cell_output/concat,OpenCL,1083.5555555555557,932.9,0.860961853978671
cell_8/cell_output/concat,OpenCL,3935.8,3434.7,0.8726815386960719
cell_9/Relu_1,CPU,1780.5,2132.2,1.1975287840494242
cell_9/1x1/Conv2D,CPU,66568.6,67610.8,1.0156560300201596
cell_9/comb_iter_0/left/Relu,CPU,272.2,336.3,1.2354886113152095
cell_9/comb_iter_0/left/separable_5x5_1/separable_conv2d/depthwise,CPU,2405.3,2421.8,1.0068598511620173
cell_9/comb_iter_0/left/separable_5x5_1/separable_conv2d,CPU,8497.4,8276.8,0.9740391178478123
cell_9/comb_iter_0/left/separable_5x5_2/separable_conv2d/depthwise,CPU,2373.3,2410.2,1.0155479711793702
cell_9/comb_iter_0/left/separable_5x5_2/separable_conv2d,CPU,8513.8,8265.5,0.9708355845803285
cell_9/comb_iter_0/right/Relu,CPU,311.3,344.3,1.1060070671378093
cell_9/comb_iter_0/right/separable_3x3_1/separable_conv2d/depthwise,CPU,775.1,815.0,1.051477228744678
cell_9/comb_iter_0/right/separable_3x3_1/separable_conv2d,CPU,8574.2,8218.8,0.9585500688110843
cell_9/comb_iter_0/right/separable_3x3_2/separable_conv2d/depthwise,CPU,781.8,784.3,1.0031977487848556
cell_9/comb_iter_0/right/separable_3x3_2/separable_conv2d,CPU,8562.7,8328.7,0.9726721711609656
cell_9/comb_iter_0/combine/add,CPU,454.9,506.2,1.112772037810508
cell_9/comb_iter_1/left/Relu,OpenCL,1100.1,984.6,0.8950095445868559
cell_9/comb_iter_1/left/separable_5x5_1/separable_conv2d/depthwise,OpenCL,2545.8,2876.4,1.129860947442847
cell_9/comb_iter_1/left/separable_5x5_1/separable_conv2d,OpenCL,7288.9,7214.7,0.9898201374693026
cell_9/comb_iter_1/left/separable_5x5_2/separable_conv2d/depthwise,OpenCL,2658.6666666666665,2876.2,1.0818204613841524
cell_9/comb_iter_1/left/separable_5x5_2/separable_conv2d,OpenCL,7342.333333333333,7183.3,0.9783402188223544
cell_9/comb_iter_1/right/Relu,OpenCL,1111.3333333333333,1014.8,0.9131373725254949
cell_9/comb_iter_1/right/separable_3x3_1/separable_conv2d/depthwise,OpenCL,1645.875,1660.4,1.0088250930356195
cell_9/comb_iter_1/right/separable_3x3_1/separable_conv2d,OpenCL,7301.2,7456.1,1.021215690571413
cell_9/comb_iter_1/right/separable_3x3_2/separable_conv2d/depthwise,OpenCL,1648.111111111111,2585.4,1.5687049147171848
cell_9/comb_iter_1/right/separable_3x3_2/separable_conv2d,OpenCL,7300.1,7146.4,0.9789454938973438
cell_9/comb_iter_1/combine/add,OpenCL,1380.4,1251.4,0.9065488264271225
cell_9/comb_iter_2/left/AvgPool2D/AvgPool,CPU,1299.4,1290.1,0.9928428505464059
cell_9/comb_iter_2/left/AvgPool2D/AvgPool___tr4cell_9/comb_iter_2/combine/add,CPU,1271.1,1257.6,0.9893792777908897
cell_9/prev_bn/FusedBatchNormV3___tr4cell_9/comb_iter_2/combine/add,OpenCL,1045.7142857142858,3281.8,3.138333333333333
cell_9/comb_iter_2/combine/add,CPU,443.1,545.1,1.2301963439404198
cell_9/comb_iter_3/left/AvgPool2D/AvgPool,OpenCL,1832.3,1722.1,0.9398570103149048
cell_9/comb_iter_3/right/AvgPool2D/AvgPool,OpenCL,1868.7,1700.9,0.9102049553165302
cell_9/comb_iter_3/left/AvgPool2D/AvgPool___tr4cell_9/comb_iter_3/combine/add,OpenCL,1140.75,960.2,0.8417269340346264
cell_9/comb_iter_3/right/AvgPool2D/AvgPool___tr4cell_9/comb_iter_3/combine/add,OpenCL,1070.7142857142858,929.2,0.8678318879252835
cell_9/comb_iter_3/combine/add,OpenCL,1440.5,1118.5,0.776466504685873
cell_9/comb_iter_4/left/Relu,OpenCL,1077.625,1194.5,1.1084560955805591
cell_9/comb_iter_4/left/separable_3x3_1/separable_conv2d/depthwise,OpenCL,1774.9,1847.1,1.0406783480759478
cell_9/comb_iter_4/left/separable_3x3_1/separable_conv2d,OpenCL,7337.2,7502.1,1.022474513438369
cell_9/comb_iter_4/left/separable_3x3_2/separable_conv2d/depthwise,OpenCL,1743.3,1736.7,0.9962140767509896
cell_9/comb_iter_4/left/separable_3x3_2/separable_conv2d,OpenCL,7422.9,7167.3,0.9655660186719477
cell_9/comb_iter_4/combine/add,OpenCL,1387.2,1784.6,1.2864763552479814
cell_9/comb_iter_2/combine/add___tr4cell_9/cell_output/concat,CPU,440.0,492.0,1.1181818181818182
cell_9/comb_iter_3/combine/add___tr4cell_9/cell_output/concat,OpenCL,1045.875,906.3,0.8665471495159555
cell_9/cell_output/concat,OpenCL,3932.8,3456.7,0.8789412123677786
cell_11/Relu,OpenCL,4892.1,5111.5,1.0448478158663967
cell_11/prev_1x1/Conv2D,OpenCL,38394.8,39314.0,1.0239407419754758
cell_10/Relu,OpenCL,5232.5,5158.2,0.9858002866698519
cell_10/prev_1x1/Conv2D,OpenCL,38499.0,39581.2,1.0281098210343125
cell_10/Relu_1,CPU,1738.1,2109.4,1.2136240722628158
cell_10/1x1/Conv2D,CPU,66543.1,67848.4,1.0196158579927894
cell_10/comb_iter_0/left/Relu,CPU,253.1,299.2,1.1821414460687476
cell_10/comb_iter_0/left/separable_5x5_1/separable_conv2d/depthwise,CPU,2424.6,2456.9,1.0133217850367071
cell_10/comb_iter_0/left/separable_5x5_1/separable_conv2d,CPU,8479.1,8220.9,0.9695486549279994
cell_10/comb_iter_0/left/separable_5x5_2/separable_conv2d/depthwise,CPU,2401.9,2397.6,0.9982097506140971
cell_10/comb_iter_0/left/separable_5x5_2/separable_conv2d,CPU,8492.6,8226.0,0.9686079645809292
cell_10/comb_iter_0/right/Relu,CPU,326.44444444444446,373.0,1.1426140231449966
cell_10/comb_iter_0/right/separable_3x3_1/separable_conv2d/depthwise,CPU,808.6,794.2,0.9821914419985159
cell_10/comb_iter_0/right/separable_3x3_1/separable_conv2d,CPU,8509.2,8190.5,0.9625464203450382
cell_10/comb_iter_0/right/separable_3x3_2/separable_conv2d/depthwise,CPU,786.9,809.8,1.0291015376795019
cell_10/comb_iter_0/right/separable_3x3_2/separable_conv2d,CPU,8576.0,8213.1,0.9576842350746269
cell_10/comb_iter_0/combine/add,CPU,504.29999999999995,470.7,0.933372992266508
cell_10/comb_iter_1/left/Relu,OpenCL,1053.0,908.1,0.8623931623931624
cell_10/comb_iter_1/left/separable_5x5_1/separable_conv2d/depthwise,OpenCL,2588.9,3036.0,1.172698829618757
cell_10/comb_iter_1/left/separable_5x5_1/separable_conv2d,OpenCL,7346.2,7231.2,0.9843456480901691
cell_10/comb_iter_1/left/separable_5x5_2/separable_conv2d/depthwise,OpenCL,2712.7,3022.0,1.114019242820806
cell_10/comb_iter_1/left/separable_5x5_2/separable_conv2d,OpenCL,7511.1,7353.5,0.9790177204404148
cell_10/comb_iter_1/right/Relu,OpenCL,1252.5555555555557,2450.8,1.9566397587155149
cell_10/comb_iter_1/right/separable_3x3_1/separable_conv2d/depthwise,OpenCL,1798.1,2839.6,1.5792225126522441
cell_10/comb_iter_1/right/separable_3x3_1/separable_conv2d,OpenCL,7432.2,7211.2,0.9702645246360432
cell_10/comb_iter_1/right/separable_3x3_2/separable_conv2d/depthwise,OpenCL,1835.8,3254.7,1.772905545266369
cell_10/comb_iter_1/right/separable_3x3_2/separable_conv2d,OpenCL,7347.6,7249.8,0.9866895312755185
cell_10/comb_iter_1/combine/add,OpenCL,1440.3,1470.3,1.0208289939595918
cell_10/comb_iter_2/left/AvgPool2D/AvgPool,CPU,1269.3,1288.2,1.0148900969038053
cell_10/comb_iter_2/left/AvgPool2D/AvgPool___tr4cell_10/comb_iter_2/combine/add,CPU,1313.6,1236.4,0.9412302070645555
cell_10/prev_bn/FusedBatchNormV3___tr4cell_10/comb_iter_2/combine/add,OpenCL,1120.2222222222222,1153.3,1.0295278714540765
cell_10/comb_iter_2/combine/add,CPU,478.2,533.4,1.1154328732747805
cell_10/comb_iter_3/left/AvgPool2D/AvgPool,OpenCL,1863.2,2013.7,1.0807750107342207
cell_10/comb_iter_3/right/AvgPool2D/AvgPool,OpenCL,1889.7,1774.9,0.9392496163412182
cell_10/comb_iter_3/left/AvgPool2D/AvgPool___tr4cell_10/comb_iter_3/combine/add,OpenCL,1061.25,931.9,0.87811542991755
cell_10/comb_iter_3/right/AvgPool2D/AvgPool___tr4cell_10/comb_iter_3/combine/add,OpenCL,853.1666666666666,884.0,1.036139871068568
cell_10/comb_iter_3/combine/add,OpenCL,1423.6666666666667,1076.1,0.7558651369702645
cell_10/comb_iter_4/left/Relu,OpenCL,1172.6666666666667,940.1,0.8016770892552586
cell_10/comb_iter_4/left/separable_3x3_1/separable_conv2d/depthwise,OpenCL,1727.6,1357.3,0.7856564019448946
cell_10/comb_iter_4/left/separable_3x3_1/separable_conv2d,OpenCL,7384.4,7158.3,0.9693813986241266
cell_10/comb_iter_4/left/separable_3x3_2/separable_conv2d/depthwise,OpenCL,1828.0,1483.3,0.8114332603938731
cell_10/comb_iter_4/left/separable_3x3_2/separable_conv2d,OpenCL,7374.3,7177.9,0.9733669636440068
cell_10/comb_iter_4/combine/add,OpenCL,1434.9,1855.4,1.2930517806118893
cell_10/comb_iter_2/combine/add___tr4cell_10/cell_output/concat,CPU,436.44444444444446,517.1,1.1848014256619144
cell_10/comb_iter_3/combine/add___tr4cell_10/cell_output/concat,OpenCL,1211.3333333333333,897.0,0.7405063291139241
cell_10/cell_output/concat,OpenCL,3995.8,3567.3,0.8927624005205466
cell_11/Relu_1,CPU,1750.0,2030.3,1.1601714285714286
cell_11/1x1/Conv2D,CPU,66595.2,65160.8,0.9784609100956226
cell_11/comb_iter_0/left/Relu,CPU,273.9,363.4,1.3267615918218327
cell_11/comb_iter_0/left/separable_5x5_1/separable_conv2d/depthwise,CPU,2450.7,2432.5,0.9925735504141675
cell_11/comb_iter_0/left/separable_5x5_1/separable_conv2d,CPU,8590.9,8213.8,0.9561047154547253
cell_11/comb_iter_0/left/separable_5x5_2/separable_conv2d/depthwise,CPU,2445.9,2373.9,0.9705629829510609
cell_11/comb_iter_0/left/separable_5x5_2/separable_conv2d,CPU,8603.8,8217.7,0.955124479880983
cell_11/comb_iter_0/right/Relu,CPU,320.77777777777777,398.7,1.242916522341531
cell_11/comb_iter_0/right/separable_3x3_1/separable_conv2d/depthwise,CPU,804.7,793.2,0.9857089598608177
cell_11/comb_iter_0/right/separable_3x3_1/separable_conv2d,CPU,8664.2,8261.2,0.9534867616167678
cell_11/comb_iter_0/right/separable_3x3_2/separable_conv2d/depthwise,CPU,775.7777777777778,774.9,0.998868519048983
cell_11/comb_iter_0/right/separable_3x3_2/separable_conv2d,CPU,8529.3,8017.4,0.9399833515059853
cell_11/comb_iter_0/combine/add,CPU,443.4,459.9,1.037212449255751
cell_11/comb_iter_1/left/Relu,OpenCL,1074.111111111111,1489.4,1.3866349436226337
cell_11/comb_iter_1/left/separable_5x5_1/separable_conv2d/depthwise,OpenCL,2550.6,3992.7,1.5653963773229829
cell_11/comb_iter_1/left/separable_5x5_1/separable_conv2d,OpenCL,7396.3,7213.3,0.9752578992198803
cell_11/comb_iter_1/left/separable_5x5_2/separable_conv2d/depthwise,OpenCL,2527.0,2958.2,1.1706371191135734
cell_11/comb_iter_1/left/separable_5x5_2/separable_conv2d,OpenCL,7416.1,7252.2,0.9778994350130121
cell_11/comb_iter_1/right/Relu,OpenCL,1014.125,1732.9,1.7087637125600887
cell_11/comb_iter_1/right/separable_3x3_1/separable_conv2d/depthwise,OpenCL,1898.5555555555557,3245.1,1.7092467958096798
cell_11/comb_iter_1/right/separable_3x3_1/separable_conv2d,OpenCL,7331.0,7202.9,0.982526258354931
cell_11/comb_iter_1/right/separable_3x3_2/separable_conv2d/depthwise,OpenCL,1718.4444444444443,3065.5,1.783880770722876
cell_11/comb_iter_1/right/separable_3x3_2/separable_conv2d,OpenCL,7348.3,7419.9,1.009743750255161
cell_11/comb_iter_1/combine/add,OpenCL,1385.0,1071.3,0.7735018050541516
cell_11/comb_iter_2/left/AvgPool2D/AvgPool,CPU,1276.9,1195.6,0.9363301746417102
cell_11/comb_iter_2/left/AvgPool2D/AvgPool___tr4cell_11/comb_iter_2/combine/add,CPU,1235.8,1297.4,1.049846253439068
cell_11/prev_bn/FusedBatchNormV3___tr4cell_11/comb_iter_2/combine/add,OpenCL,1123.375,1348.4,1.2003115611438746
cell_11/comb_iter_2/combine/add,CPU,422.0,513.2,1.2161137440758294
cell_11/comb_iter_3/left/AvgPool2D/AvgPool,OpenCL,1862.7,1680.3,0.9020776292478659
cell_11/comb_iter_3/right/AvgPool2D/AvgPool,OpenCL,1817.3,1617.1,0.8898365707368073
cell_11/comb_iter_3/left/AvgPool2D/AvgPool___tr4cell_11/comb_iter_3/combine/add,OpenCL,974.2857142857143,844.9,0.867199413489736
cell_11/comb_iter_3/right/AvgPool2D/AvgPool___tr4cell_11/comb_iter_3/combine/add,OpenCL,1056.0,850.7,0.8055871212121213
cell_11/comb_iter_3/combine/add,OpenCL,1372.5,1060.6,0.7727504553734061
cell_11/comb_iter_4/left/Relu,OpenCL,1085.111111111111,3507.7,3.2325721892279335
cell_11/comb_iter_4/left/separable_3x3_1/separable_conv2d/depthwise,OpenCL,1654.3333333333333,1458.1,0.8813822284908321
cell_11/comb_iter_4/left/separable_3x3_1/separable_conv2d,OpenCL,7310.1,7075.3,0.9678800563603781
cell_11/comb_iter_4/left/separable_3x3_2/separable_conv2d/depthwise,OpenCL,1799.25,1431.1,0.7953869667917187
cell_11/comb_iter_4/left/separable_3x3_2/separable_conv2d,OpenCL,7329.4,7128.7,0.9726171310066308
cell_11/comb_iter_4/combine/add,OpenCL,1337.111111111111,1158.5,0.8664201429283697
cell_11/comb_iter_2/combine/add___tr4cell_11/cell_output/concat,CPU,442.2,518.1,1.1716417910447763
cell_11/comb_iter_3/combine/add___tr4cell_11/cell_output/concat,OpenCL,869.1666666666666,1436.2,1.6523873441994248
cell_11/cell_output/concat,OpenCL,3960.5,3488.8,0.8808988764044944
reduction_cell_1/Relu_1,OpenCL,4820.6,5722.4,1.187072148695183
reduction_cell_1/1x1/Conv2D,OpenCL,75298.3,78808.2,1.0466132701535094
reduction_cell_1/comb_iter_1/left/MaxPool2D/MaxPool,CPU,1050.6,1178.1,1.1213592233009708
reduction_cell_1/Relu,CPU,1738.6,2033.7,1.1697342689520305
reduction_cell_1/prev_1x1/Conv2D,CPU,124968.2,121769.2,0.9744014877384807
reduction_cell_1/comb_iter_1/right/Relu,CPU,582.5,640.8,1.1000858369098712
reduction_cell_1/comb_iter_1/right/separable_7x7_1/separable_conv2d/depthwise,CPU,3588.5,3572.0,0.9954019785425665
reduction_cell_1/comb_iter_1/right/separable_7x7_1/separable_conv2d,CPU,12341.3,10697.1,0.8667725442214355
reduction_cell_1/comb_iter_1/right/separable_7x7_2/separable_conv2d/depthwise,CPU,2646.0,2651.0,1.0018896447467875
reduction_cell_1/comb_iter_1/right/separable_7x7_2/separable_conv2d,CPU,12325.6,10828.2,0.8785130135652626
reduction_cell_1/comb_iter_1/left/MaxPool2D/MaxPool___tr4reduction_cell_1/comb_iter_1/combine/add,CPU,799.8,883.1,1.10415103775944
reduction_cell_1/comb_iter_1/right/bn_sep_7x7_2/FusedBatchNormV3___tr4reduction_cell_1/comb_iter_1/combine/add,CPU,738.7,753.6,1.02017056992013
reduction_cell_1/comb_iter_1/combine/add,CPU,200.33333333333334,252.8,1.2618968386023295
reduction_cell_1/comb_iter_2/left/AvgPool2D/AvgPool,CPU,974.6,1109.4,1.1383131541145086
reduction_cell_1/comb_iter_2/right/Relu,CPU,567.5,736.2,1.2972687224669603
reduction_cell_1/comb_iter_2/right/separable_5x5_1/separable_conv2d/depthwise,CPU,1729.7,1791.2,1.0355552986066947
reduction_cell_1/comb_iter_2/right/separable_5x5_1/separable_conv2d,CPU,12404.2,10500.8,0.8465519743312748
reduction_cell_1/comb_iter_2/right/separable_5x5_2/separable_conv2d/depthwise,CPU,1661.9,1668.3,1.0038510138997532
reduction_cell_1/comb_iter_2/right/separable_5x5_2/separable_conv2d,CPU,12360.6,10211.7,0.8261492160574729
reduction_cell_1/comb_iter_2/left/AvgPool2D/AvgPool___tr4reduction_cell_1/comb_iter_2/combine/add,CPU,809.9,807.0,0.9964193110260526
reduction_cell_1/comb_iter_2/right/bn_sep_5x5_2/FusedBatchNormV3___tr4reduction_cell_1/comb_iter_2/combine/add,CPU,752.8,703.3,0.9342454835281615
reduction_cell_1/comb_iter_2/combine/add,CPU,190.33333333333334,222.9,1.1711033274956217
reduction_cell_1/comb_iter_0/left/Relu,OpenCL,1611.5,1613.4,1.0011790257524047
reduction_cell_1/comb_iter_0/left/separable_5x5_1/separable_conv2d/depthwise,OpenCL,2608.0,2238.7,0.8583972392638036
reduction_cell_1/comb_iter_0/left/separable_5x5_1/separable_conv2d,OpenCL,7708.1,7602.7,0.9863260725730075
reduction_cell_1/comb_iter_0/left/separable_5x5_2/separable_conv2d/depthwise,OpenCL,1836.5555555555557,1489.6,0.8110835501240243
reduction_cell_1/comb_iter_0/left/separable_5x5_2/separable_conv2d,OpenCL,7728.1,7532.7,0.9747156480894398
reduction_cell_1/comb_iter_0/right/Relu,OpenCL,1625.5,1657.9,1.0199323285143034
reduction_cell_1/comb_iter_0/right/separable_7x7_1/separable_conv2d/depthwise,OpenCL,3748.4,3332.6,0.889072671006296
reduction_cell_1/comb_iter_0/right/separable_7x7_1/separable_conv2d,OpenCL,7755.1,7632.0,0.9841265747701512
reduction_cell_1/comb_iter_0/right/separable_7x7_2/separable_conv2d/depthwise,OpenCL,2420.9,2414.3,0.997273741170639
reduction_cell_1/comb_iter_0/right/separable_7x7_2/separable_conv2d,OpenCL,7758.3,7454.5,0.9608419370222858
reduction_cell_1/comb_iter_0/combine/add,OpenCL,1280.888888888889,1030.0,0.8041290770298404
reduction_cell_1/comb_iter_3/right/AvgPool2D/AvgPool,CPU,696.2,711.7,1.0222637173226083
reduction_cell_1/comb_iter_3/right/AvgPool2D/AvgPool___tr4reduction_cell_1/comb_iter_3/combine/add,CPU,371.5,469.3,1.263257065948856
reduction_cell_1/comb_iter_3/combine/add,CPU,214.4,237.5,1.1077425373134329
reduction_cell_1/comb_iter_4/left/Relu,OpenCL,1053.2857142857142,741.5,0.7039875220398752
reduction_cell_1/comb_iter_4/left/separable_3x3_1/separable_conv2d/depthwise,OpenCL,1340.6666666666667,1022.4,0.7626056688214818
reduction_cell_1/comb_iter_4/left/separable_3x3_1/separable_conv2d,OpenCL,7677.4,7735.3,1.0075416156511319
reduction_cell_1/comb_iter_4/left/separable_3x3_2/separable_conv2d/depthwise,OpenCL,1448.5714285714287,3521.7,2.4311538461538458
reduction_cell_1/comb_iter_4/left/separable_3x3_2/separable_conv2d,OpenCL,7754.4,7884.2,1.0167388837305271
reduction_cell_1/comb_iter_4/right/MaxPool2D/MaxPool,OpenCL,2007.4,2022.9,1.0077214307063864
reduction_cell_1/comb_iter_4/left/bn_sep_3x3_2/FusedBatchNormV3___tr4reduction_cell_1/comb_iter_4/combine/add,OpenCL,1117.4444444444443,763.6,0.6833449338769018
reduction_cell_1/comb_iter_4/right/MaxPool2D/MaxPool___tr4reduction_cell_1/comb_iter_4/combine/add,OpenCL,1004.0,943.3,0.9395418326693227
reduction_cell_1/comb_iter_4/combine/add,OpenCL,1360.1,818.7,0.6019410337475186
reduction_cell_1/cell_output/concat,CPU,706.5,683.0,0.9667374380750177
cell_13/Relu,CPU,652.3,865.5,1.3268434769277941
cell_13/Relu___tr4cell_13/prev_1x1/Conv2D,CPU,1210.2,1269.1,1.0486696413815897
cell_13/prev_1x1/Conv2D,CPU,47109.6,57712.0,1.22505816224294
cell_12/Relu,CPU,1754.4,2833.0,1.614797081623347
cell_12/AvgPool2D,CPU,1344.5,1732.4,1.288508739308293
cell_12/path1_conv/Conv2D,CPU,18708.6,21793.4,1.1648867365810378
cell_12/Pad/paddings,CPU,0.0,0.4,0
cell_12/Pad_Gather_Index,CPU,0.9,0.4,0.4444444444444445
cell_12/Pad_Gather,CPU,0.0,0.3,0
cell_12/Pad,CPU,3278.8,4590.9,1.4001768939856043
cell_12/strided_slice/stack,CPU,1.0,0.3,0.3
cell_12/strided_slice/stack_1,CPU,1.0,0.3,0.3
cell_12/strided_slice/stack_2,CPU,0.0,0.0,0
cell_12/Pad___tr4cell_12/strided_slice,CPU,9697.5,11401.8,1.1757463263727763
cell_12/strided_slice,CPU,2296.0,2478.7,1.0795731707317073
cell_12/strided_slice___tr4cell_12/AvgPool2D_1,CPU,3284.7,4028.3,1.2263829269035225
cell_12/AvgPool2D_1,CPU,1420.1,1507.3,1.061404126469967
cell_12/path2_conv/Conv2D,CPU,18468.4,21878.9,1.18466678217929
cell_12/concat,CPU,166.2,189.4,1.1395908543922986
cell_12/final_path_bn/FusedBatchNormV3,CPU,166.1,201.6,1.2137266706803131
cell_12/Relu_1,OpenCL,2394.3,3173.7,1.325523117403834
cell_12/Relu_1___tr4cell_12/1x1/Conv2D,OpenCL,2369.1,2760.5,1.1652104174581066
cell_12/1x1/Conv2D,OpenCL,28362.0,29280.6,1.0323884070234821
cell_12/comb_iter_0/left/Relu,OpenCL,1274.4285714285713,825.7,0.6478982176886
cell_12/comb_iter_0/left/separable_5x5_1/separable_conv2d/depthwise,OpenCL,1703.0,1502.3,0.8821491485613623
cell_12/comb_iter_0/left/separable_5x5_1/separable_conv2d,OpenCL,7815.4,7750.0,0.9916319062364051
cell_12/comb_iter_0/left/separable_5x5_2/separable_conv2d/depthwise,OpenCL,1792.3,1392.9,0.7771578418791497
cell_12/comb_iter_0/left/separable_5x5_2/separable_conv2d,OpenCL,7844.5,7608.1,0.9698642360889795
cell_12/comb_iter_0/right/Relu,OpenCL,1158.125,663.5,0.5729087965461414
cell_12/comb_iter_0/right/separable_3x3_1/separable_conv2d/depthwise,OpenCL,1476.2,996.9,0.675314997967755
cell_12/comb_iter_0/right/separable_3x3_1/separable_conv2d,OpenCL,7789.9,7545.5,0.9686260414125984
cell_12/comb_iter_0/right/separable_3x3_2/separable_conv2d/depthwise,OpenCL,1534.1,1038.2,0.6767485822306238
cell_12/comb_iter_0/right/separable_3x3_2/separable_conv2d,OpenCL,7885.3,7910.2,1.0031577745932303
cell_12/comb_iter_0/combine/add,OpenCL,1247.7777777777778,979.6,0.7850756901157614
cell_12/comb_iter_1/left/Relu,CPU,170.3,173.6,1.0193775689958895
cell_12/comb_iter_1/left/separable_5x5_1/separable_conv2d/depthwise,CPU,1649.0,1600.1,0.9703456640388114
cell_12/comb_iter_1/left/separable_5x5_1/separable_conv2d,CPU,12501.0,10747.0,0.8596912247020239
cell_12/comb_iter_1/left/separable_5x5_2/separable_conv2d/depthwise,CPU,1673.9,1670.8,0.9981480375171754
cell_12/comb_iter_1/left/separable_5x5_2/separable_conv2d,CPU,12555.3,10835.0,0.8629821668936625
cell_12/comb_iter_1/right/Relu,CPU,209.9,208.3,0.9923773225345403
cell_12/comb_iter_1/right/separable_3x3_1/separable_conv2d/depthwise,CPU,547.2,577.2,1.0548245614035088
cell_12/comb_iter_1/right/separable_3x3_1/separable_conv2d,CPU,12590.4,10466.7,0.8313238658025163
cell_12/comb_iter_1/right/separable_3x3_2/separable_conv2d/depthwise,CPU,540.6,525.9,0.9728079911209766
cell_12/comb_iter_1/right/separable_3x3_2/separable_conv2d,CPU,12568.6,10275.1,0.8175214423245231
cell_12/comb_iter_1/combine/add,CPU,273.0,245.7,0.8999999999999999
cell_12/comb_iter_2/left/AvgPool2D/AvgPool,OpenCL,1806.7,1757.5,0.9727680301101456
cell_12/comb_iter_2/left/AvgPool2D/AvgPool___tr4cell_12/comb_iter_2/combine/add,OpenCL,1126.7777777777778,805.4,0.7147815797258652
cell_12/final_path_bn/FusedBatchNormV3___tr4cell_12/comb_iter_2/combine/add,CPU,826.6,847.3,1.0250423421243648
cell_12/comb_iter_2/combine/add,OpenCL,1131.5,915.2,0.8088378258948299
cell_12/comb_iter_3/left/AvgPool2D/AvgPool,CPU,695.5,642.9,0.9243709561466571
cell_12/comb_iter_3/right/AvgPool2D/AvgPool,CPU,677.5,633.5,0.9350553505535055
cell_12/comb_iter_3/left/AvgPool2D/AvgPool___tr4cell_12/comb_iter_3/combine/add,CPU,778.6,806.2,1.035448240431544
cell_12/comb_iter_3/right/AvgPool2D/AvgPool___tr4cell_12/comb_iter_3/combine/add,CPU,696.5,725.3,1.0413496051687006
cell_12/comb_iter_3/combine/add,CPU,197.11111111111111,231.7,1.175479143179256
cell_12/comb_iter_4/left/Relu,OpenCL,1094.125,1390.2,1.2706043642179825
cell_12/comb_iter_4/left/separable_3x3_1/separable_conv2d/depthwise,OpenCL,1414.8,1045.1,0.7386909810573933
cell_12/comb_iter_4/left/separable_3x3_1/separable_conv2d,OpenCL,7739.3,7753.3,1.0018089491297664
cell_12/comb_iter_4/left/separable_3x3_2/separable_conv2d/depthwise,OpenCL,1670.375,1131.1,0.6771533338322232
cell_12/comb_iter_4/left/separable_3x3_2/separable_conv2d,OpenCL,7729.5,7721.5,0.9989650042046704
cell_12/comb_iter_4/combine/add,OpenCL,1245.5,857.7,0.6886391007627459
cell_12/comb_iter_2/combine/add___tr4cell_12/cell_output/concat,OpenCL,1071.5555555555557,910.6,0.8497926171712982
cell_12/comb_iter_3/combine/add___tr4cell_12/cell_output/concat,CPU,259.2,188.2,0.7260802469135802
cell_12/cell_output/concat,CPU,976.9,898.3,0.9195414064899171
cell_13/Relu_1,OpenCL,3010.6,3450.6,1.146150269049359
cell_13/1x1/Conv2D,OpenCL,41693.5,43287.6,1.0382337774473238
cell_13/comb_iter_0/left/Relu,OpenCL,1397.5555555555557,888.9,0.6360391159166798
cell_13/comb_iter_0/left/separable_5x5_1/separable_conv2d/depthwise,OpenCL,1749.0,1511.7,0.8643224699828473
cell_13/comb_iter_0/left/separable_5x5_1/separable_conv2d,OpenCL,7707.7,7550.0,0.9795399405789016
cell_13/comb_iter_0/left/separable_5x5_2/separable_conv2d/depthwise,OpenCL,1778.5555555555557,1477.6,0.8307865308927344
cell_13/comb_iter_0/left/separable_5x5_2/separable_conv2d,OpenCL,7717.2,7628.8,0.9885450681594361
cell_13/comb_iter_0/right/Relu,OpenCL,1239.2222222222222,865.0,0.6980184703667175
cell_13/comb_iter_0/right/separable_3x3_1/separable_conv2d/depthwise,OpenCL,1457.9,1104.9,0.7578709102133205
cell_13/comb_iter_0/right/separable_3x3_1/separable_conv2d,OpenCL,7659.1,7650.3,0.9988510399394185
cell_13/comb_iter_0/right/separable_3x3_2/separable_conv2d/depthwise,OpenCL,1461.6,1716.7,1.1745347564313082
cell_13/comb_iter_0/right/separable_3x3_2/separable_conv2d,OpenCL,7703.9,8535.0,1.1078804242007296
cell_13/comb_iter_0/combine/add,OpenCL,1173.6666666666667,2077.8,1.7703493325759727
cell_13/comb_iter_1/left/Relu,CPU,148.9,107.7,0.7233042310275353
cell_13/comb_iter_1/left/separable_5x5_1/separable_conv2d/depthwise,CPU,1633.5,1717.9,1.0516681971227426
cell_13/comb_iter_1/left/separable_5x5_1/separable_conv2d,CPU,12360.8,10877.1,0.8799673160313249
cell_13/comb_iter_1/left/separable_5x5_2/separable_conv2d/depthwise,CPU,1686.4,1685.2,0.9992884250474383
cell_13/comb_iter_1/left/separable_5x5_2/separable_conv2d,CPU,12392.7,10764.1,0.8685839244071106
cell_13/comb_iter_1/right/Relu,CPU,180.4,212.4,1.1773835920177385
cell_13/comb_iter_1/right/separable_3x3_1/separable_conv2d/depthwise,CPU,548.9,572.8,1.0435416287119694
cell_13/comb_iter_1/right/separable_3x3_1/separable_conv2d,CPU,12429.2,10652.6,0.8570624014417662
cell_13/comb_iter_1/right/separable_3x3_2/separable_conv2d/depthwise,CPU,536.2,536.2,1.0
cell_13/comb_iter_1/right/separable_3x3_2/separable_conv2d,CPU,12459.9,10747.5,0.8625671153059014
cell_13/comb_iter_1/combine/add,CPU,246.9,267.6,1.0838396111786148
cell_13/comb_iter_2/left/AvgPool2D/AvgPool,CPU,704.2,718.2,1.0198807157057654
cell_13/comb_iter_2/left/AvgPool2D/AvgPool___tr4cell_13/comb_iter_2/combine/add,CPU,375.8888888888889,529.0,1.4073307715045817
cell_13/prev_bn/FusedBatchNormV3___tr4cell_13/comb_iter_2/combine/add,CPU,801.2,548.5,0.6845981028457314
cell_13/comb_iter_2/combine/add,CPU,195.2,218.6,1.1198770491803278
cell_13/comb_iter_3/left/AvgPool2D/AvgPool,CPU,687.9,718.4,1.0443378398022969
cell_13/comb_iter_3/right/AvgPool2D/AvgPool,CPU,660.0,677.9,1.027121212121212
cell_13/comb_iter_3/left/AvgPool2D/AvgPool___tr4cell_13/comb_iter_3/combine/add,CPU,704.4,748.7,1.0628904031800115
cell_13/comb_iter_3/right/AvgPool2D/AvgPool___tr4cell_13/comb_iter_3/combine/add,CPU,692.4,789.5,1.1402368573079145
cell_13/comb_iter_3/combine/add,CPU,198.11111111111111,237.4,1.1983174425126193
cell_13/comb_iter_4/left/Relu,OpenCL,1114.8,1228.9,1.1023501973448153
cell_13/comb_iter_4/left/separable_3x3_1/separable_conv2d/depthwise,OpenCL,1432.6,1128.2,0.7875191958676533
cell_13/comb_iter_4/left/separable_3x3_1/separable_conv2d,OpenCL,7747.4,7727.3,0.9974055812272505
cell_13/comb_iter_4/left/separable_3x3_2/separable_conv2d/depthwise,OpenCL,1539.5,1081.1,0.7022409873335498
cell_13/comb_iter_4/left/separable_3x3_2/separable_conv2d,OpenCL,7811.0,7814.3,1.0004224811163744
cell_13/comb_iter_4/combine/add,OpenCL,1283.3333333333333,856.5,0.6674025974025974
cell_13/comb_iter_2/combine/add___tr4cell_13/cell_output/concat,CPU,193.1,226.2,1.1714137752459866
cell_13/comb_iter_3/combine/add___tr4cell_13/cell_output/concat,CPU,244.2,281.4,1.1523341523341524
cell_13/cell_output/concat,CPU,960.5,1168.1,1.2161374284226965
cell_15/Relu,OpenCL,3088.4,4912.5,1.5906294521435047
cell_15/prev_1x1/Conv2D,OpenCL,42118.9,44515.7,1.0569055697086105
cell_14/Relu,OpenCL,3508.8888888888887,6656.5,1.8970392653578214
cell_14/prev_1x1/Conv2D,OpenCL,42550.0,43539.2,1.0232479435957695
cell_14/Relu_1,CPU,948.0,1182.8,1.2476793248945148
cell_14/1x1/Conv2D,CPU,81323.8,89277.2,1.0977991682631651
cell_14/comb_iter_0/left/Relu,OpenCL,997.1428571428571,2277.5,2.284025787965616
cell_14/comb_iter_0/left/separable_5x5_1/separable_conv2d/depthwise,OpenCL,1670.2222222222222,3140.9,1.8805282064928155
cell_14/comb_iter_0/left/separable_5x5_1/separable_conv2d,OpenCL,7764.6,8277.1,1.0660046879427143
cell_14/comb_iter_0/left/separable_5x5_2/separable_conv2d/depthwise,OpenCL,1813.3333333333333,1997.8,1.1017279411764707
cell_14/comb_iter_0/left/separable_5x5_2/separable_conv2d,OpenCL,7768.6,7889.4,1.0155497773086526
cell_14/comb_iter_0/right/Relu,OpenCL,1117.5555555555557,912.6,0.8166036985484191
cell_14/comb_iter_0/right/separable_3x3_1/separable_conv2d/depthwise,OpenCL,1403.3,1135.9,0.8094491555618899
cell_14/comb_iter_0/right/separable_3x3_1/separable_conv2d,OpenCL,7713.6,8238.7,1.0680745695913711
cell_14/comb_iter_0/right/separable_3x3_2/separable_conv2d/depthwise,OpenCL,1432.8,1169.6,0.8163037409268564
cell_14/comb_iter_0/right/separable_3x3_2/separable_conv2d,OpenCL,7690.7,7692.1,1.0001820380459516
cell_14/comb_iter_0/combine/add,OpenCL,1133.25,939.1,0.828678579307302
cell_14/comb_iter_1/left/Relu,OpenCL,1003.3749999999999,1004.3,1.0009218886258877
cell_14/comb_iter_1/left/separable_5x5_1/separable_conv2d/depthwise,OpenCL,1667.6666666666667,1542.8,0.9251249250449729
cell_14/comb_iter_1/left/separable_5x5_1/separable_conv2d,OpenCL,7704.5,7633.2,0.990745668116036
cell_14/comb_iter_1/left/separable_5x5_2/separable_conv2d/depthwise,OpenCL,1763.375,1622.1,0.9198837456581839
cell_14/comb_iter_1/left/separable_5x5_2/separable_conv2d,OpenCL,7679.4,7542.4,0.9821600645883793
cell_14/comb_iter_1/right/Relu,OpenCL,1329.4444444444443,931.2,0.7004429586293357
cell_14/comb_iter_1/right/separable_3x3_1/separable_conv2d/depthwise,OpenCL,1419.888888888889,1158.9,0.8161906252445419
cell_14/comb_iter_1/right/separable_3x3_1/separable_conv2d,OpenCL,7759.9,7755.3,0.9994072088557843
cell_14/comb_iter_1/right/separable_3x3_2/separable_conv2d/depthwise,OpenCL,1400.0,1151.7,0.8226428571428571
cell_14/comb_iter_1/right/separable_3x3_2/separable_conv2d,OpenCL,7674.7,7700.6,1.0033747247449412
cell_14/comb_iter_1/combine/add,OpenCL,1201.0,933.2,0.7770191507077436
cell_14/comb_iter_2/left/AvgPool2D/AvgPool,CPU,709.9,662.3,0.9329483025778278
cell_14/comb_iter_2/left/AvgPool2D/AvgPool___tr4cell_14/comb_iter_2/combine/add,CPU,390.3333333333333,565.1,1.4477369769427841
cell_14/prev_bn/FusedBatchNormV3___tr4cell_14/comb_iter_2/combine/add,OpenCL,1051.3333333333333,1673.5,1.5917882054533927
cell_14/comb_iter_2/combine/add,CPU,215.6,290.6,1.347866419294991
cell_14/comb_iter_3/left/AvgPool2D/AvgPool,CPU,691.0,745.1,1.0782923299565847
cell_14/comb_iter_3/right/AvgPool2D/AvgPool,CPU,677.0,742.7,1.097045790251108
cell_14/comb_iter_3/left/AvgPool2D/AvgPool___tr4cell_14/comb_iter_3/combine/add,CPU,796.6,917.1,1.1512678885262364
cell_14/comb_iter_3/right/AvgPool2D/AvgPool___tr4cell_14/comb_iter_3/combine/add,CPU,716.0,771.7,1.0777932960893855
cell_14/comb_iter_3/combine/add,CPU,235.7,286.6,1.2159524819686043
cell_14/comb_iter_4/left/Relu,CPU,182.7,206.0,1.1275314723590586
cell_14/comb_iter_4/left/separable_3x3_1/separable_conv2d/depthwise,CPU,516.2,562.6,1.0898876404494382
cell_14/comb_iter_4/left/separable_3x3_1/separable_conv2d,CPU,12717.0,10791.2,0.8485649131084376
cell_14/comb_iter_4/left/separable_3x3_2/separable_conv2d/depthwise,CPU,544.1,539.3,0.9911780922624517
cell_14/comb_iter_4/left/separable_3x3_2/separable_conv2d,CPU,12387.8,10904.3,0.8802450798366135
cell_14/comb_iter_4/combine/add,CPU,254.1,340.8,1.3412042502951596
cell_14/comb_iter_2/combine/add___tr4cell_14/cell_output/concat,CPU,205.6,239.4,1.1643968871595332
cell_14/comb_iter_3/combine/add___tr4cell_14/cell_output/concat,CPU,231.0,275.1,1.190909090909091
cell_14/cell_output/concat,CPU,986.0,1211.3,1.228498985801217
cell_15/Relu_1,CPU,1012.1,1264.1,1.248987254223891
cell_15/1x1/Conv2D,CPU,74487.88888888889,90370.1,1.2132187037117146
cell_15/comb_iter_0/left/Relu,CPU,128.6,127.9,0.9945567651632972
cell_15/comb_iter_0/left/separable_5x5_1/separable_conv2d/depthwise,CPU,1674.6,1733.7,1.0352920100322467
cell_15/comb_iter_0/left/separable_5x5_1/separable_conv2d,CPU,12329.4,10972.3,0.8899297613833601
cell_15/comb_iter_0/left/separable_5x5_2/separable_conv2d/depthwise,CPU,1676.3,1709.6,1.019865179263855
cell_15/comb_iter_0/left/separable_5x5_2/separable_conv2d,CPU,12266.5,10707.3,0.8728895773040394
cell_15/comb_iter_0/right/Relu,CPU,178.11111111111111,192.7,1.0819089207735495
cell_15/comb_iter_0/right/separable_3x3_1/separable_conv2d/depthwise,CPU,543.0,591.0,1.0883977900552486
cell_15/comb_iter_0/right/separable_3x3_1/separable_conv2d,CPU,12278.2,10748.0,0.8753726116205958
cell_15/comb_iter_0/right/separable_3x3_2/separable_conv2d/depthwise,CPU,523.8888888888889,557.0,1.0632025450689289
cell_15/comb_iter_0/right/separable_3x3_2/separable_conv2d,CPU,12291.6,10819.1,0.8802027400826581
cell_15/comb_iter_0/combine/add,CPU,234.2,273.7,1.1686592655849701
cell_15/comb_iter_1/left/Relu,OpenCL,1152.888888888889,1261.8,1.0944680030840401
cell_15/comb_iter_1/left/separable_5x5_1/separable_conv2d/depthwise,OpenCL,1843.9,1855.4,1.0062367807364825
cell_15/comb_iter_1/left/separable_5x5_1/separable_conv2d,OpenCL,7802.4,7863.9,1.0078821900953552
cell_15/comb_iter_1/left/separable_5x5_2/separable_conv2d/depthwise,OpenCL,1929.4444444444443,2061.9,1.0686495824935216
cell_15/comb_iter_1/left/separable_5x5_2/separable_conv2d,OpenCL,8029.500000000001,7963.3,0.9917554019552898
cell_15/comb_iter_1/right/Relu,OpenCL,1224.4,1107.6,0.9046063377981051
cell_15/comb_iter_1/right/separable_3x3_1/separable_conv2d/depthwise,OpenCL,1497.4,1324.0,0.884199278749833
cell_15/comb_iter_1/right/separable_3x3_1/separable_conv2d,OpenCL,7861.8,7647.2,0.9727034521356432
cell_15/comb_iter_1/right/separable_3x3_2/separable_conv2d/depthwise,OpenCL,1373.2222222222222,1585.3,1.154438061331823
cell_15/comb_iter_1/right/separable_3x3_2/separable_conv2d,OpenCL,7780.4,7946.3,1.0213228111665211
cell_15/comb_iter_1/combine/add,OpenCL,1327.7,947.8,0.7138660842057694
cell_15/comb_iter_2/left/AvgPool2D/AvgPool,OpenCL,1957.1,1811.5,0.9256042103111748
cell_15/comb_iter_2/left/AvgPool2D/AvgPool___tr4cell_15/comb_iter_2/combine/add,OpenCL,1160.111111111111,892.7,0.7694952590748013
cell_15/prev_bn/FusedBatchNormV3___tr4cell_15/comb_iter_2/combine/add,OpenCL,1052.75,1335.2,1.268297316551888
cell_15/comb_iter_2/combine/add,OpenCL,1313.6,918.4,0.6991473812423874
cell_15/comb_iter_3/left/AvgPool2D/AvgPool,OpenCL,1876.5,1981.4,1.0559019451105782
cell_15/comb_iter_3/right/AvgPool2D/AvgPool,OpenCL,1931.6,1768.2,0.9154069165458688
cell_15/comb_iter_3/left/AvgPool2D/AvgPool___tr4cell_15/comb_iter_3/combine/add,OpenCL,1217.5,861.9,0.7079260780287474
cell_15/comb_iter_3/right/AvgPool2D/AvgPool___tr4cell_15/comb_iter_3/combine/add,OpenCL,1060.3333333333333,882.0,0.8318138950015719
cell_15/comb_iter_3/combine/add,OpenCL,1358.3,834.1,0.6140764190532283
cell_15/comb_iter_4/left/Relu,OpenCL,1130.25,1490.3,1.3185578411855783
cell_15/comb_iter_4/left/separable_3x3_1/separable_conv2d/depthwise,OpenCL,1450.2,1192.3,0.8221624603502965
cell_15/comb_iter_4/left/separable_3x3_1/separable_conv2d,OpenCL,7754.8,7787.3,1.004190952700263
cell_15/comb_iter_4/left/separable_3x3_2/separable_conv2d/depthwise,OpenCL,1517.5555555555557,2685.8,1.769819885781227
cell_15/comb_iter_4/left/separable_3x3_2/separable_conv2d,OpenCL,7740.5,7586.6,0.9801175634648925
cell_15/comb_iter_4/combine/add,OpenCL,1404.9,937.7,0.667449640543811
cell_15/comb_iter_2/combine/add___tr4cell_15/cell_output/concat,OpenCL,1234.6,919.9,0.7450996274096874
cell_15/comb_iter_3/combine/add___tr4cell_15/cell_output/concat,OpenCL,1224.6,909.9,0.7430181283684468
cell_15/cell_output/concat,OpenCL,2723.8,2390.4,0.8775974741170424
cell_17/Relu,OpenCL,3173.0,3276.7,1.032682004412228
cell_17/prev_1x1/Conv2D,OpenCL,43637.6,43645.1,1.0001718701303464
cell_16/Relu,OpenCL,3711.9,3690.4,0.994207818098548
cell_16/prev_1x1/Conv2D,OpenCL,44352.2,43424.0,0.9790720640689752
cell_16/Relu_1,CPU,949.6,1235.4,1.3009688289806234
cell_16/1x1/Conv2D,CPU,74681.6,89347.2,1.1963750107121431
cell_16/comb_iter_0/left/Relu,CPU,165.3,143.7,0.8693284936479128
cell_16/comb_iter_0/left/separable_5x5_1/separable_conv2d/depthwise,CPU,1706.4,1727.6,1.0124238162212844
cell_16/comb_iter_0/left/separable_5x5_1/separable_conv2d,CPU,12417.6,10988.5,0.8849133487952583
cell_16/comb_iter_0/left/separable_5x5_2/separable_conv2d/depthwise,CPU,1675.2222222222222,1690.0,1.0088213835643696
cell_16/comb_iter_0/left/separable_5x5_2/separable_conv2d,CPU,12320.8,10807.5,0.8771751834296475
cell_16/comb_iter_0/right/Relu,CPU,181.9,229.9,1.2638812534359538
cell_16/comb_iter_0/right/separable_3x3_1/separable_conv2d/depthwise,CPU,554.0,558.6,1.008303249097473
cell_16/comb_iter_0/right/separable_3x3_1/separable_conv2d,CPU,12336.7,10938.6,0.8866714761646145
cell_16/comb_iter_0/right/separable_3x3_2/separable_conv2d/depthwise,CPU,534.4,559.4,1.0467814371257484
cell_16/comb_iter_0/right/separable_3x3_2/separable_conv2d,CPU,12322.7,10627.9,0.8624652064888376
cell_16/comb_iter_0/combine/add,CPU,274.2,285.1,1.039752005835157
cell_16/comb_iter_1/left/Relu,OpenCL,1054.6666666666667,889.1,0.8430151706700378
cell_16/comb_iter_1/left/separable_5x5_1/separable_conv2d/depthwise,OpenCL,1673.4444444444443,1429.0,0.8539273620609522
cell_16/comb_iter_1/left/separable_5x5_1/separable_conv2d,OpenCL,7665.1,7613.8,0.9933073280192039
cell_16/comb_iter_1/left/separable_5x5_2/separable_conv2d/depthwise,OpenCL,1661.375,1854.6,1.1163042660446918
cell_16/comb_iter_1/left/separable_5x5_2/separable_conv2d,OpenCL,8080.8,7721.0,0.9554747054747055
cell_16/comb_iter_1/right/Relu,OpenCL,1155.6666666666667,1771.4,1.5327949235650418
cell_16/comb_iter_1/right/separable_3x3_1/separable_conv2d/depthwise,OpenCL,1380.888888888889,1945.7,1.409019954940457
cell_16/comb_iter_1/right/separable_3x3_1/separable_conv2d,OpenCL,7698.2,7675.0,0.9969863084876984
cell_16/comb_iter_1/right/separable_3x3_2/separable_conv2d/depthwise,OpenCL,1357.7777777777778,2425.2,1.786153846153846
cell_16/comb_iter_1/right/separable_3x3_2/separable_conv2d,OpenCL,7679.2,7608.3,0.99076726742369
cell_16/comb_iter_1/combine/add,OpenCL,1129.4444444444443,1008.6,0.8930054107230695
cell_16/comb_iter_2/left/AvgPool2D/AvgPool,OpenCL,1952.4,2121.1,1.0864064740831796
cell_16/comb_iter_2/left/AvgPool2D/AvgPool___tr4cell_16/comb_iter_2/combine/add,OpenCL,941.75,1029.5,1.093177594903106
cell_16/prev_bn/FusedBatchNormV3___tr4cell_16/comb_iter_2/combine/add,OpenCL,955.125,1256.9,1.3159534092396283
cell_16/comb_iter_2/combine/add,OpenCL,1074.625,937.1,0.8720251250436198
cell_16/comb_iter_3/left/AvgPool2D/AvgPool,OpenCL,1896.111111111111,2318.7,1.2228713741576325
cell_16/comb_iter_3/right/AvgPool2D/AvgPool,OpenCL,1851.0,1833.5,0.9905456509994598
cell_16/comb_iter_3/left/AvgPool2D/AvgPool___tr4cell_16/comb_iter_3/combine/add,OpenCL,1130.9,931.3,0.8235034043682022
cell_16/comb_iter_3/right/AvgPool2D/AvgPool___tr4cell_16/comb_iter_3/combine/add,OpenCL,1080.5555555555557,861.8,0.7975526992287917
cell_16/comb_iter_3/combine/add,OpenCL,1137.375,981.6,0.8630398944939004
cell_16/comb_iter_4/left/Relu,OpenCL,1115.5,1054.2,0.9450470640968176
cell_16/comb_iter_4/left/separable_3x3_1/separable_conv2d/depthwise,OpenCL,1398.7,1175.3,0.8402802602416529
cell_16/comb_iter_4/left/separable_3x3_1/separable_conv2d,OpenCL,7693.4,7707.8,1.0018717342137418
cell_16/comb_iter_4/left/separable_3x3_2/separable_conv2d/depthwise,OpenCL,1452.125,1202.7,0.8282344839459413
cell_16/comb_iter_4/left/separable_3x3_2/separable_conv2d,OpenCL,7672.4,7653.2,0.9974975235910537
cell_16/comb_iter_4/combine/add,OpenCL,1286.8,1706.0,1.3257693503263912
cell_16/comb_iter_2/combine/add___tr4cell_16/cell_output/concat,OpenCL,1110.111111111111,974.6,0.8779301371234111
cell_16/comb_iter_3/combine/add___tr4cell_16/cell_output/concat,OpenCL,1065.7777777777778,877.2,0.8230608840700584
cell_16/cell_output/concat,OpenCL,2762.7,2449.8,0.8867412314040614
cell_17/Relu_1,CPU,939.2,1170.5,1.2462734241908007
cell_17/1x1/Conv2D,CPU,76092.6,81097.0,1.0657672362358495
cell_17/comb_iter_0/left/Relu,CPU,126.2,161.3,1.2781299524564185
cell_17/comb_iter_0/left/separable_5x5_1/separable_conv2d/depthwise,CPU,1634.6,1745.4,1.067784167380399
cell_17/comb_iter_0/left/separable_5x5_1/separable_conv2d,CPU,12365.2,10770.6,0.8710413094814479
cell_17/comb_iter_0/left/separable_5x5_2/separable_conv2d/depthwise,CPU,1674.9,1650.8,0.9856110812585825
cell_17/comb_iter_0/left/separable_5x5_2/separable_conv2d,CPU,12354.9,10722.6,0.8678823786513853
cell_17/comb_iter_0/right/Relu,CPU,177.5,213.0,1.2
cell_17/comb_iter_0/right/separable_3x3_1/separable_conv2d/depthwise,CPU,543.6,574.0,1.0559234731420162
cell_17/comb_iter_0/right/separable_3x3_1/separable_conv2d,CPU,12296.8,10742.4,0.8735931299199792
cell_17/comb_iter_0/right/separable_3x3_2/separable_conv2d/depthwise,CPU,534.7,564.0,1.0547970824761548
cell_17/comb_iter_0/right/separable_3x3_2/separable_conv2d,CPU,12297.9,10598.8,0.8618382000178892
cell_17/comb_iter_0/combine/add,CPU,270.2,245.2,0.9074759437453738
cell_17/comb_iter_1/left/Relu,OpenCL,1165.4,802.8,0.6888621932383729
cell_17/comb_iter_1/left/separable_5x5_1/separable_conv2d/depthwise,OpenCL,1691.0,1520.2,0.8989946777054997
cell_17/comb_iter_1/left/separable_5x5_1/separable_conv2d,OpenCL,7661.2,7749.5,1.0115256095650813
cell_17/comb_iter_1/left/separable_5x5_2/separable_conv2d/depthwise,OpenCL,1750.6666666666667,1536.1,0.8774371667936024
cell_17/comb_iter_1/left/separable_5x5_2/separable_conv2d,OpenCL,7881.7,7818.4,0.9919687377088698
cell_17/comb_iter_1/right/Relu,OpenCL,1155.4444444444443,1252.5,1.0839984613905185
cell_17/comb_iter_1/right/separable_3x3_1/separable_conv2d/depthwise,OpenCL,1454.7,1156.2,0.7948030521757063
cell_17/comb_iter_1/right/separable_3x3_1/separable_conv2d,OpenCL,7726.4,7836.1,1.014198074135432
cell_17/comb_iter_1/right/separable_3x3_2/separable_conv2d/depthwise,OpenCL,1416.0,2555.9,1.8050141242937854
cell_17/comb_iter_1/right/separable_3x3_2/separable_conv2d,OpenCL,7561.8,7721.6,1.0211325345817133
cell_17/comb_iter_1/combine/add,OpenCL,1145.3333333333333,1474.9,1.287747380675204
cell_17/comb_iter_2/left/AvgPool2D/AvgPool,OpenCL,1777.4444444444443,2296.0,1.291742201662812
cell_17/comb_iter_2/left/AvgPool2D/AvgPool___tr4cell_17/comb_iter_2/combine/add,OpenCL,931.75,920.8,0.9882479205795546
cell_17/prev_bn/FusedBatchNormV3___tr4cell_17/comb_iter_2/combine/add,OpenCL,919.8571428571429,2029.7,2.2065382823419784
cell_17/comb_iter_2/combine/add,OpenCL,1316.0,955.4,0.7259878419452888
cell_17/comb_iter_3/left/AvgPool2D/AvgPool,OpenCL,1892.5,2292.3,1.2112549537648614
cell_17/comb_iter_3/right/AvgPool2D/AvgPool,OpenCL,1782.2222222222222,2315.3,1.2991084788029927
cell_17/comb_iter_3/left/AvgPool2D/AvgPool___tr4cell_17/comb_iter_3/combine/add,OpenCL,1094.875,987.6,0.9020207786276973
cell_17/comb_iter_3/right/AvgPool2D/AvgPool___tr4cell_17/comb_iter_3/combine/add,OpenCL,1023.3749999999999,948.4,0.9267375106876756
cell_17/comb_iter_3/combine/add,OpenCL,1248.111111111111,1001.7,0.8025727766402564
cell_17/comb_iter_4/left/Relu,OpenCL,1141.8,1189.1,1.0414258188824663
cell_17/comb_iter_4/left/separable_3x3_1/separable_conv2d/depthwise,OpenCL,1380.4444444444443,1406.1,1.018584996780425
cell_17/comb_iter_4/left/separable_3x3_1/separable_conv2d,OpenCL,7735.0,7766.0,1.0040077569489334
cell_17/comb_iter_4/left/separable_3x3_2/separable_conv2d/depthwise,OpenCL,1731.25,1270.9,0.7340938628158845
cell_17/comb_iter_4/left/separable_3x3_2/separable_conv2d,OpenCL,7754.6,7560.6,0.974982590978258
cell_17/comb_iter_4/combine/add,OpenCL,1287.7,1002.2,0.7782868680593306
cell_17/comb_iter_2/combine/add___tr4cell_17/cell_output/concat,OpenCL,1040.2222222222222,915.5,0.8801004058961761
cell_17/comb_iter_3/combine/add___tr4cell_17/cell_output/concat,OpenCL,1106.0,948.9,0.8579566003616637
cell_17/cell_output/concat,OpenCL,2641.0,2250.7,0.8522150700492237
final_layer/Relu,CPU,927.2,927.6,1.0004314063848145
final_layer/Mean/reduction_indices,CPU,1.0,0.2,0.2
final_layer/Relu___tr4final_layer/Mean,CPU,5719.9,5694.9,0.9956292942184304
final_layer/Mean,CPU,4771.2,4744.9,0.9944877598926894
final_layer/FC/weights,CPU,0.9,0.2,0.22222222222222224
final_layer/FC/MatMul,CPU,24833.333333333332,25660.7,1.03331677852349
final_layer/FC/biases,CPU,0.0,0.7,0
final_layer/FC/BiasAdd,CPU,33.7,36.0,1.0682492581602372
final_layer/predictions,CPU,19.88888888888889,20.5,1.0307262569832403
