conv0/Conv2D,OpenCL,4770.3,3776.5,0.7916692870469362
cell_stem_0/Relu,CPU,1575.888888888889,1701.7,1.0798350137488544
cell_stem_0/1x1/Conv2D,OpenCL,3643.2000000000003,7342.0,2.0152613087395697
cell_stem_0/comb_iter_1/left/MaxPool2D/MaxPool,CPU,970.1111111111111,789.3,0.8136181422517467
cell_stem_0/comb_iter_1/right/Relu,CPU,1440.9,1493.0,1.0361579568325352
cell_stem_0/comb_iter_1/right/separable_7x7_1/separable_conv2d/depthwise,CPU,2698.222222222222,2777.6,1.0294185471915664
cell_stem_0/comb_iter_1/right/separable_7x7_1/separable_conv2d,CPU,1589.4444444444443,1655.4,1.0414959804264246
cell_stem_0/comb_iter_1/right/separable_7x7_2/separable_conv2d/depthwise,CPU,1159.5555555555557,1189.7,1.025996550402453
cell_stem_0/comb_iter_1/right/separable_7x7_2/separable_conv2d,CPU,826.4444444444445,913.4,1.105216456036569
cell_stem_0/comb_iter_1/left/MaxPool2D/MaxPool___tr4cell_stem_0/comb_iter_1/combine/add,CPU,1103.3,1264.6,1.1461977703253874
cell_stem_0/comb_iter_1/right/bn_sep_7x7_2/FusedBatchNormV3___tr4cell_stem_0/comb_iter_1/combine/add,CPU,732.6,1174.8,1.6036036036036034
cell_stem_0/comb_iter_1/combine/add,OpenCL,712.4999999999999,756.9,1.0623157894736843
cell_stem_0/comb_iter_2/left/AvgPool2D/AvgPool,CPU,787.0,794.2,1.009148665819568
cell_stem_0/comb_iter_2/right/Relu,CPU,1423.0,1526.3,1.072593113141251
cell_stem_0/comb_iter_2/right/separable_5x5_1/separable_conv2d/depthwise,OpenCL,3458.2499999999995,2511.4,0.7262054507337528
cell_stem_0/comb_iter_2/right/separable_5x5_1/separable_conv2d,CPU,1623.3333333333333,1627.6,1.0026283367556468
cell_stem_0/comb_iter_2/right/separable_5x5_2/separable_conv2d/depthwise,CPU,668.2222222222222,728.8,1.090655138011307
cell_stem_0/comb_iter_2/right/separable_5x5_2/separable_conv2d,OpenCL,1032.3,861.0,0.8340598663179308
cell_stem_0/comb_iter_2/left/AvgPool2D/AvgPool___tr4cell_stem_0/comb_iter_2/combine/add,CPU,1134.8,1172.4,1.0331335918223477
cell_stem_0/comb_iter_2/right/bn_sep_5x5_2/FusedBatchNormV3___tr4cell_stem_0/comb_iter_2/combine/add,CPU,734.3,1145.9,1.5605338417540517
cell_stem_0/comb_iter_2/combine/add,CPU,316.7,558.7,1.7641300915693088
cell_stem_0/comb_iter_0/left/Relu,OpenCL,1197.3333333333333,1286.1,1.0741369710467705
cell_stem_0/comb_iter_0/left/separable_5x5_1/separable_conv2d/depthwise,OpenCL,2126.1666666666665,1966.6,0.9249510072901153
cell_stem_0/comb_iter_0/left/separable_5x5_1/separable_conv2d,OpenCL,1017.5000000000001,1059.0,1.0407862407862407
cell_stem_0/comb_iter_0/left/separable_5x5_2/separable_conv2d/depthwise,OpenCL,1515.6000000000001,1744.6,1.1510952757983635
cell_stem_0/comb_iter_0/left/separable_5x5_2/separable_conv2d,OpenCL,1084.2,1348.8,1.2440509131156612
cell_stem_0/comb_iter_0/right/Relu,OpenCL,1759.8,1461.9,0.8307193999318105
cell_stem_0/comb_iter_0/right/separable_7x7_1/separable_conv2d/depthwise,CPU,2744.6666666666665,3157.3,1.1503400534369688
cell_stem_0/comb_iter_0/right/separable_7x7_1/separable_conv2d,CPU,1576.3333333333333,1676.5,1.0635440896595476
cell_stem_0/comb_iter_0/right/separable_7x7_2/separable_conv2d/depthwise,CPU,1156.2222222222222,1190.9,1.0299923121276189
cell_stem_0/comb_iter_0/right/separable_7x7_2/separable_conv2d,CPU,736.0,907.9,1.2335597826086957
cell_stem_0/comb_iter_0/combine/add,CPU,376.7,424.5,1.126891425537563
cell_stem_0/comb_iter_3/right/AvgPool2D/AvgPool,CPU,517.0,514.7,0.995551257253385
cell_stem_0/comb_iter_3/right/AvgPool2D/AvgPool___tr4cell_stem_0/comb_iter_3/combine/add,CPU,1084.0,1121.0,1.0341328413284132
cell_stem_0/comb_iter_3/combine/add,CPU,305.8,369.4,1.2079790712884237
cell_stem_0/comb_iter_4/left/Relu,CPU,262.3,201.3,0.7674418604651163
cell_stem_0/comb_iter_4/left/separable_3x3_1/separable_conv2d/depthwise,CPU,319.6666666666667,363.8,1.138060479666319
cell_stem_0/comb_iter_4/left/separable_3x3_1/separable_conv2d,CPU,732.1111111111111,765.7,1.0458794961299136
cell_stem_0/comb_iter_4/left/separable_3x3_2/separable_conv2d/depthwise,CPU,337.6666666666667,373.7,1.1067127344521224
cell_stem_0/comb_iter_4/left/separable_3x3_2/separable_conv2d,CPU,726.8888888888889,890.6,1.225221644756955
cell_stem_0/comb_iter_4/right/MaxPool2D/MaxPool,CPU,941.5555555555555,828.5,0.8799268350247818
cell_stem_0/comb_iter_4/left/bn_sep_3x3_2/FusedBatchNormV3___tr4cell_stem_0/comb_iter_4/combine/add,CPU,1147.5,849.5,0.7403050108932462
cell_stem_0/comb_iter_4/right/MaxPool2D/MaxPool___tr4cell_stem_0/comb_iter_4/combine/add,CPU,746.9,1163.9,1.5583076717097337
cell_stem_0/comb_iter_4/combine/add,CPU,304.1,356.0,1.1706675435711935
cell_stem_0/cell_output/concat,CPU,4902.5,4868.2,0.9930035696073432
cell_stem_1/Relu_1,CPU,764.9,774.9,1.013073604392731
cell_stem_1/Relu_1___tr4cell_stem_1/1x1/Conv2D,CPU,2325.2,2466.1,1.0605969378978153
cell_stem_1/1x1/Conv2D,CPU,4561.7,4756.3,1.0426595348225443
cell_stem_1/comb_iter_1/left/MaxPool2D/MaxPool,CPU,466.7,467.1,1.000857081637026
cell_stem_1/Relu,CPU,1539.1,1519.6,0.9873302579429537
cell_stem_1/AvgPool2D,OpenCL,1567.1999999999998,2998.2,1.913093415007657
cell_stem_1/path1_conv/Conv2D,OpenCL,1399.5000000000002,1265.7,0.9043944265809216
cell_stem_1/Pad/paddings,CPU,0.0,0.3,0
cell_stem_1/Pad_Gather_Index,CPU,0.0,0.3,0
cell_stem_1/Pad_Gather,CPU,0.0,0.4,0
cell_stem_1/Pad,CPU,2731.0,3491.2,1.2783595752471621
cell_stem_1/strided_slice/stack,CPU,0.9,0.1,0.11111111111111112
cell_stem_1/strided_slice/stack_1,CPU,0.0,0.4,0
cell_stem_1/strided_slice/stack_2,CPU,0.0,0.3,0
cell_stem_1/Pad___tr4cell_stem_1/strided_slice,CPU,3074.5714285714284,3710.6,1.2068673915063657
cell_stem_1/strided_slice,CPU,4452.0,5418.2,1.217026055705301
cell_stem_1/strided_slice___tr4cell_stem_1/AvgPool2D_1,CPU,5606.4,6246.4,1.1141552511415524
cell_stem_1/AvgPool2D_1,CPU,941.4,877.8,0.9324410452517526
cell_stem_1/path2_conv/Conv2D,CPU,1602.0,1728.7,1.0790886392009988
cell_stem_1/concat,CPU,1699.2,1609.6,0.9472693032015065
cell_stem_1/final_path_bn/FusedBatchNormV3,CPU,352.5,460.1,1.3052482269503547
cell_stem_1/comb_iter_1/right/Relu,CPU,402.1,348.6,0.8669485202685899
cell_stem_1/comb_iter_1/right/separable_7x7_1/separable_conv2d/depthwise,CPU,792.7,793.4,1.000883057903368
cell_stem_1/comb_iter_1/right/separable_7x7_1/separable_conv2d,CPU,577.0,575.3,0.9970537261698439
cell_stem_1/comb_iter_1/right/separable_7x7_2/separable_conv2d/depthwise,CPU,615.1,605.3,0.9840676312794666
cell_stem_1/comb_iter_1/right/separable_7x7_2/separable_conv2d,CPU,502.49999999999994,497.2,0.989452736318408
cell_stem_1/comb_iter_1/left/MaxPool2D/MaxPool___tr4cell_stem_1/comb_iter_1/combine/add,CPU,157.42857142857142,127.5,0.80989110707804
cell_stem_1/comb_iter_1/right/bn_sep_7x7_2/FusedBatchNormV3___tr4cell_stem_1/comb_iter_1/combine/add,CPU,102.375,97.3,0.9504273504273504
cell_stem_1/comb_iter_1/combine/add,CPU,77.11111111111111,77.9,1.0102305475504323
cell_stem_1/comb_iter_2/left/AvgPool2D/AvgPool,OpenCL,697.8,790.4,1.1327027801662368
cell_stem_1/comb_iter_2/right/Relu,OpenCL,1008.5999999999999,3704.3,3.6727146539758087
cell_stem_1/comb_iter_2/right/separable_5x5_1/separable_conv2d/depthwise,OpenCL,1181.1666666666667,1592.6,1.348327924368562
cell_stem_1/comb_iter_2/right/separable_5x5_1/separable_conv2d,OpenCL,845.4999999999999,829.4,0.9809580130100534
cell_stem_1/comb_iter_2/right/separable_5x5_2/separable_conv2d/depthwise,OpenCL,760.3125,739.0,0.9719687628442253
cell_stem_1/comb_iter_2/right/separable_5x5_2/separable_conv2d,OpenCL,811.5000000000001,1352.5,1.6666666666666665
cell_stem_1/comb_iter_2/left/AvgPool2D/AvgPool___tr4cell_stem_1/comb_iter_2/combine/add,OpenCL,382.0714285714286,734.6,1.9226771359132546
cell_stem_1/comb_iter_2/right/bn_sep_5x5_2/FusedBatchNormV3___tr4cell_stem_1/comb_iter_2/combine/add,OpenCL,373.6666666666667,387.0,1.0356824264049955
cell_stem_1/comb_iter_2/combine/add,OpenCL,387.0,1002.5,2.590439276485788
cell_stem_1/comb_iter_0/left/Relu,CPU,691.0,350.2,0.5068017366136035
cell_stem_1/comb_iter_0/left/separable_5x5_1/separable_conv2d/depthwise,CPU,465.6,445.9,0.957689003436426
cell_stem_1/comb_iter_0/left/separable_5x5_1/separable_conv2d,CPU,562.8,562.9,1.0001776830135038
cell_stem_1/comb_iter_0/left/separable_5x5_2/separable_conv2d/depthwise,CPU,359.0,374.8,1.0440111420612814
cell_stem_1/comb_iter_0/left/separable_5x5_2/separable_conv2d,CPU,486.2,633.2,1.3023447141094202
cell_stem_1/comb_iter_0/right/Relu,CPU,429.8,362.7,0.8438808748255002
cell_stem_1/comb_iter_0/right/separable_7x7_1/separable_conv2d/depthwise,CPU,780.6,795.8,1.0194722008711248
cell_stem_1/comb_iter_0/right/separable_7x7_1/separable_conv2d,CPU,564.9,535.0,0.9470702779252965
cell_stem_1/comb_iter_0/right/separable_7x7_2/separable_conv2d/depthwise,CPU,610.3,640.6,1.049647714238899
cell_stem_1/comb_iter_0/right/separable_7x7_2/separable_conv2d,CPU,487.3,524.3,1.0759285860865995
cell_stem_1/comb_iter_0/combine/add,CPU,72.0,115.7,1.6069444444444445
cell_stem_1/comb_iter_3/right/AvgPool2D/AvgPool,CPU,245.6,268.0,1.0912052117263844
cell_stem_1/comb_iter_3/right/AvgPool2D/AvgPool___tr4cell_stem_1/comb_iter_3/combine/add,CPU,131.66666666666666,309.1,2.347594936708861
cell_stem_1/comb_iter_3/combine/add,CPU,95.1,70.4,0.740273396424816
cell_stem_1/comb_iter_4/left/Relu,CPU,105.5,86.2,0.8170616113744076
cell_stem_1/comb_iter_4/left/separable_3x3_1/separable_conv2d/depthwise,CPU,140.6,177.4,1.2617354196301567
cell_stem_1/comb_iter_4/left/separable_3x3_1/separable_conv2d,CPU,476.1,526.7,1.106280193236715
cell_stem_1/comb_iter_4/left/separable_3x3_2/separable_conv2d/depthwise,CPU,126.9,177.1,1.3955870764381402
cell_stem_1/comb_iter_4/left/separable_3x3_2/separable_conv2d,CPU,474.1,575.5,1.2138789284960978
cell_stem_1/comb_iter_4/right/MaxPool2D/MaxPool,CPU,472.6,440.9,0.932924248836225
cell_stem_1/comb_iter_4/left/bn_sep_3x3_2/FusedBatchNormV3___tr4cell_stem_1/comb_iter_4/combine/add,CPU,167.0,339.1,2.0305389221556887
cell_stem_1/comb_iter_4/right/MaxPool2D/MaxPool___tr4cell_stem_1/comb_iter_4/combine/add,CPU,96.42857142857143,286.9,2.975259259259259
cell_stem_1/comb_iter_4/combine/add,CPU,67.4,100.0,1.4836795252225519
cell_stem_1/cell_output/concat,CPU,1598.6,1444.4,0.9035405980232705
cell_1/Relu,CPU,431.4,300.3,0.6961057023643951
cell_1/Relu___tr4cell_1/prev_1x1/Conv2D,CPU,1301.7,1345.6,1.0337251286778826
cell_1/prev_1x1/Conv2D,OpenCL,3097.2,3028.6,0.9778509621593697
cell_0/Relu,CPU,808.2,617.9,0.7645384805741152
cell_0/Relu___tr4cell_0/AvgPool2D,OpenCL,1161.4499999999998,886.7,0.7634422489129968
cell_0/AvgPool2D,OpenCL,715.0000000000001,594.6,0.8316083916083915
cell_0/path1_conv/Conv2D,OpenCL,1311.3000000000002,894.2,0.6819187066270113
cell_0/Pad/paddings,CPU,0.0,0.5,0
cell_0/Pad,CPU,1951.1,1782.1,0.9133821946594228
cell_0/strided_slice/stack,CPU,0.0,0.1,0
cell_0/strided_slice/stack_1,CPU,0.0,0.4,0
cell_0/strided_slice/stack_2,CPU,0.0,0.3,0
cell_0/strided_slice,CPU,1933.2,1938.7,1.0028450237947444
cell_0/strided_slice___tr4cell_0/AvgPool2D_1,CPU,2350.0,2328.8,0.9909787234042554
cell_0/AvgPool2D_1,CPU,555.1,596.8,1.0751215997117636
cell_0/path2_conv/Conv2D,CPU,1137.1,1160.1,1.0202268929733533
cell_0/concat,CPU,148.11111111111111,239.0,1.6136534133533382
cell_0/final_path_bn/FusedBatchNormV3,CPU,229.0,158.7,0.6930131004366812
cell_0/Relu_1,CPU,565.7,353.7,0.625243061693477
cell_0/Relu_1___tr4cell_0/1x1/Conv2D,CPU,1149.4,1314.6,1.1437271619975637
cell_0/1x1/Conv2D,CPU,4132.4,4173.5,1.0099457942115964
cell_0/comb_iter_0/left/Relu,OpenCL,758.5500000000001,1900.2,2.5050425153252913
cell_0/comb_iter_0/left/separable_5x5_1/separable_conv2d/depthwise,OpenCL,994.1999999999999,1672.9,1.682659424663046
cell_0/comb_iter_0/left/separable_5x5_1/separable_conv2d,OpenCL,1941.6,1141.3,0.5878141738772147
cell_0/comb_iter_0/left/separable_5x5_2/separable_conv2d/depthwise,OpenCL,1063.1666666666667,1025.3,0.9643831321523749
cell_0/comb_iter_0/left/separable_5x5_2/separable_conv2d,OpenCL,1885.8000000000002,1123.5,0.5957683741648107
cell_0/comb_iter_0/right/Relu,OpenCL,426.74999999999994,1485.6,3.4811950790861164
cell_0/comb_iter_0/right/separable_3x3_1/separable_conv2d/depthwise,OpenCL,837.1666666666666,950.0,1.1347800119450528
cell_0/comb_iter_0/right/separable_3x3_1/separable_conv2d,OpenCL,1761.4999999999998,1515.0,0.860062446778314
cell_0/comb_iter_0/right/separable_3x3_2/separable_conv2d/depthwise,OpenCL,762.6428571428572,716.5,0.9394961131403952
cell_0/comb_iter_0/right/separable_3x3_2/separable_conv2d,OpenCL,1857.1499999999999,1425.3,0.7674662789758502
cell_0/comb_iter_0/combine/add,OpenCL,629.1666666666666,642.1,1.0205562913907287
cell_0/comb_iter_1/left/Relu,OpenCL,421.50000000000006,880.4,2.0887307236061683
cell_0/comb_iter_1/left/separable_5x5_1/separable_conv2d/depthwise,OpenCL,999.4499999999999,931.6,0.9321126619640804
cell_0/comb_iter_1/left/separable_5x5_1/separable_conv2d,OpenCL,1800.7499999999998,1172.6,0.6511731223101486
cell_0/comb_iter_1/left/separable_5x5_2/separable_conv2d/depthwise,OpenCL,997.3499999999999,702.4,0.7042663057101319
cell_0/comb_iter_1/left/separable_5x5_2/separable_conv2d,OpenCL,1859.25,1318.2,0.708995562726906
cell_0/comb_iter_1/right/Relu,OpenCL,451.7142857142857,697.5,1.5441176470588236
cell_0/comb_iter_1/right/separable_3x3_1/separable_conv2d/depthwise,OpenCL,751.5,685.2,0.9117764471057885
cell_0/comb_iter_1/right/separable_3x3_1/separable_conv2d,OpenCL,1779.3000000000002,1552.1,0.8723093351317932
cell_0/comb_iter_1/right/separable_3x3_2/separable_conv2d/depthwise,OpenCL,732.1666666666666,800.1,1.0927839745048942
cell_0/comb_iter_1/right/separable_3x3_2/separable_conv2d,OpenCL,1849.9500000000003,1291.2,0.6979648098597259
cell_0/comb_iter_1/combine/add,OpenCL,640.6666666666667,660.1,1.0303329864724244
cell_0/comb_iter_2/left/AvgPool2D/AvgPool,CPU,512.5,512.3,0.9996097560975609
cell_0/comb_iter_2/left/AvgPool2D/AvgPool___tr4cell_0/comb_iter_2/combine/add,CPU,474.22222222222223,408.5,0.8614104967197751
cell_0/final_path_bn/FusedBatchNormV3___tr4cell_0/comb_iter_2/combine/add,CPU,275.1666666666667,673.0,2.4457904300423983
cell_0/comb_iter_2/combine/add,CPU,294.7,407.0,1.3810654903291484
cell_0/comb_iter_3/left/AvgPool2D/AvgPool,CPU,506.49999999999994,500.5,0.9881539980256665
cell_0/comb_iter_3/right/AvgPool2D/AvgPool,CPU,490.5,521.7,1.0636085626911316
cell_0/comb_iter_3/left/AvgPool2D/AvgPool___tr4cell_0/comb_iter_3/combine/add,CPU,283.14285714285717,598.8,2.114833501513622
cell_0/comb_iter_3/right/AvgPool2D/AvgPool___tr4cell_0/comb_iter_3/combine/add,CPU,229.875,462.4,2.01152800435019
cell_0/comb_iter_3/combine/add,CPU,300.2,310.7,1.0349766822118587
cell_0/comb_iter_4/left/Relu,CPU,249.0,403.6,1.6208835341365462
cell_0/comb_iter_4/left/separable_3x3_1/separable_conv2d/depthwise,CPU,340.5,390.2,1.1459618208516886
cell_0/comb_iter_4/left/separable_3x3_1/separable_conv2d,CPU,2039.9000000000003,2173.8,1.0656404725721849
cell_0/comb_iter_4/left/separable_3x3_2/separable_conv2d/depthwise,CPU,325.8,386.3,1.185696746470227
cell_0/comb_iter_4/left/separable_3x3_2/separable_conv2d,CPU,2050.4,2150.3,1.0487222005462349
cell_0/comb_iter_4/combine/add,CPU,344.3,480.4,1.3952948010455997
cell_0/comb_iter_2/combine/add___tr4cell_0/cell_output/concat,CPU,456.5,489.3,1.0718510405257393
cell_0/comb_iter_3/combine/add___tr4cell_0/cell_output/concat,CPU,620.0,646.7,1.0430645161290324
cell_0/cell_output/concat,CPU,979.1,1125.8,1.1498314778878562
cell_1/Relu_1,CPU,967.0,1040.9,1.076421923474664
cell_1/1x1/Conv2D,CPU,13931.1,14341.8,1.0294808019467234
cell_1/comb_iter_0/left/Relu,CPU,157.1,379.7,2.416931890515595
cell_1/comb_iter_0/left/separable_5x5_1/separable_conv2d/depthwise,CPU,738.5,685.3,0.9279620853080568
cell_1/comb_iter_0/left/separable_5x5_1/separable_conv2d,CPU,2051.3,2104.0,1.0256910252035294
cell_1/comb_iter_0/left/separable_5x5_2/separable_conv2d/depthwise,CPU,657.8,681.8,1.0364852538765583
cell_1/comb_iter_0/left/separable_5x5_2/separable_conv2d,CPU,2044.4,2105.2,1.0297397769516727
cell_1/comb_iter_0/right/Relu,CPU,371.8,328.3,0.8830016137708445
cell_1/comb_iter_0/right/separable_3x3_1/separable_conv2d/depthwise,CPU,368.0,395.4,1.0744565217391304
cell_1/comb_iter_0/right/separable_3x3_1/separable_conv2d,CPU,2092.3,2100.5,1.0039191320556324
cell_1/comb_iter_0/right/separable_3x3_2/separable_conv2d/depthwise,CPU,330.0,332.6,1.007878787878788
cell_1/comb_iter_0/right/separable_3x3_2/separable_conv2d,CPU,2100.1,2115.3,1.0072377505833057
cell_1/comb_iter_0/combine/add,CPU,326.7,390.9,1.1965105601469237
cell_1/comb_iter_1/left/Relu,CPU,303.0,381.6,1.2594059405940594
cell_1/comb_iter_1/left/separable_5x5_1/separable_conv2d/depthwise,CPU,711.3,686.2,0.9647124982426544
cell_1/comb_iter_1/left/separable_5x5_1/separable_conv2d,CPU,2087.2,2094.9,1.003689152932158
cell_1/comb_iter_1/left/separable_5x5_2/separable_conv2d/depthwise,CPU,678.4,695.4,1.025058962264151
cell_1/comb_iter_1/left/separable_5x5_2/separable_conv2d,CPU,2094.6,2116.6,1.0105031987014228
cell_1/comb_iter_1/right/Relu,CPU,331.2,246.1,0.7430555555555556
cell_1/comb_iter_1/right/separable_3x3_1/separable_conv2d/depthwise,CPU,384.0,356.8,0.9291666666666667
cell_1/comb_iter_1/right/separable_3x3_1/separable_conv2d,CPU,2042.5999999999997,2098.4,1.0273181239596594
cell_1/comb_iter_1/right/separable_3x3_2/separable_conv2d/depthwise,CPU,340.8,343.6,1.0082159624413145
cell_1/comb_iter_1/right/separable_3x3_2/separable_conv2d,CPU,2039.2,2094.0,1.0268732836406433
cell_1/comb_iter_1/combine/add,CPU,316.5,342.0,1.080568720379147
cell_1/comb_iter_2/left/AvgPool2D/AvgPool,CPU,526.0,528.1,1.0039923954372625
cell_1/comb_iter_2/left/AvgPool2D/AvgPool___tr4cell_1/comb_iter_2/combine/add,CPU,371.1666666666667,591.4,1.5933542882801974
cell_1/prev_bn/FusedBatchNormV3___tr4cell_1/comb_iter_2/combine/add,CPU,293.85714285714283,680.9,2.317112299465241
cell_1/comb_iter_2/combine/add,CPU,289.0,454.3,1.5719723183391003
cell_1/comb_iter_3/left/AvgPool2D/AvgPool,CPU,490.55555555555554,494.5,1.0080407701019254
cell_1/comb_iter_3/right/AvgPool2D/AvgPool,CPU,491.5,556.1,1.1314343845371313
cell_1/comb_iter_3/left/AvgPool2D/AvgPool___tr4cell_1/comb_iter_3/combine/add,CPU,275.1111111111111,614.7,2.2343699515347337
cell_1/comb_iter_3/right/AvgPool2D/AvgPool___tr4cell_1/comb_iter_3/combine/add,CPU,223.66666666666666,576.5,2.577496274217586
cell_1/comb_iter_3/combine/add,CPU,316.5,319.9,1.0107424960505529
cell_1/comb_iter_4/left/Relu,CPU,253.7,376.9,1.4856129286558928
cell_1/comb_iter_4/left/separable_3x3_1/separable_conv2d/depthwise,CPU,338.8,349.5,1.031582054309327
cell_1/comb_iter_4/left/separable_3x3_1/separable_conv2d,CPU,2037.0999999999997,2092.8,1.027342791222817
cell_1/comb_iter_4/left/separable_3x3_2/separable_conv2d/depthwise,CPU,332.3,351.8,1.0586819139331929
cell_1/comb_iter_4/left/separable_3x3_2/separable_conv2d,CPU,2029.7,2173.1,1.070650835098783
cell_1/comb_iter_4/combine/add,CPU,338.2,328.4,0.9710230632761679
cell_1/comb_iter_2/combine/add___tr4cell_1/cell_output/concat,CPU,442.1,470.3,1.0637864736484959
cell_1/comb_iter_3/combine/add___tr4cell_1/cell_output/concat,CPU,673.9,664.7,0.9863481228668943
cell_1/cell_output/concat,CPU,1068.3,1152.2,1.0785359917626136
cell_3/Relu,CPU,944.7,1011.9,1.0711336932359479
cell_3/prev_1x1/Conv2D,CPU,14034.2,14147.5,1.0080731356258283
cell_2/Relu,CPU,1142.7,973.9,0.8522796884571628
cell_2/prev_1x1/Conv2D,OpenCL,8077.05,5618.0,0.6955509746751598
cell_2/Relu_1,CPU,1165.0,979.2,0.8405150214592275
cell_2/1x1/Conv2D,OpenCL,8334.3,5603.6,0.6723540069351956
cell_2/comb_iter_0/left/Relu,OpenCL,717.0,457.3,0.6377963737796374
cell_2/comb_iter_0/left/separable_5x5_1/separable_conv2d/depthwise,OpenCL,1220.25,976.7,0.8004097520999796
cell_2/comb_iter_0/left/separable_5x5_1/separable_conv2d,OpenCL,1918.8333333333335,1274.7,0.6643099105359159
cell_2/comb_iter_0/left/separable_5x5_2/separable_conv2d/depthwise,OpenCL,1202.5,788.1,0.6553846153846155
cell_2/comb_iter_0/left/separable_5x5_2/separable_conv2d,OpenCL,1911.15,1323.7,0.6926196269261963
cell_2/comb_iter_0/right/Relu,OpenCL,595.9499999999999,619.1,1.038845540733283
cell_2/comb_iter_0/right/separable_3x3_1/separable_conv2d/depthwise,OpenCL,861.8333333333335,705.1,0.818139624830787
cell_2/comb_iter_0/right/separable_3x3_1/separable_conv2d,OpenCL,1937.2500000000002,1372.0,0.7082204155374886
cell_2/comb_iter_0/right/separable_3x3_2/separable_conv2d/depthwise,OpenCL,860.8499999999999,1017.4,1.181855143172446
cell_2/comb_iter_0/right/separable_3x3_2/separable_conv2d,OpenCL,1959.3,1399.7,0.7143877915582096
cell_2/comb_iter_0/combine/add,OpenCL,671.25,709.8,1.0574301675977653
cell_2/comb_iter_1/left/Relu,OpenCL,587.3333333333333,518.1,0.8821225879682181
cell_2/comb_iter_1/left/separable_5x5_1/separable_conv2d/depthwise,OpenCL,1152.6000000000001,1065.1,0.924084678119035
cell_2/comb_iter_1/left/separable_5x5_1/separable_conv2d,OpenCL,1941.3,1517.5,0.7816926801627775
cell_2/comb_iter_1/left/separable_5x5_2/separable_conv2d/depthwise,OpenCL,1168.6666666666667,1024.2,0.8763833428408443
cell_2/comb_iter_1/left/separable_5x5_2/separable_conv2d,OpenCL,1909.6499999999999,1581.0,0.8279004005969681
cell_2/comb_iter_1/right/Relu,OpenCL,627.1666666666666,576.8,0.9196917353175658
cell_2/comb_iter_1/right/separable_3x3_1/separable_conv2d/depthwise,OpenCL,875.3333333333333,673.1,0.768964204112719
cell_2/comb_iter_1/right/separable_3x3_1/separable_conv2d,OpenCL,1924.95,1333.9,0.6929530637159407
cell_2/comb_iter_1/right/separable_3x3_2/separable_conv2d/depthwise,OpenCL,950.6999999999999,673.9,0.7088461133901336
cell_2/comb_iter_1/right/separable_3x3_2/separable_conv2d,OpenCL,1927.0000000000002,1258.4,0.6530358069538141
cell_2/comb_iter_1/combine/add,OpenCL,649.0,630.2,0.9710323574730355
cell_2/comb_iter_2/left/AvgPool2D/AvgPool,CPU,529.9,484.0,0.9133798829967918
cell_2/comb_iter_2/left/AvgPool2D/AvgPool___tr4cell_2/comb_iter_2/combine/add,CPU,556.0,544.6,0.9794964028776979
cell_2/prev_bn/FusedBatchNormV3___tr4cell_2/comb_iter_2/combine/add,CPU,353.0,766.1,2.1702549575070824
cell_2/comb_iter_2/combine/add,CPU,285.77777777777777,370.5,1.296461897356143
cell_2/comb_iter_3/left/AvgPool2D/AvgPool,OpenCL,875.3333333333333,734.6,0.8392231530845393
cell_2/comb_iter_3/right/AvgPool2D/AvgPool,OpenCL,905.8333333333334,712.0,0.7860165593376265
cell_2/comb_iter_3/left/AvgPool2D/AvgPool___tr4cell_2/comb_iter_3/combine/add,OpenCL,601.8,626.0,1.0402126952475907
cell_2/comb_iter_3/right/AvgPool2D/AvgPool___tr4cell_2/comb_iter_3/combine/add,OpenCL,565.1666666666666,517.8,0.9161899144795046
cell_2/comb_iter_3/combine/add,OpenCL,708.6666666666666,599.1,0.8453904045155222
cell_2/comb_iter_4/left/Relu,CPU,235.6,244.4,1.037351443123939
cell_2/comb_iter_4/left/separable_3x3_1/separable_conv2d/depthwise,CPU,341.8,387.6,1.133996489174956
cell_2/comb_iter_4/left/separable_3x3_1/separable_conv2d,CPU,2055.2,2077.4,1.0108018684312963
cell_2/comb_iter_4/left/separable_3x3_2/separable_conv2d/depthwise,CPU,326.5,376.3,1.1525267993874426
cell_2/comb_iter_4/left/separable_3x3_2/separable_conv2d,CPU,2035.0000000000002,2100.5,1.0321867321867322
cell_2/comb_iter_4/combine/add,CPU,354.0,302.6,0.8548022598870058
cell_2/comb_iter_2/combine/add___tr4cell_2/cell_output/concat,CPU,477.0,483.2,1.0129979035639414
cell_2/comb_iter_3/combine/add___tr4cell_2/cell_output/concat,OpenCL,605.85,476.5,0.7864983081620863
cell_2/cell_output/concat,CPU,1046.2,1127.1,1.0773274708468743
cell_3/Relu_1,CPU,937.4,969.2,1.0339236185193088
cell_3/1x1/Conv2D,OpenCL,8017.200000000001,5622.2,0.7012672753579803
cell_3/comb_iter_0/left/Relu,OpenCL,612.7499999999999,671.6,1.096042431660547
cell_3/comb_iter_0/left/separable_5x5_1/separable_conv2d/depthwise,OpenCL,1137.0,1691.1,1.4873350923482849
cell_3/comb_iter_0/left/separable_5x5_1/separable_conv2d,OpenCL,1906.9499999999996,1307.0,0.6853876609245131
cell_3/comb_iter_0/left/separable_5x5_2/separable_conv2d/depthwise,OpenCL,1125.3333333333333,993.8,0.8831161137440758
cell_3/comb_iter_0/left/separable_5x5_2/separable_conv2d,OpenCL,1887.4499999999998,1375.3,0.728655063710297
cell_3/comb_iter_0/right/Relu,OpenCL,614.625,869.7,1.4150091519219037
cell_3/comb_iter_0/right/separable_3x3_1/separable_conv2d/depthwise,OpenCL,956.0000000000002,894.8,0.9359832635983261
cell_3/comb_iter_0/right/separable_3x3_1/separable_conv2d,OpenCL,1883.1000000000001,1168.3,0.6204131485316764
cell_3/comb_iter_0/right/separable_3x3_2/separable_conv2d/depthwise,OpenCL,876.4499999999999,1615.0,1.8426607336413945
cell_3/comb_iter_0/right/separable_3x3_2/separable_conv2d,OpenCL,1899.3,1230.4,0.6478176170167957
cell_3/comb_iter_0/combine/add,OpenCL,634.1666666666666,1774.1,2.7975295663600526
cell_3/comb_iter_1/left/Relu,CPU,277.0,191.0,0.6895306859205776
cell_3/comb_iter_1/left/separable_5x5_1/separable_conv2d/depthwise,CPU,713.4,789.1,1.106111578357163
cell_3/comb_iter_1/left/separable_5x5_1/separable_conv2d,CPU,2093.5,2160.8,1.0321471220444234
cell_3/comb_iter_1/left/separable_5x5_2/separable_conv2d/depthwise,CPU,665.5,669.5,1.0060105184072126
cell_3/comb_iter_1/left/separable_5x5_2/separable_conv2d,CPU,2098.1,2099.1,1.0004766217053525
cell_3/comb_iter_1/right/Relu,CPU,336.22222222222223,336.1,0.999636483807006
cell_3/comb_iter_1/right/separable_3x3_1/separable_conv2d/depthwise,CPU,381.5,397.3,1.0414154652686762
cell_3/comb_iter_1/right/separable_3x3_1/separable_conv2d,CPU,2055.0,2135.5,1.0391727493917275
cell_3/comb_iter_1/right/separable_3x3_2/separable_conv2d/depthwise,CPU,337.1,406.6,1.2061702758825275
cell_3/comb_iter_1/right/separable_3x3_2/separable_conv2d,CPU,2027.0000000000002,2168.1,1.0696102614701528
cell_3/comb_iter_1/combine/add,CPU,316.4,320.1,1.0116940581542353
cell_3/comb_iter_2/left/AvgPool2D/AvgPool,CPU,533.5,486.2,0.911340206185567
cell_3/comb_iter_2/left/AvgPool2D/AvgPool___tr4cell_3/comb_iter_2/combine/add,CPU,392.1666666666667,339.8,0.8664683382915427
cell_3/prev_bn/FusedBatchNormV3___tr4cell_3/comb_iter_2/combine/add,CPU,295.2857142857143,523.7,1.7735365263667153
cell_3/comb_iter_2/combine/add,CPU,284.7,375.1,1.3175272216368108
cell_3/comb_iter_3/left/AvgPool2D/AvgPool,OpenCL,891.5999999999999,543.3,0.6093539703903096
cell_3/comb_iter_3/right/AvgPool2D/AvgPool,OpenCL,944.0000000000002,1001.4,1.0608050847457624
cell_3/comb_iter_3/left/AvgPool2D/AvgPool___tr4cell_3/comb_iter_3/combine/add,OpenCL,622.1999999999999,422.2,0.6785599485695918
cell_3/comb_iter_3/right/AvgPool2D/AvgPool___tr4cell_3/comb_iter_3/combine/add,OpenCL,620.85,434.2,0.6993637754691149
cell_3/comb_iter_3/combine/add,OpenCL,649.2,558.2,0.8598274799753542
cell_3/comb_iter_4/left/Relu,CPU,278.0,227.0,0.8165467625899281
cell_3/comb_iter_4/left/separable_3x3_1/separable_conv2d/depthwise,CPU,344.9,325.3,0.9431719338938824
cell_3/comb_iter_4/left/separable_3x3_1/separable_conv2d,CPU,2034.5,2068.4,1.016662570656181
cell_3/comb_iter_4/left/separable_3x3_2/separable_conv2d/depthwise,CPU,322.6,332.5,1.0306881587104773
cell_3/comb_iter_4/left/separable_3x3_2/separable_conv2d,CPU,2049.2,2072.2,1.0112238922506345
cell_3/comb_iter_4/combine/add,CPU,349.0,222.1,0.6363896848137536
cell_3/comb_iter_2/combine/add___tr4cell_3/cell_output/concat,CPU,448.8,451.5,1.0060160427807487
cell_3/comb_iter_3/combine/add___tr4cell_3/cell_output/concat,OpenCL,610.8,450.6,0.7377210216110021
cell_3/cell_output/concat,CPU,1015.6,1117.2,1.100039385584876
cell_5/Relu,CPU,938.3,979.0,1.0433763188745604
cell_5/prev_1x1/Conv2D,OpenCL,7988.7,5533.0,0.6926033021643071
cell_4/Relu,CPU,1165.9,1129.1,0.9684364010635559
cell_4/prev_1x1/Conv2D,CPU,13950.6,14242.2,1.0209023267816437
cell_4/Relu_1,CPU,1154.5,1041.9,0.9024686011260287
cell_4/1x1/Conv2D,CPU,13958.6,14253.5,1.0211267605633803
cell_4/comb_iter_0/left/Relu,CPU,152.6,282.0,1.8479685452162518
cell_4/comb_iter_0/left/separable_5x5_1/separable_conv2d/depthwise,CPU,729.7,716.5,0.9819103741263532
cell_4/comb_iter_0/left/separable_5x5_1/separable_conv2d,CPU,2102.8,2119.1,1.0077515693361232
cell_4/comb_iter_0/left/separable_5x5_2/separable_conv2d/depthwise,CPU,670.0,721.0,1.0761194029850747
cell_4/comb_iter_0/left/separable_5x5_2/separable_conv2d,CPU,2108.3,2143.7,1.0167907793008584
cell_4/comb_iter_0/right/Relu,CPU,327.3,272.8,0.8334860983806905
cell_4/comb_iter_0/right/separable_3x3_1/separable_conv2d/depthwise,CPU,373.4,370.6,0.992501339046599
cell_4/comb_iter_0/right/separable_3x3_1/separable_conv2d,CPU,2052.6,2108.6,1.0272824710123745
cell_4/comb_iter_0/right/separable_3x3_2/separable_conv2d/depthwise,CPU,336.2,374.6,1.114217727543129
cell_4/comb_iter_0/right/separable_3x3_2/separable_conv2d,CPU,2015.3,2119.7,1.0518037016821316
cell_4/comb_iter_0/combine/add,CPU,316.5,384.0,1.2132701421800949
cell_4/comb_iter_1/left/Relu,CPU,254.0,301.7,1.1877952755905512
cell_4/comb_iter_1/left/separable_5x5_1/separable_conv2d/depthwise,CPU,732.1,723.9,0.9887993443518645
cell_4/comb_iter_1/left/separable_5x5_1/separable_conv2d,CPU,2031.4999999999998,2149.7,1.058183608171302
cell_4/comb_iter_1/left/separable_5x5_2/separable_conv2d/depthwise,CPU,662.7,730.0,1.1015542477742568
cell_4/comb_iter_1/left/separable_5x5_2/separable_conv2d,CPU,2036.2999999999997,2192.8,1.076855080292688
cell_4/comb_iter_1/right/Relu,CPU,339.7,157.1,0.46246688254342067
cell_4/comb_iter_1/right/separable_3x3_1/separable_conv2d/depthwise,CPU,372.9,401.8,1.0775006704210246
cell_4/comb_iter_1/right/separable_3x3_1/separable_conv2d,CPU,2058.5,2131.7,1.0355598736944376
cell_4/comb_iter_1/right/separable_3x3_2/separable_conv2d/depthwise,CPU,328.3,366.8,1.11727078891258
cell_4/comb_iter_1/right/separable_3x3_2/separable_conv2d,CPU,2036.9,2095.0,1.0285237370514015
cell_4/comb_iter_1/combine/add,CPU,344.2,373.1,1.0839628123184197
cell_4/comb_iter_2/left/AvgPool2D/AvgPool,CPU,513.0,515.3,1.00448343079922
cell_4/comb_iter_2/left/AvgPool2D/AvgPool___tr4cell_4/comb_iter_2/combine/add,CPU,523.3333333333334,497.0,0.9496815286624203
cell_4/prev_bn/FusedBatchNormV3___tr4cell_4/comb_iter_2/combine/add,CPU,328.3333333333333,682.6,2.0789847715736043
cell_4/comb_iter_2/combine/add,CPU,274.2,335.0,1.2217359591539023
cell_4/comb_iter_3/left/AvgPool2D/AvgPool,OpenCL,893.6999999999999,1187.2,1.328409980977957
cell_4/comb_iter_3/right/AvgPool2D/AvgPool,OpenCL,862.6500000000001,857.0,0.9934504144206804
cell_4/comb_iter_3/left/AvgPool2D/AvgPool___tr4cell_4/comb_iter_3/combine/add,OpenCL,614.7,382.0,0.6214413535057751
cell_4/comb_iter_3/right/AvgPool2D/AvgPool___tr4cell_4/comb_iter_3/combine/add,OpenCL,654.5,722.6,1.1040488922841865
cell_4/comb_iter_3/combine/add,OpenCL,648.9,704.4,1.0855293573740177
cell_4/comb_iter_4/left/Relu,CPU,224.7,151.7,0.6751223854027593
cell_4/comb_iter_4/left/separable_3x3_1/separable_conv2d/depthwise,CPU,334.6,377.8,1.12910938433951
cell_4/comb_iter_4/left/separable_3x3_1/separable_conv2d,CPU,2045.7999999999997,2181.3,1.066233258383029
cell_4/comb_iter_4/left/separable_3x3_2/separable_conv2d/depthwise,CPU,332.5,369.1,1.1100751879699249
cell_4/comb_iter_4/left/separable_3x3_2/separable_conv2d,CPU,2022.3,2146.5,1.061415220293725
cell_4/comb_iter_4/combine/add,CPU,328.0,333.0,1.0152439024390243
cell_4/comb_iter_2/combine/add___tr4cell_4/cell_output/concat,CPU,470.6,668.4,1.4203144921376964
cell_4/comb_iter_3/combine/add___tr4cell_4/cell_output/concat,OpenCL,603.0,1105.8,1.8338308457711443
cell_4/cell_output/concat,CPU,1012.5,1157.1,1.1428148148148147
cell_5/Relu_1,CPU,931.6,1012.9,1.087269214255045
cell_5/1x1/Conv2D,OpenCL,8051.550000000001,7830.2,0.9725083990039184
cell_5/comb_iter_0/left/Relu,OpenCL,686.0625,603.1,0.8790744283501868
cell_5/comb_iter_0/left/separable_5x5_1/separable_conv2d/depthwise,OpenCL,1161.0,901.2,0.7762273901808786
cell_5/comb_iter_0/left/separable_5x5_1/separable_conv2d,OpenCL,1924.3500000000001,1343.8,0.6983137163197962
cell_5/comb_iter_0/left/separable_5x5_2/separable_conv2d/depthwise,OpenCL,1136.85,1203.4,1.0585389453313983
cell_5/comb_iter_0/left/separable_5x5_2/separable_conv2d,OpenCL,1909.05,1290.6,0.6760430580655299
cell_5/comb_iter_0/right/Relu,OpenCL,603.0,805.2,1.3353233830845772
cell_5/comb_iter_0/right/separable_3x3_1/separable_conv2d/depthwise,OpenCL,884.1666666666666,1198.2,1.3551743638077287
cell_5/comb_iter_0/right/separable_3x3_1/separable_conv2d,OpenCL,1878.8999999999999,1314.5,0.6996114747990846
cell_5/comb_iter_0/right/separable_3x3_2/separable_conv2d/depthwise,OpenCL,892.0,1205.1,1.3510089686098654
cell_5/comb_iter_0/right/separable_3x3_2/separable_conv2d,OpenCL,1947.1499999999996,1573.4,0.8080527951108032
cell_5/comb_iter_0/combine/add,OpenCL,639.5,740.9,1.1585613760750586
cell_5/comb_iter_1/left/Relu,OpenCL,612.1875,909.1,1.4850025523226136
cell_5/comb_iter_1/left/separable_5x5_1/separable_conv2d/depthwise,OpenCL,1166.6999999999998,1696.8,1.4543584469015174
cell_5/comb_iter_1/left/separable_5x5_1/separable_conv2d,OpenCL,1943.8500000000001,1832.8,0.9428711063096431
cell_5/comb_iter_1/left/separable_5x5_2/separable_conv2d/depthwise,OpenCL,1119.8333333333333,1384.4,1.2362553951480877
cell_5/comb_iter_1/left/separable_5x5_2/separable_conv2d,OpenCL,1917.0,1895.5,0.9887845592070944
cell_5/comb_iter_1/right/Relu,OpenCL,642.0,757.4,1.1797507788161994
cell_5/comb_iter_1/right/separable_3x3_1/separable_conv2d/depthwise,OpenCL,881.0,930.9,1.0566401816118047
cell_5/comb_iter_1/right/separable_3x3_1/separable_conv2d,OpenCL,1894.4999999999998,1386.1,0.7316442333069412
cell_5/comb_iter_1/right/separable_3x3_2/separable_conv2d/depthwise,OpenCL,878.7,937.8,1.0672584499829292
cell_5/comb_iter_1/right/separable_3x3_2/separable_conv2d,OpenCL,1900.9499999999998,1318.0,0.6933375417554382
cell_5/comb_iter_1/combine/add,OpenCL,656.25,915.7,1.3953523809523811
cell_5/comb_iter_2/left/AvgPool2D/AvgPool,CPU,530.8,510.3,0.9613790504898267
cell_5/comb_iter_2/left/AvgPool2D/AvgPool___tr4cell_5/comb_iter_2/combine/add,CPU,284.0,433.7,1.527112676056338
cell_5/prev_bn/FusedBatchNormV3___tr4cell_5/comb_iter_2/combine/add,CPU,311.0,771.2,2.479742765273312
cell_5/comb_iter_2/combine/add,CPU,298.5,329.8,1.1048576214405361
cell_5/comb_iter_3/left/AvgPool2D/AvgPool,OpenCL,855.5,934.4,1.0922267679719462
cell_5/comb_iter_3/right/AvgPool2D/AvgPool,OpenCL,870.6,950.1,1.09131633356306
cell_5/comb_iter_3/left/AvgPool2D/AvgPool___tr4cell_5/comb_iter_3/combine/add,OpenCL,597.4999999999999,796.2,1.3325523012552305
cell_5/comb_iter_3/right/AvgPool2D/AvgPool___tr4cell_5/comb_iter_3/combine/add,OpenCL,596.7,798.8,1.3386961622255737
cell_5/comb_iter_3/combine/add,OpenCL,643.0,839.8,1.3060653188180404
cell_5/comb_iter_4/left/Relu,OpenCL,596.7,1109.7,1.8597285067873301
cell_5/comb_iter_4/left/separable_3x3_1/separable_conv2d/depthwise,OpenCL,909.5999999999999,1290.8,1.419085312225154
cell_5/comb_iter_4/left/separable_3x3_1/separable_conv2d,OpenCL,1933.3500000000004,1333.7,0.6898388806993042
cell_5/comb_iter_4/left/separable_3x3_2/separable_conv2d/depthwise,OpenCL,880.05,1212.2,1.377421737401284
cell_5/comb_iter_4/left/separable_3x3_2/separable_conv2d,OpenCL,1982.6999999999998,1484.5,0.7487264840873556
cell_5/comb_iter_4/combine/add,OpenCL,660.3,926.5,1.4031500832954718
cell_5/comb_iter_2/combine/add___tr4cell_5/cell_output/concat,CPU,429.1,441.8,1.0295968305756233
cell_5/comb_iter_3/combine/add___tr4cell_5/cell_output/concat,OpenCL,603.75,786.6,1.302857142857143
cell_5/cell_output/concat,CPU,1069.0,1057.9,0.9896164639850328
reduction_cell_0/Relu_1,CPU,939.8,1099.6,1.1700361779101935
reduction_cell_0/1x1/Conv2D,OpenCL,14520.0,9698.8,0.667961432506887
reduction_cell_0/comb_iter_1/left/MaxPool2D/MaxPool,CPU,437.6,400.7,0.9156764168190127
reduction_cell_0/Relu,CPU,1074.1,1168.0,1.087422027744158
reduction_cell_0/prev_1x1/Conv2D,OpenCL,14548.800000000001,10715.0,0.7364868580226548
reduction_cell_0/comb_iter_1/right/Relu,CPU,411.4,457.1,1.1110841030627128
reduction_cell_0/comb_iter_1/right/separable_7x7_1/separable_conv2d/depthwise,CPU,814.8,795.4,0.9761904761904762
reduction_cell_0/comb_iter_1/right/separable_7x7_1/separable_conv2d,CPU,2090.0,2075.7,0.993157894736842
reduction_cell_0/comb_iter_1/right/separable_7x7_2/separable_conv2d/depthwise,CPU,646.5,634.0,0.9806651198762568
reduction_cell_0/comb_iter_1/right/separable_7x7_2/separable_conv2d,CPU,2059.8,1961.3,0.9521798232838139
reduction_cell_0/comb_iter_1/left/MaxPool2D/MaxPool___tr4reduction_cell_0/comb_iter_1/combine/add,CPU,495.9,365.4,0.7368421052631579
reduction_cell_0/comb_iter_1/right/bn_sep_7x7_2/FusedBatchNormV3___tr4reduction_cell_0/comb_iter_1/combine/add,CPU,318.55555555555554,147.0,0.461457970003488
reduction_cell_0/comb_iter_1/combine/add,CPU,96.88888888888889,118.9,1.227178899082569
reduction_cell_0/comb_iter_2/left/AvgPool2D/AvgPool,OpenCL,952.5,841.5,0.8834645669291339
reduction_cell_0/comb_iter_2/right/Relu,CPU,408.7,417.2,1.0207976510888181
reduction_cell_0/comb_iter_2/right/separable_5x5_1/separable_conv2d/depthwise,CPU,553.9,611.1,1.1032677378588194
reduction_cell_0/comb_iter_2/right/separable_5x5_1/separable_conv2d,CPU,2083.9,2086.7,1.0013436345314073
reduction_cell_0/comb_iter_2/right/separable_5x5_2/separable_conv2d/depthwise,CPU,337.44444444444446,326.8,0.9684557128745472
reduction_cell_0/comb_iter_2/right/separable_5x5_2/separable_conv2d,CPU,1985.4,1975.7,0.9951143346428931
reduction_cell_0/comb_iter_2/left/AvgPool2D/AvgPool___tr4reduction_cell_0/comb_iter_2/combine/add,OpenCL,612.8333333333334,2454.5,4.005167255915148
reduction_cell_0/comb_iter_2/right/bn_sep_5x5_2/FusedBatchNormV3___tr4reduction_cell_0/comb_iter_2/combine/add,CPU,304.1,153.0,0.5031239723775074
reduction_cell_0/comb_iter_2/combine/add,CPU,71.2,164.0,2.303370786516854
reduction_cell_0/comb_iter_0/left/Relu,CPU,696.7,401.5,0.5762882158748385
reduction_cell_0/comb_iter_0/left/separable_5x5_1/separable_conv2d/depthwise,CPU,578.8,584.5,1.00984796129924
reduction_cell_0/comb_iter_0/left/separable_5x5_1/separable_conv2d,CPU,2057.2,2073.8,1.0080692202994364
reduction_cell_0/comb_iter_0/left/separable_5x5_2/separable_conv2d/depthwise,CPU,338.8,327.1,0.9654663518299882
reduction_cell_0/comb_iter_0/left/separable_5x5_2/separable_conv2d,CPU,1960.0,1999.5,1.0201530612244898
reduction_cell_0/comb_iter_0/right/Relu,CPU,567.4,590.8,1.041240747268241
reduction_cell_0/comb_iter_0/right/separable_7x7_1/separable_conv2d/depthwise,CPU,785.9,831.3,1.0577681638885355
reduction_cell_0/comb_iter_0/right/separable_7x7_1/separable_conv2d,CPU,2072.7,2133.5,1.0293337193033243
reduction_cell_0/comb_iter_0/right/separable_7x7_2/separable_conv2d/depthwise,CPU,636.6,636.8,1.0003141690229342
reduction_cell_0/comb_iter_0/right/separable_7x7_2/separable_conv2d,CPU,1958.0,1988.6,1.0156281920326864
reduction_cell_0/comb_iter_0/combine/add,CPU,91.9,83.7,0.9107725788900979
reduction_cell_0/comb_iter_3/right/AvgPool2D/AvgPool,CPU,226.4,246.7,1.0896643109540636
reduction_cell_0/comb_iter_3/right/AvgPool2D/AvgPool___tr4reduction_cell_0/comb_iter_3/combine/add,CPU,147.66666666666666,310.7,2.1040632054176074
reduction_cell_0/comb_iter_3/combine/add,CPU,106.9,121.7,1.13844714686623
reduction_cell_0/comb_iter_4/left/Relu,CPU,110.44444444444444,78.0,0.7062374245472837
reduction_cell_0/comb_iter_4/left/separable_3x3_1/separable_conv2d/depthwise,CPU,139.2,153.8,1.1048850574712645
reduction_cell_0/comb_iter_4/left/separable_3x3_1/separable_conv2d,CPU,1952.8,1956.3,1.0017922982384269
reduction_cell_0/comb_iter_4/left/separable_3x3_2/separable_conv2d/depthwise,CPU,142.11111111111111,141.6,0.9964034401876465
reduction_cell_0/comb_iter_4/left/separable_3x3_2/separable_conv2d,CPU,1969.7,1994.6,1.0126415190130476
reduction_cell_0/comb_iter_4/right/MaxPool2D/MaxPool,CPU,506.2,494.4,0.9766890557092058
reduction_cell_0/comb_iter_4/left/bn_sep_3x3_2/FusedBatchNormV3___tr4reduction_cell_0/comb_iter_4/combine/add,CPU,443.3,154.0,0.34739454094292804
reduction_cell_0/comb_iter_4/right/MaxPool2D/MaxPool___tr4reduction_cell_0/comb_iter_4/combine/add,CPU,383.4,367.0,0.9572248304642671
reduction_cell_0/comb_iter_4/combine/add,CPU,56.3,110.3,1.9591474245115454
reduction_cell_0/cell_output/concat,CPU,1070.6,920.6,0.8598916495423128
cell_7/Relu,CPU,379.9,307.3,0.8088970781784681
cell_7/Relu___tr4cell_7/prev_1x1/Conv2D,CPU,1188.6,1329.2,1.1182904257109205
cell_7/prev_1x1/Conv2D,CPU,8562.0,8798.1,1.0275753328661528
cell_6/Relu,CPU,1021.7,1007.5,0.9861015953802486
cell_6/AvgPool2D,CPU,761.4,843.2,1.1074336748095615
cell_6/path1_conv/Conv2D,CPU,3376.6,3396.1,1.0057750399810461
cell_6/Pad/paddings,CPU,0.0,0.2,0
cell_6/Pad_Gather_Index,CPU,0.0,0.3,0
cell_6/Pad_Gather,CPU,0.0,0.5,0
cell_6/Pad,CPU,3813.8,4402.0,1.1542293775237296
cell_6/strided_slice/stack,CPU,0.0,0.3,0
cell_6/strided_slice/stack_1,CPU,0.0,0.3,0
cell_6/strided_slice/stack_2,CPU,0.0,0.5,0
cell_6/Pad___tr4cell_6/strided_slice,CPU,6004.3,7305.9,1.2167779757840214
cell_6/strided_slice,CPU,2767.2,2854.2,1.0314397224631395
cell_6/strided_slice___tr4cell_6/AvgPool2D_1,CPU,4045.6000000000004,5662.4,1.399644057741744
cell_6/AvgPool2D_1,CPU,880.8,1011.8,1.1487284287011807
cell_6/path2_conv/Conv2D,CPU,3410.1,3559.5,1.0438110319345475
cell_6/concat,CPU,69.1,102.1,1.4775687409551375
cell_6/final_path_bn/FusedBatchNormV3,CPU,83.3,92.6,1.1116446578631451
cell_6/Relu_1,CPU,425.5,408.3,0.9595769682726205
cell_6/Relu_1___tr4cell_6/1x1/Conv2D,CPU,1191.2,1045.4,0.8776024177300202
cell_6/1x1/Conv2D,OpenCL,5624.7,3971.2,0.70602876597863
cell_6/comb_iter_0/left/Relu,CPU,70.8,98.6,1.3926553672316384
cell_6/comb_iter_0/left/separable_5x5_1/separable_conv2d/depthwise,CPU,375.6,328.0,0.873269435569755
cell_6/comb_iter_0/left/separable_5x5_1/separable_conv2d,CPU,1981.0,2005.6,1.0124179707218577
cell_6/comb_iter_0/left/separable_5x5_2/separable_conv2d/depthwise,CPU,327.7,337.1,1.028684772657919
cell_6/comb_iter_0/left/separable_5x5_2/separable_conv2d,CPU,1987.1,2039.7,1.0264707362488048
cell_6/comb_iter_0/right/Relu,CPU,123.0,142.4,1.1577235772357723
cell_6/comb_iter_0/right/separable_3x3_1/separable_conv2d/depthwise,CPU,217.6,279.8,1.2858455882352942
cell_6/comb_iter_0/right/separable_3x3_1/separable_conv2d,CPU,1994.7,2129.7,1.0676793502782371
cell_6/comb_iter_0/right/separable_3x3_2/separable_conv2d/depthwise,CPU,144.875,221.7,1.5302847282139775
cell_6/comb_iter_0/right/separable_3x3_2/separable_conv2d,CPU,2010.2000000000003,2098.3,1.0438264849268728
cell_6/comb_iter_0/combine/add,CPU,102.33333333333333,174.0,1.700325732899023
cell_6/comb_iter_1/left/Relu,OpenCL,504.75000000000006,810.6,1.6059435364041603
cell_6/comb_iter_1/left/separable_5x5_1/separable_conv2d/depthwise,OpenCL,876.6666666666667,763.5,0.870912547528517
cell_6/comb_iter_1/left/separable_5x5_1/separable_conv2d,OpenCL,1928.3333333333333,1357.5,0.7039757994814175
cell_6/comb_iter_1/left/separable_5x5_2/separable_conv2d/depthwise,OpenCL,863.625,757.1,0.8766536401794761
cell_6/comb_iter_1/left/separable_5x5_2/separable_conv2d,OpenCL,1870.1999999999998,1336.8,0.7147898620468399
cell_6/comb_iter_1/right/Relu,OpenCL,535.1666666666665,1287.4,2.4056057303020872
cell_6/comb_iter_1/right/separable_3x3_1/separable_conv2d/depthwise,OpenCL,580.1666666666667,2742.8,4.727607009480034
cell_6/comb_iter_1/right/separable_3x3_1/separable_conv2d,OpenCL,1877.85,2057.0,1.0954016561493198
cell_6/comb_iter_1/right/separable_3x3_2/separable_conv2d/depthwise,OpenCL,548.9999999999999,600.4,1.093624772313297
cell_6/comb_iter_1/right/separable_3x3_2/separable_conv2d,OpenCL,1880.55,1870.8,0.9948153465741405
cell_6/comb_iter_1/combine/add,OpenCL,499.6666666666666,602.3,1.2054036024016013
cell_6/comb_iter_2/left/AvgPool2D/AvgPool,CPU,265.9,235.2,0.884543061301241
cell_6/comb_iter_2/left/AvgPool2D/AvgPool___tr4cell_6/comb_iter_2/combine/add,CPU,271.5,128.2,0.47219152854511964
cell_6/final_path_bn/FusedBatchNormV3___tr4cell_6/comb_iter_2/combine/add,CPU,463.6,474.9,1.0243744607420189
cell_6/comb_iter_2/combine/add,CPU,96.8,111.4,1.1508264462809918
cell_6/comb_iter_3/left/AvgPool2D/AvgPool,CPU,278.77777777777777,259.4,0.9304902351534475
cell_6/comb_iter_3/right/AvgPool2D/AvgPool,CPU,226.5,266.8,1.177924944812362
cell_6/comb_iter_3/left/AvgPool2D/AvgPool___tr4cell_6/comb_iter_3/combine/add,CPU,408.1111111111111,384.8,0.9428804791723387
cell_6/comb_iter_3/right/AvgPool2D/AvgPool___tr4cell_6/comb_iter_3/combine/add,CPU,222.55555555555554,328.5,1.4760359460808787
cell_6/comb_iter_3/combine/add,CPU,69.8,118.4,1.696275071633238
cell_6/comb_iter_4/left/Relu,CPU,136.88888888888889,111.5,0.8145292207792209
cell_6/comb_iter_4/left/separable_3x3_1/separable_conv2d/depthwise,CPU,164.5,153.8,0.9349544072948329
cell_6/comb_iter_4/left/separable_3x3_1/separable_conv2d,CPU,1959.8,1974.0,1.0072456373099297
cell_6/comb_iter_4/left/separable_3x3_2/separable_conv2d/depthwise,CPU,140.44444444444446,158.4,1.1278481012658228
cell_6/comb_iter_4/left/separable_3x3_2/separable_conv2d,CPU,1960.2,2128.7,1.0859606162636464
cell_6/comb_iter_4/combine/add,CPU,92.3,209.2,2.2665222101841818
cell_6/comb_iter_2/combine/add___tr4cell_6/cell_output/concat,CPU,131.3,101.0,0.7692307692307692
cell_6/comb_iter_3/combine/add___tr4cell_6/cell_output/concat,CPU,252.6,271.0,1.0728424386381632
cell_6/cell_output/concat,CPU,607.7,651.8,1.072568701662004
cell_7/Relu_1,CPU,488.8,475.6,0.9729950900163666
cell_7/1x1/Conv2D,OpenCL,8230.650000000001,5774.4,0.7015727797926044
cell_7/comb_iter_0/left/Relu,OpenCL,691.0000000000001,451.0,0.6526772793053545
cell_7/comb_iter_0/left/separable_5x5_1/separable_conv2d/depthwise,OpenCL,911.5500000000001,643.3,0.7057210246283802
cell_7/comb_iter_0/left/separable_5x5_1/separable_conv2d,OpenCL,1926.8999999999999,1254.8,0.6512014115937517
cell_7/comb_iter_0/left/separable_5x5_2/separable_conv2d/depthwise,OpenCL,909.0,578.0,0.6358635863586358
cell_7/comb_iter_0/left/separable_5x5_2/separable_conv2d,OpenCL,1962.45,1294.2,0.6594817702361844
cell_7/comb_iter_0/right/Relu,OpenCL,582.6666666666666,872.8,1.4979405034324944
cell_7/comb_iter_0/right/separable_3x3_1/separable_conv2d/depthwise,OpenCL,658.2,569.6,0.8653904588271042
cell_7/comb_iter_0/right/separable_3x3_1/separable_conv2d,OpenCL,1934.5500000000002,1407.9,0.7277661471660076
cell_7/comb_iter_0/right/separable_3x3_2/separable_conv2d/depthwise,OpenCL,645.9,626.8,0.9704288589564948
cell_7/comb_iter_0/right/separable_3x3_2/separable_conv2d,OpenCL,1919.5500000000002,1365.0,0.7111041650386809
cell_7/comb_iter_0/combine/add,OpenCL,617.7,1180.1,1.9104743402946411
cell_7/comb_iter_1/left/Relu,OpenCL,581.3333333333333,2062.4,3.5477064220183494
cell_7/comb_iter_1/left/separable_5x5_1/separable_conv2d/depthwise,OpenCL,886.1666666666667,683.4,0.771186759450818
cell_7/comb_iter_1/left/separable_5x5_1/separable_conv2d,OpenCL,1967.8500000000001,1213.3,0.616561221637828
cell_7/comb_iter_1/left/separable_5x5_2/separable_conv2d/depthwise,OpenCL,866.0000000000001,681.6,0.7870669745958428
cell_7/comb_iter_1/left/separable_5x5_2/separable_conv2d,OpenCL,1996.5,1229.9,0.6160280490859004
cell_7/comb_iter_1/right/Relu,OpenCL,613.8000000000001,1113.6,1.8142717497556204
cell_7/comb_iter_1/right/separable_3x3_1/separable_conv2d/depthwise,OpenCL,745.5,1661.2,2.228303152246814
cell_7/comb_iter_1/right/separable_3x3_1/separable_conv2d,OpenCL,1964.2500000000002,1638.4,0.834109711085656
cell_7/comb_iter_1/right/separable_3x3_2/separable_conv2d/depthwise,OpenCL,685.1666666666667,1601.1,2.3368036973972264
cell_7/comb_iter_1/right/separable_3x3_2/separable_conv2d,OpenCL,1991.8500000000001,2020.8,1.0145342269749227
cell_7/comb_iter_1/combine/add,OpenCL,633.5,554.8,0.8757695343330701
cell_7/comb_iter_2/left/AvgPool2D/AvgPool,CPU,280.5,297.8,1.0616755793226382
cell_7/comb_iter_2/left/AvgPool2D/AvgPool___tr4cell_7/comb_iter_2/combine/add,CPU,316.77777777777777,414.2,1.30754121360926
cell_7/prev_bn/FusedBatchNormV3___tr4cell_7/comb_iter_2/combine/add,CPU,470.6,448.7,0.9534636634084147
cell_7/comb_iter_2/combine/add,CPU,89.4,81.2,0.9082774049217002
cell_7/comb_iter_3/left/AvgPool2D/AvgPool,CPU,255.2,259.9,1.0184169278996864
cell_7/comb_iter_3/right/AvgPool2D/AvgPool,CPU,231.0,220.9,0.9562770562770563
cell_7/comb_iter_3/left/AvgPool2D/AvgPool___tr4cell_7/comb_iter_3/combine/add,CPU,259.3333333333333,417.1,1.6083547557840618
cell_7/comb_iter_3/right/AvgPool2D/AvgPool___tr4cell_7/comb_iter_3/combine/add,CPU,155.6,201.2,1.2930591259640103
cell_7/comb_iter_3/combine/add,CPU,89.8,172.5,1.9209354120267261
cell_7/comb_iter_4/left/Relu,CPU,116.1,103.7,0.8931955211024979
cell_7/comb_iter_4/left/separable_3x3_1/separable_conv2d/depthwise,CPU,180.0,157.1,0.8727777777777778
cell_7/comb_iter_4/left/separable_3x3_1/separable_conv2d,CPU,2006.5,2042.4,1.0178918514826814
cell_7/comb_iter_4/left/separable_3x3_2/separable_conv2d/depthwise,CPU,144.9,157.2,1.0848861283643891
cell_7/comb_iter_4/left/separable_3x3_2/separable_conv2d,CPU,2008.6,2160.8,1.075774171064423
cell_7/comb_iter_4/combine/add,CPU,105.9,82.2,0.7762039660056657
cell_7/comb_iter_2/combine/add___tr4cell_7/cell_output/concat,CPU,137.875,97.4,0.7064369900271986
cell_7/comb_iter_3/combine/add___tr4cell_7/cell_output/concat,CPU,257.6,276.0,1.0714285714285714
cell_7/cell_output/concat,CPU,635.2,690.4,1.0869017632241813
cell_9/Relu,CPU,490.9,518.3,1.0558158484416378
cell_9/prev_1x1/Conv2D,CPU,14205.4,14948.2,1.0522899742351501
cell_8/Relu,CPU,580.1,587.5,1.0127564213066713
cell_8/prev_1x1/Conv2D,CPU,13874.9,14876.2,1.0721662858831416
cell_8/Relu_1,CPU,551.7,581.4,1.0538336052202282
cell_8/1x1/Conv2D,OpenCL,8269.05,5882.6,0.7113997375756588
cell_8/comb_iter_0/left/Relu,OpenCL,636.0,410.5,0.6454402515723271
cell_8/comb_iter_0/left/separable_5x5_1/separable_conv2d/depthwise,OpenCL,899.0999999999999,1196.6,1.3308864419975532
cell_8/comb_iter_0/left/separable_5x5_1/separable_conv2d,OpenCL,1933.9499999999998,1371.6,0.7092220584813465
cell_8/comb_iter_0/left/separable_5x5_2/separable_conv2d/depthwise,OpenCL,886.6666666666665,685.4,0.7730075187969926
cell_8/comb_iter_0/left/separable_5x5_2/separable_conv2d,OpenCL,1957.5,1416.6,0.7236781609195402
cell_8/comb_iter_0/right/Relu,OpenCL,632.6666666666666,1702.2,2.6905163329820865
cell_8/comb_iter_0/right/separable_3x3_1/separable_conv2d/depthwise,OpenCL,675.375,1449.5,2.1462150657042383
cell_8/comb_iter_0/right/separable_3x3_1/separable_conv2d,OpenCL,1957.05,1424.3,0.7277790552106487
cell_8/comb_iter_0/right/separable_3x3_2/separable_conv2d/depthwise,OpenCL,672.0,1591.7,2.3686011904761903
cell_8/comb_iter_0/right/separable_3x3_2/separable_conv2d,OpenCL,1971.9,2019.4,1.024088442618794
cell_8/comb_iter_0/combine/add,OpenCL,690.5,472.5,0.6842867487328023
cell_8/comb_iter_1/left/Relu,CPU,120.6,104.4,0.8656716417910448
cell_8/comb_iter_1/left/separable_5x5_1/separable_conv2d/depthwise,CPU,338.5,327.0,0.96602658788774
cell_8/comb_iter_1/left/separable_5x5_1/separable_conv2d,CPU,2023.8,2049.6,1.0127482952860953
cell_8/comb_iter_1/left/separable_5x5_2/separable_conv2d/depthwise,CPU,337.1,330.7,0.9810145357460693
cell_8/comb_iter_1/left/separable_5x5_2/separable_conv2d,CPU,2008.8,2050.9,1.020957785742732
cell_8/comb_iter_1/right/Relu,CPU,106.44444444444444,75.1,0.7055323590814195
cell_8/comb_iter_1/right/separable_3x3_1/separable_conv2d/depthwise,CPU,205.0,258.1,1.2590243902439024
cell_8/comb_iter_1/right/separable_3x3_1/separable_conv2d,CPU,2000.2,2099.0,1.0493950604939506
cell_8/comb_iter_1/right/separable_3x3_2/separable_conv2d/depthwise,CPU,141.4,220.3,1.557991513437058
cell_8/comb_iter_1/right/separable_3x3_2/separable_conv2d,CPU,1993.3,2097.4,1.0522249535945418
cell_8/comb_iter_1/combine/add,CPU,100.7,168.4,1.6722939424031777
cell_8/comb_iter_2/left/AvgPool2D/AvgPool,OpenCL,688.35,562.5,0.8171714970581826
cell_8/comb_iter_2/left/AvgPool2D/AvgPool___tr4cell_8/comb_iter_2/combine/add,OpenCL,618.7499999999999,856.2,1.3837575757575762
cell_8/prev_bn/FusedBatchNormV3___tr4cell_8/comb_iter_2/combine/add,OpenCL,607.0,354.7,0.5843492586490939
cell_8/comb_iter_2/combine/add,OpenCL,648.4499999999999,379.1,0.5846248747012107
cell_8/comb_iter_3/left/AvgPool2D/AvgPool,OpenCL,692.6666666666666,1228.1,1.7730028873917227
cell_8/comb_iter_3/right/AvgPool2D/AvgPool,OpenCL,668.1666666666667,1788.2,2.6762783736592666
cell_8/comb_iter_3/left/AvgPool2D/AvgPool___tr4cell_8/comb_iter_3/combine/add,OpenCL,595.3499999999999,417.2,0.700764256319812
cell_8/comb_iter_3/right/AvgPool2D/AvgPool___tr4cell_8/comb_iter_3/combine/add,OpenCL,600.5625,835.5,1.3911957539806432
cell_8/comb_iter_3/combine/add,OpenCL,646.8,416.7,0.6442486085343229
cell_8/comb_iter_4/left/Relu,CPU,100.6,99.9,0.9930417495029822
cell_8/comb_iter_4/left/separable_3x3_1/separable_conv2d/depthwise,CPU,176.1,160.9,0.9136854060193073
cell_8/comb_iter_4/left/separable_3x3_1/separable_conv2d,CPU,2001.3000000000002,1992.7,0.99570279318443
cell_8/comb_iter_4/left/separable_3x3_2/separable_conv2d/depthwise,CPU,150.88888888888889,157.6,1.044477172312224
cell_8/comb_iter_4/left/separable_3x3_2/separable_conv2d,CPU,2018.5999999999997,2016.6,0.9990092143069456
cell_8/comb_iter_4/combine/add,CPU,104.8,67.0,0.6393129770992366
cell_8/comb_iter_2/combine/add___tr4cell_8/cell_output/concat,OpenCL,623.3333333333333,629.5,1.0098930481283424
cell_8/comb_iter_3/combine/add___tr4cell_8/cell_output/concat,OpenCL,614.3333333333334,377.8,0.6149755832881172
cell_8/cell_output/concat,CPU,609.6,660.9,1.0841535433070866
cell_9/Relu_1,CPU,486.4,576.2,1.184621710526316
cell_9/1x1/Conv2D,CPU,14003.6,15027.2,1.073095489731212
cell_9/comb_iter_0/left/Relu,OpenCL,621.6666666666667,926.6,1.4905093833780159
cell_9/comb_iter_0/left/separable_5x5_1/separable_conv2d/depthwise,OpenCL,890.8333333333334,1302.5,1.462114125350795
cell_9/comb_iter_0/left/separable_5x5_1/separable_conv2d,OpenCL,1956.6,1449.1,0.740621486251661
cell_9/comb_iter_0/left/separable_5x5_2/separable_conv2d/depthwise,OpenCL,910.8000000000001,983.1,1.0793807641633728
cell_9/comb_iter_0/left/separable_5x5_2/separable_conv2d,OpenCL,1937.5500000000002,1180.1,0.6090681530799205
cell_9/comb_iter_0/right/Relu,OpenCL,586.5,707.6,1.2064791133844843
cell_9/comb_iter_0/right/separable_3x3_1/separable_conv2d/depthwise,OpenCL,633.3333333333333,1340.7,2.1168947368421054
cell_9/comb_iter_0/right/separable_3x3_1/separable_conv2d,OpenCL,1954.0,1337.0,0.6842374616171955
cell_9/comb_iter_0/right/separable_3x3_2/separable_conv2d/depthwise,OpenCL,670.35,687.4,1.0254344745282316
cell_9/comb_iter_0/right/separable_3x3_2/separable_conv2d,OpenCL,1977.45,1801.6,0.9110723406407241
cell_9/comb_iter_0/combine/add,OpenCL,624.7499999999999,622.6,0.99655862344938
cell_9/comb_iter_1/left/Relu,CPU,135.1,92.4,0.683937823834197
cell_9/comb_iter_1/left/separable_5x5_1/separable_conv2d/depthwise,CPU,390.1,338.5,0.8677262240451166
cell_9/comb_iter_1/left/separable_5x5_1/separable_conv2d,CPU,2008.2,2012.0,1.0018922418085847
cell_9/comb_iter_1/left/separable_5x5_2/separable_conv2d/depthwise,CPU,329.6,330.6,1.0030339805825244
cell_9/comb_iter_1/left/separable_5x5_2/separable_conv2d,CPU,1983.9,1983.3,0.9996975654014819
cell_9/comb_iter_1/right/Relu,CPU,124.1,108.4,0.8734891216760677
cell_9/comb_iter_1/right/separable_3x3_1/separable_conv2d/depthwise,CPU,207.1,153.5,0.7411878319652342
cell_9/comb_iter_1/right/separable_3x3_1/separable_conv2d,CPU,1983.9,2013.7,1.015020918393064
cell_9/comb_iter_1/right/separable_3x3_2/separable_conv2d/depthwise,CPU,136.22222222222223,156.5,1.148858075040783
cell_9/comb_iter_1/right/separable_3x3_2/separable_conv2d,CPU,2011.6000000000001,2142.6,1.0651222907138596
cell_9/comb_iter_1/combine/add,CPU,92.5,66.7,0.7210810810810812
cell_9/comb_iter_2/left/AvgPool2D/AvgPool,CPU,264.6,228.0,0.8616780045351473
cell_9/comb_iter_2/left/AvgPool2D/AvgPool___tr4cell_9/comb_iter_2/combine/add,CPU,127.66666666666667,268.4,2.1023498694516967
cell_9/prev_bn/FusedBatchNormV3___tr4cell_9/comb_iter_2/combine/add,CPU,467.3,461.2,0.986946287181682
cell_9/comb_iter_2/combine/add,CPU,73.8,120.7,1.6355013550135502
cell_9/comb_iter_3/left/AvgPool2D/AvgPool,CPU,239.4,255.3,1.0664160401002507
cell_9/comb_iter_3/right/AvgPool2D/AvgPool,CPU,221.0,228.4,1.0334841628959277
cell_9/comb_iter_3/left/AvgPool2D/AvgPool___tr4cell_9/comb_iter_3/combine/add,CPU,124.9,167.7,1.342674139311449
cell_9/comb_iter_3/right/AvgPool2D/AvgPool___tr4cell_9/comb_iter_3/combine/add,CPU,170.5,333.9,1.958357771260997
cell_9/comb_iter_3/combine/add,CPU,68.125,212.5,3.1192660550458715
cell_9/comb_iter_4/left/Relu,CPU,99.4,90.8,0.9134808853118711
cell_9/comb_iter_4/left/separable_3x3_1/separable_conv2d/depthwise,CPU,162.7,156.2,0.9600491702519975
cell_9/comb_iter_4/left/separable_3x3_1/separable_conv2d,CPU,1964.0,1978.3,1.0072810590631365
cell_9/comb_iter_4/left/separable_3x3_2/separable_conv2d/depthwise,CPU,135.55555555555554,189.4,1.3972131147540985
cell_9/comb_iter_4/left/separable_3x3_2/separable_conv2d,CPU,1982.8,2068.0,1.0429695380270325
cell_9/comb_iter_4/combine/add,CPU,92.0,144.1,1.566304347826087
cell_9/comb_iter_2/combine/add___tr4cell_9/cell_output/concat,CPU,125.8,324.4,2.5786963434022256
cell_9/comb_iter_3/combine/add___tr4cell_9/cell_output/concat,CPU,233.3,151.2,0.6480925846549507
cell_9/cell_output/concat,CPU,624.6,638.2,1.021773935318604
cell_11/Relu,CPU,492.9,526.4,1.067965104483668
cell_11/prev_1x1/Conv2D,CPU,13859.3,14907.9,1.0756603868882266
cell_10/Relu,CPU,560.5,482.9,0.8615521855486172
cell_10/prev_1x1/Conv2D,OpenCL,8272.8,5783.4,0.6990861618798956
cell_10/Relu_1,CPU,556.8,557.3,1.0008979885057472
cell_10/1x1/Conv2D,OpenCL,8325.45,5778.5,0.6940765964602513
cell_10/comb_iter_0/left/Relu,CPU,71.9,135.2,1.8803894297635602
cell_10/comb_iter_0/left/separable_5x5_1/separable_conv2d/depthwise,CPU,380.3,371.9,0.9779121745990007
cell_10/comb_iter_0/left/separable_5x5_1/separable_conv2d,CPU,2015.3,2120.0,1.051952562893862
cell_10/comb_iter_0/left/separable_5x5_2/separable_conv2d/depthwise,CPU,335.8,378.9,1.128350208457415
cell_10/comb_iter_0/left/separable_5x5_2/separable_conv2d,CPU,2025.1999999999998,2075.1,1.024639541773652
cell_10/comb_iter_0/right/Relu,CPU,122.0,119.0,0.9754098360655737
cell_10/comb_iter_0/right/separable_3x3_1/separable_conv2d/depthwise,CPU,232.3,209.8,0.9031424881618597
cell_10/comb_iter_0/right/separable_3x3_1/separable_conv2d,CPU,2030.8000000000002,1981.9,0.9759208193815245
cell_10/comb_iter_0/right/separable_3x3_2/separable_conv2d/depthwise,CPU,145.3,145.5,1.001376462491397
cell_10/comb_iter_0/right/separable_3x3_2/separable_conv2d,CPU,2020.5000000000002,1988.5,0.9841623360554317
cell_10/comb_iter_0/combine/add,CPU,88.4,119.8,1.355203619909502
cell_10/comb_iter_1/left/Relu,CPU,115.9,103.2,0.8904227782571182
cell_10/comb_iter_1/left/separable_5x5_1/separable_conv2d/depthwise,CPU,343.7,328.3,0.9551934826883911
cell_10/comb_iter_1/left/separable_5x5_1/separable_conv2d,CPU,2005.0,1962.4,0.9787531172069825
cell_10/comb_iter_1/left/separable_5x5_2/separable_conv2d/depthwise,CPU,332.3,344.8,1.0376166114956364
cell_10/comb_iter_1/left/separable_5x5_2/separable_conv2d,CPU,2009.7,2005.2,0.9977608598298253
cell_10/comb_iter_1/right/Relu,CPU,104.8,128.8,1.2290076335877864
cell_10/comb_iter_1/right/separable_3x3_1/separable_conv2d/depthwise,CPU,203.2,166.1,0.8174212598425197
cell_10/comb_iter_1/right/separable_3x3_1/separable_conv2d,CPU,2010.2000000000003,1982.8,0.9863695154710972
cell_10/comb_iter_1/right/separable_3x3_2/separable_conv2d/depthwise,CPU,142.2,165.4,1.1631504922644165
cell_10/comb_iter_1/right/separable_3x3_2/separable_conv2d,CPU,2008.0999999999997,2031.2,1.011503411184702
cell_10/comb_iter_1/combine/add,CPU,98.0,110.2,1.1244897959183673
cell_10/comb_iter_2/left/AvgPool2D/AvgPool,OpenCL,678.6,431.3,0.6355732390215149
cell_10/comb_iter_2/left/AvgPool2D/AvgPool___tr4cell_10/comb_iter_2/combine/add,OpenCL,592.6666666666666,264.5,0.4462879640044995
cell_10/prev_bn/FusedBatchNormV3___tr4cell_10/comb_iter_2/combine/add,OpenCL,594.15,323.1,0.5438020701842969
cell_10/comb_iter_2/combine/add,OpenCL,633.6666666666667,341.1,0.5382956338769068
cell_10/comb_iter_3/left/AvgPool2D/AvgPool,OpenCL,664.3333333333334,475.0,0.7150025087807326
cell_10/comb_iter_3/right/AvgPool2D/AvgPool,OpenCL,679.65,527.8,0.7765761789156183
cell_10/comb_iter_3/left/AvgPool2D/AvgPool___tr4cell_10/comb_iter_3/combine/add,OpenCL,599.2500000000001,379.1,0.6326241134751772
cell_10/comb_iter_3/right/AvgPool2D/AvgPool___tr4cell_10/comb_iter_3/combine/add,OpenCL,607.1666666666666,431.7,0.7110074114740599
cell_10/comb_iter_3/combine/add,OpenCL,623.1666666666666,362.2,0.5812249264509227
cell_10/comb_iter_4/left/Relu,CPU,110.0,120.1,1.0918181818181818
cell_10/comb_iter_4/left/separable_3x3_1/separable_conv2d/depthwise,CPU,170.8,141.5,0.8284543325526932
cell_10/comb_iter_4/left/separable_3x3_1/separable_conv2d,CPU,2005.6,1956.5,0.9755185480654168
cell_10/comb_iter_4/left/separable_3x3_2/separable_conv2d/depthwise,CPU,155.8,148.7,0.9544287548138638
cell_10/comb_iter_4/left/separable_3x3_2/separable_conv2d,CPU,2011.6000000000001,2110.9,1.0493636905945516
cell_10/comb_iter_4/combine/add,CPU,110.33333333333333,202.3,1.8335347432024172
cell_10/comb_iter_2/combine/add___tr4cell_10/cell_output/concat,OpenCL,551.4375,262.9,0.4767539385696475
cell_10/comb_iter_3/combine/add___tr4cell_10/cell_output/concat,OpenCL,574.2,316.4,0.5510275165447578
cell_10/cell_output/concat,CPU,603.4,642.4,1.0646337421279417
cell_11/Relu_1,CPU,482.0,535.2,1.1103734439834025
cell_11/1x1/Conv2D,OpenCL,8296.949999999999,7356.7,0.8866752240281068
cell_11/comb_iter_0/left/Relu,OpenCL,588.8333333333334,1100.0,1.8681007642230398
cell_11/comb_iter_0/left/separable_5x5_1/separable_conv2d/depthwise,OpenCL,851.0625,1420.8,1.6694426085040757
cell_11/comb_iter_0/left/separable_5x5_1/separable_conv2d,OpenCL,1900.6499999999996,1518.2,0.7987793649540949
cell_11/comb_iter_0/left/separable_5x5_2/separable_conv2d/depthwise,OpenCL,876.75,1054.0,1.2021670943826632
cell_11/comb_iter_0/left/separable_5x5_2/separable_conv2d,OpenCL,1904.55,1359.8,0.7139744296552991
cell_11/comb_iter_0/right/Relu,OpenCL,563.4000000000001,838.8,1.4888178913738015
cell_11/comb_iter_0/right/separable_3x3_1/separable_conv2d/depthwise,OpenCL,653.8333333333334,360.4,0.5512108080550598
cell_11/comb_iter_0/right/separable_3x3_1/separable_conv2d,OpenCL,1902.8999999999999,1537.1,0.8077670923327552
cell_11/comb_iter_0/right/separable_3x3_2/separable_conv2d/depthwise,OpenCL,645.75,446.3,0.6911343399148278
cell_11/comb_iter_0/right/separable_3x3_2/separable_conv2d,OpenCL,1894.9999999999998,1432.8,0.756094986807388
cell_11/comb_iter_0/combine/add,OpenCL,649.0,935.8,1.44191063174114
cell_11/comb_iter_1/left/Relu,OpenCL,555.75,1968.7,3.5424201529464687
cell_11/comb_iter_1/left/separable_5x5_1/separable_conv2d/depthwise,OpenCL,884.1666666666666,670.0,0.7577756833176249
cell_11/comb_iter_1/left/separable_5x5_1/separable_conv2d,OpenCL,1913.8500000000001,1266.7,0.6618596023721817
cell_11/comb_iter_1/left/separable_5x5_2/separable_conv2d/depthwise,OpenCL,866.25,635.5,0.7336219336219336
cell_11/comb_iter_1/left/separable_5x5_2/separable_conv2d,OpenCL,1894.3333333333335,1266.9,0.668784092908675
cell_11/comb_iter_1/right/Relu,OpenCL,546.5,856.1,1.5665141811527905
cell_11/comb_iter_1/right/separable_3x3_1/separable_conv2d/depthwise,OpenCL,645.8333333333333,611.8,0.9473032258064517
cell_11/comb_iter_1/right/separable_3x3_1/separable_conv2d,OpenCL,1998.8999999999999,1213.5,0.6070838961428786
cell_11/comb_iter_1/right/separable_3x3_2/separable_conv2d/depthwise,OpenCL,639.6666666666667,721.6,1.1280875455966648
cell_11/comb_iter_1/right/separable_3x3_2/separable_conv2d,OpenCL,1897.5,1281.4,0.6753096179183136
cell_11/comb_iter_1/combine/add,OpenCL,624.9375,783.7,1.254045404540454
cell_11/comb_iter_2/left/AvgPool2D/AvgPool,CPU,270.0,296.4,1.0977777777777777
cell_11/comb_iter_2/left/AvgPool2D/AvgPool___tr4cell_11/comb_iter_2/combine/add,CPU,145.5,321.0,2.2061855670103094
cell_11/prev_bn/FusedBatchNormV3___tr4cell_11/comb_iter_2/combine/add,CPU,438.44444444444446,482.2,1.099797263051191
cell_11/comb_iter_2/combine/add,CPU,75.44444444444444,112.5,1.4911634756995582
cell_11/comb_iter_3/left/AvgPool2D/AvgPool,CPU,235.6,267.2,1.134125636672326
cell_11/comb_iter_3/right/AvgPool2D/AvgPool,CPU,217.4,233.8,1.0754369825206993
cell_11/comb_iter_3/left/AvgPool2D/AvgPool___tr4cell_11/comb_iter_3/combine/add,CPU,125.3,373.9,2.9840383080606543
cell_11/comb_iter_3/right/AvgPool2D/AvgPool___tr4cell_11/comb_iter_3/combine/add,CPU,165.66666666666666,267.1,1.6122736418511068
cell_11/comb_iter_3/combine/add,CPU,79.5,158.3,1.9911949685534593
cell_11/comb_iter_4/left/Relu,CPU,109.88888888888889,76.2,0.6934277047522751
cell_11/comb_iter_4/left/separable_3x3_1/separable_conv2d/depthwise,CPU,175.8,156.1,0.8879408418657565
cell_11/comb_iter_4/left/separable_3x3_1/separable_conv2d,CPU,1974.2,2017.1,1.0217303211427413
cell_11/comb_iter_4/left/separable_3x3_2/separable_conv2d/depthwise,CPU,141.8,156.8,1.1057827926657264
cell_11/comb_iter_4/left/separable_3x3_2/separable_conv2d,CPU,1988.7,2150.7,1.0814602504148438
cell_11/comb_iter_4/combine/add,CPU,96.4,88.9,0.9221991701244814
cell_11/comb_iter_2/combine/add___tr4cell_11/cell_output/concat,CPU,137.9,96.6,0.7005076142131978
cell_11/comb_iter_3/combine/add___tr4cell_11/cell_output/concat,CPU,252.8,271.9,1.0755537974683542
cell_11/cell_output/concat,CPU,610.7,681.9,1.1165875225151465
reduction_cell_1/Relu_1,CPU,490.9,598.9,1.2200040741495213
reduction_cell_1/1x1/Conv2D,OpenCL,15253.349999999997,10319.8,0.676559575437527
reduction_cell_1/comb_iter_1/left/MaxPool2D/MaxPool,CPU,161.0,279.2,1.7341614906832297
reduction_cell_1/Relu,CPU,774.6,575.6,0.7430932093983992
reduction_cell_1/prev_1x1/Conv2D,OpenCL,15328.199999999999,12436.1,0.8113216163672187
reduction_cell_1/comb_iter_1/right/Relu,CPU,136.9,231.8,1.6932067202337473
reduction_cell_1/comb_iter_1/right/separable_7x7_1/separable_conv2d/depthwise,CPU,519.1,533.1,1.0269697553457908
reduction_cell_1/comb_iter_1/right/separable_7x7_1/separable_conv2d,CPU,2229.2,2537.9,1.1384801722591065
reduction_cell_1/comb_iter_1/right/separable_7x7_2/separable_conv2d/depthwise,CPU,395.8,402.6,1.0171803941384538
reduction_cell_1/comb_iter_1/right/separable_7x7_2/separable_conv2d,CPU,2182.1,2445.4,1.1206635809541268
reduction_cell_1/comb_iter_1/left/MaxPool2D/MaxPool___tr4reduction_cell_1/comb_iter_1/combine/add,CPU,242.1,189.1,0.7810821974390748
reduction_cell_1/comb_iter_1/right/bn_sep_7x7_2/FusedBatchNormV3___tr4reduction_cell_1/comb_iter_1/combine/add,CPU,83.7,73.0,0.8721624850657108
reduction_cell_1/comb_iter_1/combine/add,CPU,31.0,97.8,3.1548387096774193
reduction_cell_1/comb_iter_2/left/AvgPool2D/AvgPool,OpenCL,672.5,1235.3,1.8368773234200744
reduction_cell_1/comb_iter_2/right/Relu,CPU,202.2,200.2,0.990108803165183
reduction_cell_1/comb_iter_2/right/separable_5x5_1/separable_conv2d/depthwise,CPU,292.9,331.5,1.1317855923523388
reduction_cell_1/comb_iter_2/right/separable_5x5_1/separable_conv2d,CPU,2206.0,2401.5,1.0886219401631914
reduction_cell_1/comb_iter_2/right/separable_5x5_2/separable_conv2d/depthwise,CPU,248.0,253.0,1.0201612903225807
reduction_cell_1/comb_iter_2/right/separable_5x5_2/separable_conv2d,CPU,2203.2,2391.2,1.0853304284676835
reduction_cell_1/comb_iter_2/left/AvgPool2D/AvgPool___tr4reduction_cell_1/comb_iter_2/combine/add,OpenCL,587.1428571428572,1877.8,3.1981995133819945
reduction_cell_1/comb_iter_2/right/bn_sep_5x5_2/FusedBatchNormV3___tr4reduction_cell_1/comb_iter_2/combine/add,CPU,80.9,71.2,0.8800988875154512
reduction_cell_1/comb_iter_2/combine/add,CPU,31.7,85.4,2.694006309148265
reduction_cell_1/comb_iter_0/left/Relu,CPU,195.7,162.3,0.8293306080735822
reduction_cell_1/comb_iter_0/left/separable_5x5_1/separable_conv2d/depthwise,CPU,290.7,224.7,0.7729618163054696
reduction_cell_1/comb_iter_0/left/separable_5x5_1/separable_conv2d,CPU,2233.4,2601.3,1.1647264260768335
reduction_cell_1/comb_iter_0/left/separable_5x5_2/separable_conv2d/depthwise,CPU,252.3,257.7,1.0214030915576693
reduction_cell_1/comb_iter_0/left/separable_5x5_2/separable_conv2d,CPU,2215.3,2406.8,1.0864442739132398
reduction_cell_1/comb_iter_0/right/Relu,CPU,166.8,211.2,1.2661870503597121
reduction_cell_1/comb_iter_0/right/separable_7x7_1/separable_conv2d/depthwise,CPU,503.6,509.6,1.011914217633042
reduction_cell_1/comb_iter_0/right/separable_7x7_1/separable_conv2d,CPU,2208.3,2413.1,1.092741022506
reduction_cell_1/comb_iter_0/right/separable_7x7_2/separable_conv2d/depthwise,CPU,404.7,399.9,0.9881393624907339
reduction_cell_1/comb_iter_0/right/separable_7x7_2/separable_conv2d,CPU,2208.8,2403.7,1.0882379572618615
reduction_cell_1/comb_iter_0/combine/add,CPU,43.0,60.4,1.4046511627906977
reduction_cell_1/comb_iter_3/right/AvgPool2D/AvgPool,CPU,134.2,126.9,0.9456035767511178
reduction_cell_1/comb_iter_3/right/AvgPool2D/AvgPool___tr4reduction_cell_1/comb_iter_3/combine/add,CPU,68.6,75.2,1.0962099125364433
reduction_cell_1/comb_iter_3/combine/add,CPU,37.5,89.3,2.381333333333333
reduction_cell_1/comb_iter_4/left/Relu,CPU,42.5,49.4,1.1623529411764706
reduction_cell_1/comb_iter_4/left/separable_3x3_1/separable_conv2d/depthwise,CPU,99.2,102.6,1.034274193548387
reduction_cell_1/comb_iter_4/left/separable_3x3_1/separable_conv2d,CPU,2228.1,2526.7,1.1340155289259908
reduction_cell_1/comb_iter_4/left/separable_3x3_2/separable_conv2d/depthwise,CPU,127.40000000000002,138.2,1.0847723704866559
reduction_cell_1/comb_iter_4/left/separable_3x3_2/separable_conv2d,CPU,2213.8,2359.3,1.0657240943174633
reduction_cell_1/comb_iter_4/right/MaxPool2D/MaxPool,CPU,251.3,315.0,1.2534818941504178
reduction_cell_1/comb_iter_4/left/bn_sep_3x3_2/FusedBatchNormV3___tr4reduction_cell_1/comb_iter_4/combine/add,CPU,175.5,75.2,0.4284900284900285
reduction_cell_1/comb_iter_4/right/MaxPool2D/MaxPool___tr4reduction_cell_1/comb_iter_4/combine/add,CPU,126.9,202.8,1.5981087470449173
reduction_cell_1/comb_iter_4/combine/add,CPU,38.333333333333336,34.8,0.9078260869565216
reduction_cell_1/cell_output/concat,CPU,273.4,329.1,1.2037307973664961
cell_13/Relu,CPU,231.66666666666666,256.6,1.1076258992805756
cell_13/Relu___tr4cell_13/prev_1x1/Conv2D,CPU,672.0,678.7,1.0099702380952382
cell_13/prev_1x1/Conv2D,CPU,10016.1,11244.4,1.1226325615758628
cell_12/Relu,CPU,508.0,507.1,0.998228346456693
cell_12/AvgPool2D,CPU,457.2,741.2,1.6211723534558182
cell_12/path1_conv/Conv2D,CPU,3873.3,3971.3,1.0253014225595745
cell_12/Pad/paddings,CPU,0.0,0.7,0
cell_12/Pad_Gather_Index,CPU,0.0,0.2,0
cell_12/Pad_Gather,CPU,0.0,0.3,0
cell_12/Pad,CPU,2212.0,2516.0,1.1374321880650995
cell_12/strided_slice/stack,CPU,0.0,0.5,0
cell_12/strided_slice/stack_1,CPU,0.0,0.4,0
cell_12/strided_slice/stack_2,CPU,0.0,0.1,0
cell_12/Pad___tr4cell_12/strided_slice,CPU,1362.0,3390.5,2.48935389133627
cell_12/strided_slice,CPU,1393.7,1499.3,1.0757695343330702
cell_12/strided_slice___tr4cell_12/AvgPool2D_1,CPU,1805.1,2944.7,1.631322364411944
cell_12/AvgPool2D_1,CPU,518.4,959.9,1.851658950617284
cell_12/path2_conv/Conv2D,CPU,3910.8,4867.8,1.2447069653267873
cell_12/concat,CPU,35.3,45.6,1.2917847025495752
cell_12/final_path_bn/FusedBatchNormV3,CPU,43.5,66.2,1.5218390804597701
cell_12/Relu_1,CPU,197.7,179.7,0.9089529590288316
cell_12/Relu_1___tr4cell_12/1x1/Conv2D,CPU,401.1,739.6,1.843929194714535
cell_12/1x1/Conv2D,OpenCL,6243.150000000001,5377.1,0.8612799628392718
cell_12/comb_iter_0/left/Relu,OpenCL,515.5714285714286,636.9,1.2353283458021613
cell_12/comb_iter_0/left/separable_5x5_1/separable_conv2d/depthwise,OpenCL,456.2142857142857,1197.6,2.6250821982151242
cell_12/comb_iter_0/left/separable_5x5_1/separable_conv2d,OpenCL,1810.1999999999998,2200.9,1.215832504695614
cell_12/comb_iter_0/left/separable_5x5_2/separable_conv2d/depthwise,OpenCL,563.4000000000001,1486.3,2.63809016684416
cell_12/comb_iter_0/left/separable_5x5_2/separable_conv2d,OpenCL,1851.0,2113.8,1.1419773095623988
cell_12/comb_iter_0/right/Relu,OpenCL,328.6666666666667,1844.3,5.611460446247464
cell_12/comb_iter_0/right/separable_3x3_1/separable_conv2d/depthwise,OpenCL,346.87500000000006,673.6,1.9419099099099097
cell_12/comb_iter_0/right/separable_3x3_1/separable_conv2d,OpenCL,1780.8000000000002,1838.6,1.032457322551662
cell_12/comb_iter_0/right/separable_3x3_2/separable_conv2d/depthwise,OpenCL,338.1,998.0,2.9517894114167404
cell_12/comb_iter_0/right/separable_3x3_2/separable_conv2d,OpenCL,1870.5000000000002,1617.9,0.8649558941459502
cell_12/comb_iter_0/combine/add,OpenCL,343.6666666666667,533.3,1.5517943743937923
cell_12/comb_iter_1/left/Relu,OpenCL,303.5625,997.4,3.2856495779287624
cell_12/comb_iter_1/left/separable_5x5_1/separable_conv2d/depthwise,OpenCL,555.4999999999999,1183.3,2.1301530153015307
cell_12/comb_iter_1/left/separable_5x5_1/separable_conv2d,OpenCL,1846.95,1649.8,0.8932564498226806
cell_12/comb_iter_1/left/separable_5x5_2/separable_conv2d/depthwise,OpenCL,528.6666666666666,809.1,1.530453972257251
cell_12/comb_iter_1/left/separable_5x5_2/separable_conv2d,OpenCL,1875.3,1675.8,0.8936170212765957
cell_12/comb_iter_1/right/Relu,OpenCL,332.625,736.5,2.214205186020293
cell_12/comb_iter_1/right/separable_3x3_1/separable_conv2d/depthwise,OpenCL,337.87500000000006,711.2,2.1049204587495374
cell_12/comb_iter_1/right/separable_3x3_1/separable_conv2d,OpenCL,1795.8,1341.2,0.7468537699075621
cell_12/comb_iter_1/right/separable_3x3_2/separable_conv2d/depthwise,OpenCL,345.9375,730.3,2.1110749774164406
cell_12/comb_iter_1/right/separable_3x3_2/separable_conv2d,OpenCL,1850.25,1396.6,0.7548169166328874
cell_12/comb_iter_1/combine/add,OpenCL,426.85714285714283,688.8,1.6136546184738956
cell_12/comb_iter_2/left/AvgPool2D/AvgPool,CPU,150.44444444444446,138.7,0.9219350073855243
cell_12/comb_iter_2/left/AvgPool2D/AvgPool___tr4cell_12/comb_iter_2/combine/add,CPU,63.6,60.1,0.9449685534591195
cell_12/final_path_bn/FusedBatchNormV3___tr4cell_12/comb_iter_2/combine/add,CPU,230.7,245.1,1.0624187256176854
cell_12/comb_iter_2/combine/add,CPU,24.333333333333332,60.4,2.482191780821918
cell_12/comb_iter_3/left/AvgPool2D/AvgPool,CPU,125.44444444444444,136.6,1.0889282550930026
cell_12/comb_iter_3/right/AvgPool2D/AvgPool,CPU,121.55555555555556,161.9,1.3319012797074954
cell_12/comb_iter_3/left/AvgPool2D/AvgPool___tr4cell_12/comb_iter_3/combine/add,CPU,61.333333333333336,121.3,1.9777173913043478
cell_12/comb_iter_3/right/AvgPool2D/AvgPool___tr4cell_12/comb_iter_3/combine/add,CPU,59.44444444444444,126.8,2.1330841121495325
cell_12/comb_iter_3/combine/add,CPU,44.6,76.8,1.7219730941704035
cell_12/comb_iter_4/left/Relu,OpenCL,492.1875,640.6,1.301536507936508
cell_12/comb_iter_4/left/separable_3x3_1/separable_conv2d/depthwise,OpenCL,564.9375,927.3,1.6414205111184865
cell_12/comb_iter_4/left/separable_3x3_1/separable_conv2d,OpenCL,1952.2500000000002,1485.5,0.7609168907670636
cell_12/comb_iter_4/left/separable_3x3_2/separable_conv2d/depthwise,OpenCL,555.4285714285713,1416.1,2.549562757201646
cell_12/comb_iter_4/left/separable_3x3_2/separable_conv2d,OpenCL,1985.8333333333333,1916.3,0.9649853126311372
cell_12/comb_iter_4/combine/add,OpenCL,500.7857142857143,681.5,1.3608615033518756
cell_12/comb_iter_2/combine/add___tr4cell_12/cell_output/concat,CPU,61.4,56.5,0.9201954397394138
cell_12/comb_iter_3/combine/add___tr4cell_12/cell_output/concat,CPU,64.5,147.0,2.2790697674418605
cell_12/cell_output/concat,CPU,263.8,412.5,1.5636846095526913
cell_13/Relu_1,CPU,329.3,285.3,0.8663832371697541
cell_13/1x1/Conv2D,OpenCL,9056.249999999998,8861.2,0.9784623878536924
cell_13/comb_iter_0/left/Relu,OpenCL,629.4375000000001,657.2,1.044106841425876
cell_13/comb_iter_0/left/separable_5x5_1/separable_conv2d/depthwise,OpenCL,669.5,725.7,1.0839432412247947
cell_13/comb_iter_0/left/separable_5x5_1/separable_conv2d,OpenCL,2004.9,1437.0,0.7167439772557235
cell_13/comb_iter_0/left/separable_5x5_2/separable_conv2d/depthwise,OpenCL,659.6666666666666,738.0,1.118746841839313
cell_13/comb_iter_0/left/separable_5x5_2/separable_conv2d,OpenCL,1970.5500000000002,1401.2,0.7110705133084672
cell_13/comb_iter_0/right/Relu,OpenCL,571.5,924.3,1.6173228346456692
cell_13/comb_iter_0/right/separable_3x3_1/separable_conv2d/depthwise,OpenCL,618.7499999999999,962.5,1.5555555555555558
cell_13/comb_iter_0/right/separable_3x3_1/separable_conv2d,OpenCL,1968.1499999999996,1340.3,0.6809948428727486
cell_13/comb_iter_0/right/separable_3x3_2/separable_conv2d/depthwise,OpenCL,618.6666666666667,1161.6,1.8775862068965514
cell_13/comb_iter_0/right/separable_3x3_2/separable_conv2d,OpenCL,1972.05,2086.7,1.0581374711594533
cell_13/comb_iter_0/combine/add,OpenCL,581.8333333333333,644.4,1.107533657977657
cell_13/comb_iter_1/left/Relu,CPU,44.4,40.6,0.9144144144144145
cell_13/comb_iter_1/left/separable_5x5_1/separable_conv2d/depthwise,CPU,253.33333333333334,245.2,0.9678947368421051
cell_13/comb_iter_1/left/separable_5x5_1/separable_conv2d,CPU,2205.0,2352.9,1.0670748299319728
cell_13/comb_iter_1/left/separable_5x5_2/separable_conv2d/depthwise,CPU,248.3,258.3,1.0402738622633911
cell_13/comb_iter_1/left/separable_5x5_2/separable_conv2d,CPU,2202.9,2321.6,1.0538835171818965
cell_13/comb_iter_1/right/Relu,CPU,42.7,43.4,1.0163934426229506
cell_13/comb_iter_1/right/separable_3x3_1/separable_conv2d/depthwise,CPU,133.4,121.0,0.9070464767616192
cell_13/comb_iter_1/right/separable_3x3_1/separable_conv2d,CPU,2209.2,2291.3,1.0371627738547893
cell_13/comb_iter_1/right/separable_3x3_2/separable_conv2d/depthwise,CPU,129.0,122.9,0.9527131782945737
cell_13/comb_iter_1/right/separable_3x3_2/separable_conv2d,CPU,2202.1,2341.9,1.063484855365333
cell_13/comb_iter_1/combine/add,CPU,48.3,50.5,1.0455486542443064
cell_13/comb_iter_2/left/AvgPool2D/AvgPool,CPU,150.75,151.0,1.0016583747927033
cell_13/comb_iter_2/left/AvgPool2D/AvgPool___tr4cell_13/comb_iter_2/combine/add,CPU,63.8,80.7,1.2648902821316614
cell_13/prev_bn/FusedBatchNormV3___tr4cell_13/comb_iter_2/combine/add,CPU,228.3,253.7,1.11125711782742
cell_13/comb_iter_2/combine/add,CPU,27.8,52.1,1.8741007194244603
cell_13/comb_iter_3/left/AvgPool2D/AvgPool,CPU,130.8,138.3,1.0573394495412844
cell_13/comb_iter_3/right/AvgPool2D/AvgPool,CPU,123.22222222222223,131.9,1.0704238052299369
cell_13/comb_iter_3/left/AvgPool2D/AvgPool___tr4cell_13/comb_iter_3/combine/add,CPU,62.3,72.4,1.1621187800963084
cell_13/comb_iter_3/right/AvgPool2D/AvgPool___tr4cell_13/comb_iter_3/combine/add,CPU,61.1,66.4,1.0867430441898527
cell_13/comb_iter_3/combine/add,CPU,44.4,55.7,1.2545045045045047
cell_13/comb_iter_4/left/Relu,OpenCL,559.8333333333334,616.2,1.1006847275974994
cell_13/comb_iter_4/left/separable_3x3_1/separable_conv2d/depthwise,OpenCL,662.7,641.2,0.9675569639354157
cell_13/comb_iter_4/left/separable_3x3_1/separable_conv2d,OpenCL,1995.9,1904.6,0.9542562252617866
cell_13/comb_iter_4/left/separable_3x3_2/separable_conv2d/depthwise,OpenCL,643.5,1570.3,2.4402486402486403
cell_13/comb_iter_4/left/separable_3x3_2/separable_conv2d,OpenCL,2017.35,2077.1,1.029618063300865
cell_13/comb_iter_4/combine/add,OpenCL,594.3333333333334,633.8,1.066404935501963
cell_13/comb_iter_2/combine/add___tr4cell_13/cell_output/concat,CPU,64.4,56.2,0.8726708074534161
cell_13/comb_iter_3/combine/add___tr4cell_13/cell_output/concat,CPU,59.22222222222222,155.5,2.625703564727955
cell_13/cell_output/concat,CPU,258.0,422.7,1.6383720930232557
cell_15/Relu,CPU,329.8,335.6,1.0175864160097028
cell_15/prev_1x1/Conv2D,CPU,15573.9,20234.7,1.2992699323868782
cell_14/Relu,CPU,310.7,409.8,1.318957193434181
cell_14/prev_1x1/Conv2D,CPU,15055.4,20127.4,1.3368890896289705
cell_14/Relu_1,CPU,305.3333333333333,397.6,1.3021834061135373
cell_14/1x1/Conv2D,OpenCL,9032.85,8853.7,0.9801668354948881
cell_14/comb_iter_0/left/Relu,OpenCL,629.7,614.7,0.9761791329204383
cell_14/comb_iter_0/left/separable_5x5_1/separable_conv2d/depthwise,OpenCL,718.0,1246.2,1.7356545961002787
cell_14/comb_iter_0/left/separable_5x5_1/separable_conv2d,OpenCL,2021.3999999999999,2225.6,1.101019095676264
cell_14/comb_iter_0/left/separable_5x5_2/separable_conv2d/depthwise,OpenCL,714.0,1370.3,1.9191876750700279
cell_14/comb_iter_0/left/separable_5x5_2/separable_conv2d,OpenCL,2060.5,1588.1,0.7707352584324193
cell_14/comb_iter_0/right/Relu,OpenCL,597.8333333333334,2205.1,3.6884862001672705
cell_14/comb_iter_0/right/separable_3x3_1/separable_conv2d/depthwise,OpenCL,680.1666666666667,825.5,1.2136731193334966
cell_14/comb_iter_0/right/separable_3x3_1/separable_conv2d,OpenCL,2019.45,2398.0,1.187452029017802
cell_14/comb_iter_0/right/separable_3x3_2/separable_conv2d/depthwise,OpenCL,694.0,2136.8,3.078962536023055
cell_14/comb_iter_0/right/separable_3x3_2/separable_conv2d,OpenCL,2004.6,2795.3,1.3944427816023148
cell_14/comb_iter_0/combine/add,OpenCL,637.35,1123.6,1.762924609712089
cell_14/comb_iter_1/left/Relu,CPU,47.9,42.7,0.8914405010438414
cell_14/comb_iter_1/left/separable_5x5_1/separable_conv2d/depthwise,CPU,254.80000000000004,243.6,0.9560439560439559
cell_14/comb_iter_1/left/separable_5x5_1/separable_conv2d,CPU,2218.4,2347.7,1.0582852506310854
cell_14/comb_iter_1/left/separable_5x5_2/separable_conv2d/depthwise,CPU,254.6,243.8,0.95758051846033
cell_14/comb_iter_1/left/separable_5x5_2/separable_conv2d,CPU,2230.8,2277.3,1.0208445400753092
cell_14/comb_iter_1/right/Relu,CPU,45.44444444444444,45.0,0.9902200488997556
cell_14/comb_iter_1/right/separable_3x3_1/separable_conv2d/depthwise,CPU,143.3,126.0,0.8792742498255407
cell_14/comb_iter_1/right/separable_3x3_1/separable_conv2d,CPU,2226.7,2337.2,1.0496250056136884
cell_14/comb_iter_1/right/separable_3x3_2/separable_conv2d/depthwise,CPU,123.7,126.4,1.0218270008084074
cell_14/comb_iter_1/right/separable_3x3_2/separable_conv2d,CPU,2218.8,2326.6,1.0485848206237605
cell_14/comb_iter_1/combine/add,CPU,46.0,54.5,1.184782608695652
cell_14/comb_iter_2/left/AvgPool2D/AvgPool,OpenCL,661.9999999999999,654.5,0.9886706948640485
cell_14/comb_iter_2/left/AvgPool2D/AvgPool___tr4cell_14/comb_iter_2/combine/add,OpenCL,570.1666666666666,949.0,1.6644256065477931
cell_14/prev_bn/FusedBatchNormV3___tr4cell_14/comb_iter_2/combine/add,OpenCL,587.0,1199.5,2.0434412265758093
cell_14/comb_iter_2/combine/add,OpenCL,603.0,1034.2,1.7150912106135987
cell_14/comb_iter_3/left/AvgPool2D/AvgPool,CPU,126.5,136.6,1.0798418972332016
cell_14/comb_iter_3/right/AvgPool2D/AvgPool,CPU,122.5,135.8,1.1085714285714288
cell_14/comb_iter_3/left/AvgPool2D/AvgPool___tr4cell_14/comb_iter_3/combine/add,CPU,63.4,57.2,0.9022082018927445
cell_14/comb_iter_3/right/AvgPool2D/AvgPool___tr4cell_14/comb_iter_3/combine/add,CPU,59.8,76.3,1.2759197324414715
cell_14/comb_iter_3/combine/add,CPU,41.888888888888886,73.7,1.7594164456233423
cell_14/comb_iter_4/left/Relu,CPU,42.2,56.3,1.3341232227488151
cell_14/comb_iter_4/left/separable_3x3_1/separable_conv2d/depthwise,CPU,99.4,110.0,1.1066398390342052
cell_14/comb_iter_4/left/separable_3x3_1/separable_conv2d,CPU,2248.1,2441.6,1.086072683599484
cell_14/comb_iter_4/left/separable_3x3_2/separable_conv2d/depthwise,CPU,130.88888888888889,127.0,0.9702886247877759
cell_14/comb_iter_4/left/separable_3x3_2/separable_conv2d,CPU,2212.2,2368.1,1.07047283247446
cell_14/comb_iter_4/combine/add,CPU,43.666666666666664,51.1,1.170229007633588
cell_14/comb_iter_2/combine/add___tr4cell_14/cell_output/concat,OpenCL,604.6666666666667,848.1,1.402590959206174
cell_14/comb_iter_3/combine/add___tr4cell_14/cell_output/concat,CPU,63.0,54.3,0.8619047619047618
cell_14/cell_output/concat,CPU,256.0,417.2,1.6296875
cell_15/Relu_1,CPU,338.55555555555554,396.0,1.1696750902527075
cell_15/1x1/Conv2D,CPU,15456.7,19736.3,1.2768766942490957
cell_15/comb_iter_0/left/Relu,CPU,40.3,39.7,0.9851116625310176
cell_15/comb_iter_0/left/separable_5x5_1/separable_conv2d/depthwise,CPU,260.6,249.6,0.9577897160399078
cell_15/comb_iter_0/left/separable_5x5_1/separable_conv2d,CPU,2193.7,2351.7,1.0720244336053244
cell_15/comb_iter_0/left/separable_5x5_2/separable_conv2d/depthwise,CPU,241.7,256.8,1.0624741414977246
cell_15/comb_iter_0/left/separable_5x5_2/separable_conv2d,CPU,2196.2,2378.8,1.0831436116929243
cell_15/comb_iter_0/right/Relu,CPU,44.6,44.7,1.0022421524663678
cell_15/comb_iter_0/right/separable_3x3_1/separable_conv2d/depthwise,CPU,131.44444444444446,128.0,0.9737954353338968
cell_15/comb_iter_0/right/separable_3x3_1/separable_conv2d,CPU,2220.2,2339.9,1.0539140617962346
cell_15/comb_iter_0/right/separable_3x3_2/separable_conv2d/depthwise,CPU,124.8,125.3,1.0040064102564104
cell_15/comb_iter_0/right/separable_3x3_2/separable_conv2d,CPU,2222.8,2337.9,1.0517815368004317
cell_15/comb_iter_0/combine/add,CPU,42.9,51.8,1.2074592074592074
cell_15/comb_iter_1/left/Relu,CPU,45.1,42.0,0.9312638580931264
cell_15/comb_iter_1/left/separable_5x5_1/separable_conv2d/depthwise,CPU,256.9,272.4,1.0603347606072402
cell_15/comb_iter_1/left/separable_5x5_1/separable_conv2d,CPU,2226.4,2343.8,1.0527308659719727
cell_15/comb_iter_1/left/separable_5x5_2/separable_conv2d/depthwise,CPU,249.0,247.0,0.9919678714859438
cell_15/comb_iter_1/left/separable_5x5_2/separable_conv2d,CPU,2194.4,2336.6,1.064801312431644
cell_15/comb_iter_1/right/Relu,CPU,43.6,44.6,1.0229357798165137
cell_15/comb_iter_1/right/separable_3x3_1/separable_conv2d/depthwise,CPU,137.55555555555554,123.3,0.8963651050080776
cell_15/comb_iter_1/right/separable_3x3_1/separable_conv2d,CPU,2232.0,2368.5,1.0611559139784945
cell_15/comb_iter_1/right/separable_3x3_2/separable_conv2d/depthwise,CPU,129.6,123.2,0.9506172839506174
cell_15/comb_iter_1/right/separable_3x3_2/separable_conv2d,CPU,2203.4,2421.5,1.0989833893074339
cell_15/comb_iter_1/combine/add,CPU,46.111111111111114,50.2,1.0886746987951808
cell_15/comb_iter_2/left/AvgPool2D/AvgPool,OpenCL,668.55,726.2,1.0862313963054373
cell_15/comb_iter_2/left/AvgPool2D/AvgPool___tr4cell_15/comb_iter_2/combine/add,OpenCL,601.05,654.2,1.0884285833125364
cell_15/prev_bn/FusedBatchNormV3___tr4cell_15/comb_iter_2/combine/add,OpenCL,614.8125,1185.4,1.9280675002541428
cell_15/comb_iter_2/combine/add,OpenCL,653.1666666666666,669.9,1.0256187803010972
cell_15/comb_iter_3/left/AvgPool2D/AvgPool,CPU,127.8,133.8,1.0469483568075117
cell_15/comb_iter_3/right/AvgPool2D/AvgPool,CPU,122.33333333333333,130.6,1.0675749318801089
cell_15/comb_iter_3/left/AvgPool2D/AvgPool___tr4cell_15/comb_iter_3/combine/add,CPU,60.7,98.2,1.6177924217462931
cell_15/comb_iter_3/right/AvgPool2D/AvgPool___tr4cell_15/comb_iter_3/combine/add,CPU,64.33333333333333,58.6,0.9108808290155441
cell_15/comb_iter_3/combine/add,CPU,47.8,62.2,1.3012552301255231
cell_15/comb_iter_4/left/Relu,CPU,42.8,44.0,1.0280373831775702
cell_15/comb_iter_4/left/separable_3x3_1/separable_conv2d/depthwise,CPU,96.0,155.0,1.6145833333333333
cell_15/comb_iter_4/left/separable_3x3_1/separable_conv2d,CPU,2204.5,2379.9,1.0795645271036516
cell_15/comb_iter_4/left/separable_3x3_2/separable_conv2d/depthwise,CPU,125.1,138.3,1.1055155875299763
cell_15/comb_iter_4/left/separable_3x3_2/separable_conv2d,CPU,2175.2,2338.6,1.0751195292386908
cell_15/comb_iter_4/combine/add,CPU,43.8,56.5,1.2899543378995435
cell_15/comb_iter_2/combine/add___tr4cell_15/cell_output/concat,OpenCL,719.625,655.7,0.911169011638006
cell_15/comb_iter_3/combine/add___tr4cell_15/cell_output/concat,CPU,59.5,158.2,2.6588235294117646
cell_15/cell_output/concat,CPU,251.5,397.1,1.5789264413518889
cell_17/Relu,CPU,327.7,417.6,1.274336283185841
cell_17/prev_1x1/Conv2D,OpenCL,9945.9,9135.2,0.9184890256286511
cell_16/Relu,CPU,319.2,350.7,1.0986842105263157
cell_16/prev_1x1/Conv2D,OpenCL,11295.75,8776.9,0.7770090520771086
cell_16/Relu_1,CPU,319.9,324.1,1.0131291028446392
cell_16/1x1/Conv2D,CPU,14885.2,19851.5,1.3336401257625023
cell_16/comb_iter_0/left/Relu,OpenCL,705.3333333333334,1401.9,1.987570888468809
cell_16/comb_iter_0/left/separable_5x5_1/separable_conv2d/depthwise,OpenCL,717.5,1203.4,1.677212543554007
cell_16/comb_iter_0/left/separable_5x5_1/separable_conv2d,OpenCL,2096.8500000000004,2366.2,1.1284545866418674
cell_16/comb_iter_0/left/separable_5x5_2/separable_conv2d/depthwise,OpenCL,713.0999999999999,1069.8,1.5002103491796384
cell_16/comb_iter_0/left/separable_5x5_2/separable_conv2d,OpenCL,2033.8333333333335,1435.9,0.7060067196591002
cell_16/comb_iter_0/right/Relu,OpenCL,586.0,428.6,0.7313993174061434
cell_16/comb_iter_0/right/separable_3x3_1/separable_conv2d/depthwise,OpenCL,671.0625,485.7,0.7237775915060073
cell_16/comb_iter_0/right/separable_3x3_1/separable_conv2d,OpenCL,1995.9,1771.6,0.8876196202214539
cell_16/comb_iter_0/right/separable_3x3_2/separable_conv2d/depthwise,OpenCL,647.4000000000001,931.7,1.4391411801050353
cell_16/comb_iter_0/right/separable_3x3_2/separable_conv2d,OpenCL,2005.9499999999998,1745.6,0.8702111219123109
cell_16/comb_iter_0/combine/add,OpenCL,629.85,562.7,0.893387314439946
cell_16/comb_iter_1/left/Relu,OpenCL,586.05,679.5,1.159457384182237
cell_16/comb_iter_1/left/separable_5x5_1/separable_conv2d/depthwise,OpenCL,719.25,813.4,1.1309002433090023
cell_16/comb_iter_1/left/separable_5x5_1/separable_conv2d,OpenCL,1981.8000000000002,1493.6,0.7536582904430315
cell_16/comb_iter_1/left/separable_5x5_2/separable_conv2d/depthwise,OpenCL,687.3333333333334,588.0,0.8554801163918525
cell_16/comb_iter_1/left/separable_5x5_2/separable_conv2d,OpenCL,1983.3,1428.3,0.7201633640901528
cell_16/comb_iter_1/right/Relu,OpenCL,590.8333333333334,450.5,0.7624823695345556
cell_16/comb_iter_1/right/separable_3x3_1/separable_conv2d/depthwise,OpenCL,651.45,590.9,0.907053496047279
cell_16/comb_iter_1/right/separable_3x3_1/separable_conv2d,OpenCL,1987.9499999999998,1704.0,0.8571644156040142
cell_16/comb_iter_1/right/separable_3x3_2/separable_conv2d/depthwise,OpenCL,644.4000000000001,1211.1,1.8794227188081933
cell_16/comb_iter_1/right/separable_3x3_2/separable_conv2d,OpenCL,1983.3,1471.5,0.7419452427771895
cell_16/comb_iter_1/combine/add,OpenCL,611.7,766.5,1.253065228052967
cell_16/comb_iter_2/left/AvgPool2D/AvgPool,CPU,151.0,126.9,0.8403973509933775
cell_16/comb_iter_2/left/AvgPool2D/AvgPool___tr4cell_16/comb_iter_2/combine/add,CPU,66.3,67.2,1.0135746606334843
cell_16/prev_bn/FusedBatchNormV3___tr4cell_16/comb_iter_2/combine/add,CPU,229.0,193.8,0.8462882096069869
cell_16/comb_iter_2/combine/add,CPU,26.0,38.7,1.4884615384615385
cell_16/comb_iter_3/left/AvgPool2D/AvgPool,CPU,126.9,141.1,1.1118991331757289
cell_16/comb_iter_3/right/AvgPool2D/AvgPool,CPU,123.77777777777777,134.0,1.082585278276481
cell_16/comb_iter_3/left/AvgPool2D/AvgPool___tr4cell_16/comb_iter_3/combine/add,CPU,63.1,90.5,1.4342313787638667
cell_16/comb_iter_3/right/AvgPool2D/AvgPool___tr4cell_16/comb_iter_3/combine/add,CPU,61.111111111111114,59.8,0.9785454545454545
cell_16/comb_iter_3/combine/add,CPU,48.44444444444444,49.0,1.011467889908257
cell_16/comb_iter_4/left/Relu,CPU,41.8,45.8,1.0956937799043063
cell_16/comb_iter_4/left/separable_3x3_1/separable_conv2d/depthwise,CPU,101.6,126.2,1.2421259842519685
cell_16/comb_iter_4/left/separable_3x3_1/separable_conv2d,CPU,2243.5,2294.8,1.0228660574994428
cell_16/comb_iter_4/left/separable_3x3_2/separable_conv2d/depthwise,CPU,126.3,124.9,0.9889152810768014
cell_16/comb_iter_4/left/separable_3x3_2/separable_conv2d,CPU,2190.4,2328.8,1.0631848064280498
cell_16/comb_iter_4/combine/add,CPU,46.0,62.0,1.3478260869565217
cell_16/comb_iter_2/combine/add___tr4cell_16/cell_output/concat,CPU,62.3,81.6,1.3097913322632424
cell_16/comb_iter_3/combine/add___tr4cell_16/cell_output/concat,CPU,64.22222222222223,115.8,1.8031141868512108
cell_16/cell_output/concat,CPU,262.77777777777777,399.1,1.5187737843551798
cell_17/Relu_1,CPU,327.1,358.9,1.0972179761540812
cell_17/1x1/Conv2D,OpenCL,11009.7,6358.4,0.5775270897481312
cell_17/comb_iter_0/left/Relu,CPU,40.0,62.9,1.5725
cell_17/comb_iter_0/left/separable_5x5_1/separable_conv2d/depthwise,CPU,258.1,272.9,1.0573421154591243
cell_17/comb_iter_0/left/separable_5x5_1/separable_conv2d,CPU,2195.8,2598.0,1.1831678659258584
cell_17/comb_iter_0/left/separable_5x5_2/separable_conv2d/depthwise,CPU,248.5,248.6,1.0004024144869215
cell_17/comb_iter_0/left/separable_5x5_2/separable_conv2d,CPU,2192.9,2332.0,1.0634319850426375
cell_17/comb_iter_0/right/Relu,OpenCL,587.4375,443.4,0.7548037025215448
cell_17/comb_iter_0/right/separable_3x3_1/separable_conv2d/depthwise,OpenCL,647.1666666666666,544.8,0.8418233324748905
cell_17/comb_iter_0/right/separable_3x3_1/separable_conv2d,OpenCL,2030.5,1415.7,0.6972174341295247
cell_17/comb_iter_0/right/separable_3x3_2/separable_conv2d/depthwise,OpenCL,595.2857142857143,494.2,0.8301895848332133
cell_17/comb_iter_0/right/separable_3x3_2/separable_conv2d,OpenCL,1960.05,1463.0,0.7464095303691233
cell_17/comb_iter_0/combine/add,CPU,46.0,97.8,2.126086956521739
cell_17/comb_iter_1/left/Relu,CPU,48.2,45.7,0.9481327800829875
cell_17/comb_iter_1/left/separable_5x5_1/separable_conv2d/depthwise,CPU,245.5,254.3,1.0358452138492873
cell_17/comb_iter_1/left/separable_5x5_1/separable_conv2d,CPU,2216.6,2411.5,1.0879274564648562
cell_17/comb_iter_1/left/separable_5x5_2/separable_conv2d/depthwise,CPU,245.7,246.8,1.0044770044770046
cell_17/comb_iter_1/left/separable_5x5_2/separable_conv2d,CPU,2224.1,2306.5,1.0370486938536936
cell_17/comb_iter_1/right/Relu,CPU,43.5,54.2,1.245977011494253
cell_17/comb_iter_1/right/separable_3x3_1/separable_conv2d/depthwise,CPU,138.22222222222223,127.2,0.9202572347266881
cell_17/comb_iter_1/right/separable_3x3_1/separable_conv2d,CPU,2245.9,2284.8,1.017320450598869
cell_17/comb_iter_1/right/separable_3x3_2/separable_conv2d/depthwise,CPU,125.2,124.8,0.9968051118210862
cell_17/comb_iter_1/right/separable_3x3_2/separable_conv2d,CPU,2217.7,2342.6,1.0563196104071786
cell_17/comb_iter_1/combine/add,CPU,45.2,56.8,1.2566371681415929
cell_17/comb_iter_2/left/AvgPool2D/AvgPool,CPU,154.3,147.5,0.9559300064808813
cell_17/comb_iter_2/left/AvgPool2D/AvgPool___tr4cell_17/comb_iter_2/combine/add,CPU,64.11111111111111,63.6,0.9920277296360485
cell_17/prev_bn/FusedBatchNormV3___tr4cell_17/comb_iter_2/combine/add,CPU,231.44444444444446,127.6,0.5513202112337974
cell_17/comb_iter_2/combine/add,CPU,32.666666666666664,59.3,1.8153061224489797
cell_17/comb_iter_3/left/AvgPool2D/AvgPool,CPU,128.9,127.3,0.9875872769588828
cell_17/comb_iter_3/right/AvgPool2D/AvgPool,CPU,122.8,155.2,1.263843648208469
cell_17/comb_iter_3/left/AvgPool2D/AvgPool___tr4cell_17/comb_iter_3/combine/add,CPU,63.1,99.6,1.5784469096671947
cell_17/comb_iter_3/right/AvgPool2D/AvgPool___tr4cell_17/comb_iter_3/combine/add,CPU,59.2,92.1,1.555743243243243
cell_17/comb_iter_3/combine/add,CPU,43.8,39.4,0.8995433789954338
cell_17/comb_iter_4/left/Relu,OpenCL,552.0,1364.6,2.472101449275362
cell_17/comb_iter_4/left/separable_3x3_1/separable_conv2d/depthwise,OpenCL,650.25,2438.1,3.749480968858131
cell_17/comb_iter_4/left/separable_3x3_1/separable_conv2d,OpenCL,2006.6666666666667,1695.8,0.8450830564784053
cell_17/comb_iter_4/left/separable_3x3_2/separable_conv2d/depthwise,OpenCL,604.0,665.2,1.1013245033112584
cell_17/comb_iter_4/left/separable_3x3_2/separable_conv2d,OpenCL,1990.8,1710.6,0.8592525617842073
cell_17/comb_iter_4/combine/add,CPU,44.2,102.1,2.3099547511312215
cell_17/comb_iter_2/combine/add___tr4cell_17/cell_output/concat,CPU,62.2,156.6,2.517684887459807
cell_17/comb_iter_3/combine/add___tr4cell_17/cell_output/concat,CPU,60.0,137.8,2.296666666666667
cell_17/cell_output/concat,CPU,266.0,329.0,1.236842105263158
final_layer/Relu,CPU,339.0,370.2,1.0920353982300885
final_layer/Mean/reduction_indices,CPU,0.0,0.3,0
final_layer/Relu___tr4final_layer/Mean,CPU,1611.1,1695.5,1.052386568183229
final_layer/Mean,CPU,705.8,732.2,1.0374043638424484
final_layer/FC/weights,CPU,0.0,0.4,0
final_layer/FC/MatMul,CPU,12609.111111111111,12683.3,1.0058837524893816
final_layer/FC/biases,CPU,0.0,0.2,0
final_layer/FC/BiasAdd,CPU,17.7,21.4,1.2090395480225988
final_layer/predictions,CPU,12.777777777777779,12.7,0.9939130434782607
