conv0/Conv2D,CPU,3724.5555555555557,4138.5,1.1111392858208287
cell_stem_1/Relu,CPU,1103.4444444444443,3150.3,2.854969288087806
cell_stem_1/AvgPool2D,CPU,884.4444444444445,1328.8,1.5024120603015074
cell_stem_1/path1_conv/Conv2D,CPU,1525.9,3104.1,2.0342748541844156
cell_stem_1/Pad/paddings,CPU,0.0,0.0,0
cell_stem_1/Pad_Gather_Index,CPU,0.0,0.0,0
cell_stem_1/Pad_Gather,CPU,0.0,0.2,0
cell_stem_1/Pad,CPU,2450.222222222222,4448.5,1.8155496100126973
cell_stem_1/strided_slice/stack,CPU,0.9,0.0,0.0
cell_stem_1/strided_slice/stack_1,CPU,0.0,0.2,0
cell_stem_1/strided_slice/stack_2,CPU,0.0,0.0,0
cell_stem_1/Pad___tr4cell_stem_1/strided_slice,CPU,1631.888888888889,2382.2,1.459780758493906
cell_stem_1/strided_slice,CPU,2588.0,2856.1,1.1035935085007729
cell_stem_1/strided_slice___tr4cell_stem_1/AvgPool2D_1,CPU,2156.2,3245.5,1.5051943233466285
cell_stem_1/AvgPool2D_1,CPU,829.4,1089.7,1.3138413310827104
cell_stem_1/path2_conv/Conv2D,CPU,1532.0,1898.9,1.239490861618799
cell_stem_1/concat,CPU,835.7,990.3,1.184994615292569
cell_stem_1/final_path_bn/FusedBatchNormV3,CPU,289.1,346.9,1.1999308197855412
cell_stem_1/comb_iter_0/left/Relu,OpenCL,590.875,2461.9,4.166532684577956
cell_stem_1/comb_iter_0/left/separable_5x5_1/separable_conv2d/depthwise,OpenCL,801.875,1216.5,1.5170693686671863
cell_stem_1/comb_iter_0/left/separable_5x5_1/separable_conv2d,OpenCL,697.25,798.3,1.1449264969523125
cell_stem_1/comb_iter_0/left/separable_5x5_2/separable_conv2d/depthwise,OpenCL,559.4444444444445,855.6,1.529374379344588
cell_stem_1/comb_iter_0/left/separable_5x5_2/separable_conv2d,OpenCL,732.1111111111111,1104.4,1.5085141903171955
cell_stem_1/comb_iter_0/right/MaxPool2D/MaxPool,OpenCL,428.375,1036.3,2.4191421067989496
cell_stem_1/comb_iter_0/left/bn_sep_5x5_2/FusedBatchNormV3___tr4cell_stem_1/comb_iter_0/combine/add,OpenCL,345.1111111111111,641.8,1.8596909207984547
cell_stem_1/comb_iter_0/right/MaxPool2D/MaxPool___tr4cell_stem_1/comb_iter_0/combine/add,OpenCL,346.5,470.8,1.3587301587301588
cell_stem_1/comb_iter_0/combine/add,OpenCL,370.8888888888889,586.0,1.5799880167765128
cell_stem_0/comb_iter_0/left/Relu,OpenCL,1064.5555555555557,1266.2,1.189416553595658
cell_stem_0/comb_iter_0/left/separable_5x5_1/separable_conv2d/depthwise,OpenCL,3121.625,3346.7,1.0721018700196212
cell_stem_0/comb_iter_0/left/separable_5x5_1/separable_conv2d,OpenCL,732.3333333333334,1036.7,1.415612198452435
cell_stem_0/comb_iter_0/left/separable_5x5_2/separable_conv2d/depthwise,OpenCL,702.0,773.4,1.1017094017094016
cell_stem_0/comb_iter_0/left/separable_5x5_2/separable_conv2d,OpenCL,601.2857142857143,772.3,1.284414350201948
cell_stem_0/comb_iter_0/right/MaxPool2D/MaxPool,OpenCL,748.8571428571429,917.3,1.2249332315909958
cell_stem_0/comb_iter_0/right/1x1/Conv2D,OpenCL,774.375,830.0,1.0718321226795804
cell_stem_0/comb_iter_0/combine/add,OpenCL,407.1111111111111,485.2,1.191812227074236
cell_stem_0/Relu,OpenCL,985.125,3077.0,3.1234614896586725
cell_stem_0/1x1/Conv2D,OpenCL,1514.75,1941.1,1.281465588380921
cell_stem_0/comb_iter_1/left/Relu,OpenCL,680.5555555555555,969.9,1.4251591836734694
cell_stem_0/comb_iter_1/left/separable_7x7_1/separable_conv2d/depthwise,OpenCL,1310.2222222222222,1705.3,1.3015349389416553
cell_stem_0/comb_iter_1/left/separable_7x7_1/separable_conv2d,OpenCL,557.75,913.9,1.638547736441058
cell_stem_0/comb_iter_1/left/separable_7x7_2/separable_conv2d/depthwise,OpenCL,918.75,1291.2,1.4053877551020408
cell_stem_0/comb_iter_1/left/separable_7x7_2/separable_conv2d,OpenCL,563.875,742.3,1.3164265129682997
cell_stem_0/comb_iter_1/right/MaxPool2D/MaxPool,OpenCL,538.5555555555555,604.0,1.1215184650299155
cell_stem_0/comb_iter_1/left/bn_sep_7x7_2/FusedBatchNormV3___tr4cell_stem_0/comb_iter_1/combine/add,OpenCL,428.14285714285717,481.6,1.124858191524858
cell_stem_0/comb_iter_1/right/MaxPool2D/MaxPool___tr4cell_stem_0/comb_iter_1/combine/add,OpenCL,427.5,510.9,1.1950877192982456
cell_stem_0/comb_iter_1/combine/add,OpenCL,428.75,575.9,1.3432069970845482
cell_stem_0/comb_iter_2/left/Relu,CPU,640.5,796.2,1.2430913348946138
cell_stem_0/comb_iter_2/left/separable_5x5_1/separable_conv2d/depthwise,CPU,1118.9,1305.7,1.166949682724104
cell_stem_0/comb_iter_2/left/separable_5x5_1/separable_conv2d,CPU,797.0,922.2,1.1570890840652448
cell_stem_0/comb_iter_2/left/separable_5x5_2/separable_conv2d/depthwise,CPU,863.1,1014.0,1.1748348974626346
cell_stem_0/comb_iter_2/left/separable_5x5_2/separable_conv2d,CPU,750.9,878.4,1.1697962445065921
cell_stem_0/comb_iter_2/right/Relu,CPU,630.6,731.9,1.1606406596891847
cell_stem_0/comb_iter_2/right/separable_3x3_1/separable_conv2d/depthwise,CPU,768.6,812.9,1.0576372625552952
cell_stem_0/comb_iter_2/right/separable_3x3_1/separable_conv2d,CPU,797.0,909.2,1.1407779171894605
cell_stem_0/comb_iter_2/right/separable_3x3_2/separable_conv2d/depthwise,CPU,317.9,327.0,1.0286253538848695
cell_stem_0/comb_iter_2/right/separable_3x3_2/separable_conv2d,CPU,782.4,848.3,1.0842280163599183
cell_stem_0/comb_iter_2/combine/add,CPU,124.7,124.7,1.0
cell_stem_0/comb_iter_3/left/Relu,CPU,102.4,116.3,1.1357421875
cell_stem_0/comb_iter_3/left/separable_3x3_1/separable_conv2d/depthwise,CPU,268.4,333.8,1.2436661698956781
cell_stem_0/comb_iter_3/left/separable_3x3_1/separable_conv2d,CPU,768.1,840.8,1.0946491342273141
cell_stem_0/comb_iter_3/left/separable_3x3_2/separable_conv2d/depthwise,CPU,247.1,283.6,1.1477134763253745
cell_stem_0/comb_iter_3/left/separable_3x3_2/separable_conv2d,CPU,757.2,797.1,1.0526941362916007
cell_stem_0/comb_iter_3/right/MaxPool2D/MaxPool,CPU,1122.9,1098.2,0.9780033840947546
cell_stem_0/comb_iter_3/left/bn_sep_3x3_2/FusedBatchNormV3___tr4cell_stem_0/comb_iter_3/combine/add,CPU,323.2,313.6,0.9702970297029704
cell_stem_0/comb_iter_3/right/MaxPool2D/MaxPool___tr4cell_stem_0/comb_iter_3/combine/add,CPU,331.2,212.9,0.6428140096618358
cell_stem_0/comb_iter_3/combine/add,CPU,146.2,116.6,0.7975376196990425
cell_stem_0/comb_iter_4/left/Relu,CPU,1141.2,1212.4,1.0623904661759551
cell_stem_0/comb_iter_4/left/separable_3x3_1/separable_conv2d/depthwise,CPU,1346.3,1712.9,1.2723018643690114
cell_stem_0/comb_iter_4/left/separable_3x3_1/separable_conv2d,CPU,1479.9,1901.9,1.2851544023244814
cell_stem_0/comb_iter_4/left/separable_3x3_2/separable_conv2d/depthwise,CPU,278.7,333.1,1.1951919626838896
cell_stem_0/comb_iter_4/left/separable_3x3_2/separable_conv2d,CPU,770.0,943.6,1.2254545454545456
cell_stem_0/comb_iter_4/right/Relu,CPU,675.4,651.9,0.9652058039680189
cell_stem_0/comb_iter_4/right/1x1/Conv2D,CPU,1642.1,1783.8,1.086291943243408
cell_stem_0/comb_iter_4/combine/add,CPU,202.2,178.5,0.8827893175074184
cell_stem_0/comb_iter_1/combine/add___tr4cell_stem_0/cell_output/concat,OpenCL,432.0,455.5,1.0543981481481481
cell_stem_0/comb_iter_3/combine/add___tr4cell_stem_0/cell_output/concat,CPU,317.44444444444446,224.9,0.7084704235211761
cell_stem_0/cell_output/concat,CPU,2226.0,2007.8,0.9019766397124888
cell_stem_1/Relu_1,OpenCL,1648.875,2186.3,1.3259343491774696
cell_stem_1/1x1/Conv2D,OpenCL,3537.625,3039.1,0.8590791844811138
cell_stem_1/comb_iter_1/left/Relu,CPU,277.44444444444446,272.8,0.9832599118942731
cell_stem_1/comb_iter_1/left/separable_7x7_1/separable_conv2d/depthwise,CPU,1080.6,1147.4,1.0618175087914123
cell_stem_1/comb_iter_1/left/separable_7x7_1/separable_conv2d,CPU,747.1,736.4,0.985677954758399
cell_stem_1/comb_iter_1/left/separable_7x7_2/separable_conv2d/depthwise,CPU,863.6,888.0,1.0282538212135248
cell_stem_1/comb_iter_1/left/separable_7x7_2/separable_conv2d,CPU,683.6,681.7,0.9972205968402575
cell_stem_1/comb_iter_1/right/MaxPool2D/MaxPool,CPU,559.6,512.8,0.9163688348820584
cell_stem_1/comb_iter_1/left/bn_sep_7x7_2/FusedBatchNormV3___tr4cell_stem_1/comb_iter_1/combine/add,CPU,70.75,76.1,1.075618374558304
cell_stem_1/comb_iter_1/right/MaxPool2D/MaxPool___tr4cell_stem_1/comb_iter_1/combine/add,CPU,66.5,67.3,1.0120300751879698
cell_stem_1/comb_iter_1/combine/add,CPU,57.22222222222222,55.3,0.9664077669902912
cell_stem_1/comb_iter_2/left/Relu,CPU,285.0,296.9,1.041754385964912
cell_stem_1/comb_iter_2/left/separable_5x5_1/separable_conv2d/depthwise,CPU,602.3,686.5,1.1397974431346507
cell_stem_1/comb_iter_2/left/separable_5x5_1/separable_conv2d,CPU,683.5,833.5,1.2194586686174105
cell_stem_1/comb_iter_2/left/separable_5x5_2/separable_conv2d/depthwise,CPU,476.1,537.8,1.1295946229783658
cell_stem_1/comb_iter_2/left/separable_5x5_2/separable_conv2d,CPU,669.9,807.9,1.2060008956560682
cell_stem_1/comb_iter_2/right/Relu,CPU,310.1,315.7,1.018058690744921
cell_stem_1/comb_iter_2/right/separable_3x3_1/separable_conv2d/depthwise,CPU,381.8,419.9,1.0997904662126767
cell_stem_1/comb_iter_2/right/separable_3x3_1/separable_conv2d,CPU,694.3,803.7,1.1575687743050556
cell_stem_1/comb_iter_2/right/separable_3x3_2/separable_conv2d/depthwise,CPU,142.3,184.2,1.2944483485593814
cell_stem_1/comb_iter_2/right/separable_3x3_2/separable_conv2d,CPU,663.5,762.5,1.1492087415222305
cell_stem_1/comb_iter_2/combine/add,CPU,49.2,53.7,1.0914634146341464
cell_stem_1/comb_iter_3/left/Relu,CPU,45.9,49.9,1.0871459694989107
cell_stem_1/comb_iter_3/left/separable_3x3_1/separable_conv2d/depthwise,CPU,138.3,160.3,1.1590744757772957
cell_stem_1/comb_iter_3/left/separable_3x3_1/separable_conv2d,CPU,668.2,722.3,1.0809637832984136
cell_stem_1/comb_iter_3/left/separable_3x3_2/separable_conv2d/depthwise,CPU,137.1,139.2,1.0153172866520788
cell_stem_1/comb_iter_3/left/separable_3x3_2/separable_conv2d,CPU,675.2,683.3,1.0119964454976302
cell_stem_1/comb_iter_3/right/MaxPool2D/MaxPool,CPU,582.0,544.9,0.936254295532646
cell_stem_1/comb_iter_3/left/bn_sep_3x3_2/FusedBatchNormV3___tr4cell_stem_1/comb_iter_3/combine/add,CPU,67.0,69.9,1.0432835820895523
cell_stem_1/comb_iter_3/right/MaxPool2D/MaxPool___tr4cell_stem_1/comb_iter_3/combine/add,CPU,64.0,67.4,1.053125
cell_stem_1/comb_iter_3/combine/add,CPU,56.1,60.1,1.071301247771836
cell_stem_1/comb_iter_4/left/Relu,CPU,313.1,518.0,1.6544235068668156
cell_stem_1/comb_iter_4/left/separable_3x3_1/separable_conv2d/depthwise,CPU,380.6,508.8,1.3368365738307935
cell_stem_1/comb_iter_4/left/separable_3x3_1/separable_conv2d,CPU,682.1,824.8,1.209206861164052
cell_stem_1/comb_iter_4/left/separable_3x3_2/separable_conv2d/depthwise,CPU,137.2,175.0,1.2755102040816328
cell_stem_1/comb_iter_4/left/separable_3x3_2/separable_conv2d,CPU,662.0,750.5,1.1336858006042296
cell_stem_1/comb_iter_4/right/Relu,CPU,316.6,375.7,1.1866708780795956
cell_stem_1/comb_iter_4/right/1x1/Conv2D,CPU,1143.8,1200.0,1.0491344640671447
cell_stem_1/comb_iter_4/combine/add,CPU,52.2,63.2,1.210727969348659
cell_stem_1/comb_iter_2/combine/add___tr4cell_stem_1/cell_output/concat,CPU,114.8,66.1,0.5757839721254355
cell_stem_1/comb_iter_4/combine/add___tr4cell_stem_1/cell_output/concat,CPU,69.33333333333333,76.4,1.101923076923077
cell_stem_1/cell_output/concat,CPU,1192.0,889.1,0.7458892617449665
cell_1/Relu,CPU,389.4,818.0,2.100667693888033
cell_1/Relu___tr4cell_1/prev_1x1/Conv2D,CPU,823.3,923.9,1.1221911818292238
cell_1/prev_1x1/Conv2D,CPU,7144.7,8018.2,1.1222584573180119
cell_1/comb_iter_0/left/Relu,CPU,111.2,126.2,1.1348920863309353
cell_1/comb_iter_0/left/separable_5x5_1/separable_conv2d/depthwise,CPU,977.2,994.8,1.0180106426524764
cell_1/comb_iter_0/left/separable_5x5_1/separable_conv2d,CPU,2804.5,2915.4,1.0395435906578714
cell_1/comb_iter_0/left/separable_5x5_2/separable_conv2d/depthwise,CPU,910.5,961.7,1.056232839099396
cell_1/comb_iter_0/left/separable_5x5_2/separable_conv2d,CPU,2716.3,2748.0,1.0116702867871736
cell_1/comb_iter_0/right/MaxPool2D/MaxPool,CPU,787.2,811.1,1.0303607723577235
cell_1/comb_iter_0/left/bn_sep_5x5_2/FusedBatchNormV3___tr4cell_1/comb_iter_0/combine/add,CPU,200.1,244.5,1.221889055472264
cell_1/comb_iter_0/right/MaxPool2D/MaxPool___tr4cell_1/comb_iter_0/combine/add,CPU,187.9,200.2,1.065460351250665
cell_1/comb_iter_0/combine/add,CPU,110.2,111.4,1.0108892921960073
cell_0/Relu,CPU,819.3,1661.5,2.0279506896130846
cell_0/AvgPool2D,CPU,644.6,682.6,1.0589512876202296
cell_0/path1_conv/Conv2D,CPU,1866.0,2068.5,1.1085209003215435
cell_0/Pad/paddings,CPU,0.0,0.2,0
cell_0/Pad_Gather_Index,CPU,0.0,0.0,0
cell_0/Pad_Gather,CPU,0.0,0.0,0
cell_0/Pad,CPU,1947.2,3770.7,1.936472884141331
cell_0/strided_slice/stack,CPU,0.0,0.1,0
cell_0/strided_slice/stack_1,CPU,0.0,0.0,0
cell_0/strided_slice/stack_2,CPU,0.0,0.0,0
cell_0/Pad___tr4cell_0/strided_slice,CPU,2400.7,2476.9,1.0317407422835008
cell_0/strided_slice,CPU,1779.6,1850.2,1.039671836367723
cell_0/strided_slice___tr4cell_0/AvgPool2D_1,CPU,1848.5,2260.6,1.2229375169055992
cell_0/AvgPool2D_1,CPU,660.5,858.4,1.2996214988644965
cell_0/path2_conv/Conv2D,CPU,1865.8,2015.1,1.0800192946725264
cell_0/concat,CPU,135.1,169.9,1.2575869726128794
cell_0/final_path_bn/FusedBatchNormV3,CPU,147.0,144.1,0.9802721088435373
cell_0/comb_iter_0/left/Relu,OpenCL,475.75,1343.8,2.82459274829217
cell_0/comb_iter_0/left/separable_5x5_1/separable_conv2d/depthwise,OpenCL,677.875,994.0,1.4663470403835515
cell_0/comb_iter_0/left/separable_5x5_1/separable_conv2d,OpenCL,1245.0,1887.4,1.5159839357429719
cell_0/comb_iter_0/left/separable_5x5_2/separable_conv2d/depthwise,OpenCL,668.625,1074.1,1.6064311086184333
cell_0/comb_iter_0/left/separable_5x5_2/separable_conv2d,OpenCL,1433.6666666666667,1347.5,0.9398976982097186
cell_0/comb_iter_0/right/MaxPool2D/MaxPool,OpenCL,630.5555555555555,623.8,0.9892863436123347
cell_0/comb_iter_0/left/bn_sep_5x5_2/FusedBatchNormV3___tr4cell_0/comb_iter_0/combine/add,OpenCL,460.9,393.4,0.8535474072466912
cell_0/comb_iter_0/right/MaxPool2D/MaxPool___tr4cell_0/comb_iter_0/combine/add,OpenCL,473.3333333333333,389.6,0.8230985915492959
cell_0/comb_iter_0/combine/add,OpenCL,380.375,321.9,0.846270128162997
cell_0/Relu_1,OpenCL,701.5555555555555,733.7,1.0458188153310106
cell_0/Relu_1___tr4cell_0/1x1/Conv2D,OpenCL,660.2222222222222,609.9,0.9237798720969371
cell_0/1x1/Conv2D,OpenCL,3020.7,2951.1,0.9769589830171814
cell_0/comb_iter_1/left/Relu,CPU,105.6,167.5,1.5861742424242424
cell_0/comb_iter_1/left/separable_7x7_1/separable_conv2d/depthwise,CPU,1688.9,1923.3,1.1387885606015749
cell_0/comb_iter_1/left/separable_7x7_1/separable_conv2d,CPU,2758.8,3404.6,1.2340872843265187
cell_0/comb_iter_1/left/separable_7x7_2/separable_conv2d/depthwise,CPU,1652.2,2113.9,1.279445587701247
cell_0/comb_iter_1/left/separable_7x7_2/separable_conv2d,CPU,2681.7,3119.9,1.1634038110154008
cell_0/comb_iter_1/right/MaxPool2D/MaxPool,CPU,796.7,845.2,1.0608761139701268
cell_0/comb_iter_1/left/bn_sep_7x7_2/FusedBatchNormV3___tr4cell_0/comb_iter_1/combine/add,CPU,201.5,285.1,1.4148883374689827
cell_0/comb_iter_1/right/MaxPool2D/MaxPool___tr4cell_0/comb_iter_1/combine/add,CPU,196.6,343.8,1.7487283825025433
cell_0/comb_iter_1/combine/add,CPU,125.0,124.0,0.992
cell_0/comb_iter_2/left/Relu,OpenCL,505.375,562.4,1.1128370022260696
cell_0/comb_iter_2/left/separable_5x5_1/separable_conv2d/depthwise,OpenCL,665.5,627.6,0.9430503380916604
cell_0/comb_iter_2/left/separable_5x5_1/separable_conv2d,OpenCL,1145.625,1166.4,1.0181342062193126
cell_0/comb_iter_2/left/separable_5x5_2/separable_conv2d/depthwise,OpenCL,661.375,847.2,1.280967680967681
cell_0/comb_iter_2/left/separable_5x5_2/separable_conv2d,OpenCL,1515.3333333333333,1870.7,1.2345138583369997
cell_0/comb_iter_2/right/Relu,OpenCL,562.625,735.7,1.3076205287713842
cell_0/comb_iter_2/right/separable_3x3_1/separable_conv2d/depthwise,OpenCL,557.125,464.8,0.8342831501009648
cell_0/comb_iter_2/right/separable_3x3_1/separable_conv2d,OpenCL,1252.3,1061.7,0.8478000479118423
cell_0/comb_iter_2/right/separable_3x3_2/separable_conv2d/depthwise,OpenCL,560.0,448.3,0.8005357142857144
cell_0/comb_iter_2/right/separable_3x3_2/separable_conv2d,OpenCL,1451.0,1331.8,0.9178497587870433
cell_0/comb_iter_2/combine/add,OpenCL,429.0,307.2,0.7160839160839161
cell_0/comb_iter_3/left/Relu,CPU,114.2,123.6,1.0823117338003503
cell_0/comb_iter_3/left/separable_3x3_1/separable_conv2d/depthwise,CPU,305.2,301.4,0.9875491480996068
cell_0/comb_iter_3/left/separable_3x3_1/separable_conv2d,CPU,2709.3,2762.2,1.0195253386483591
cell_0/comb_iter_3/left/separable_3x3_2/separable_conv2d/depthwise,CPU,272.4,275.1,1.009911894273128
cell_0/comb_iter_3/left/separable_3x3_2/separable_conv2d,CPU,2670.6,4765.9,1.7845802441398937
cell_0/comb_iter_3/right/MaxPool2D/MaxPool,CPU,821.0,817.3,0.9954933008526187
cell_0/comb_iter_3/left/bn_sep_3x3_2/FusedBatchNormV3___tr4cell_0/comb_iter_3/combine/add,CPU,234.7,245.1,1.0443118875159778
cell_0/comb_iter_3/right/MaxPool2D/MaxPool___tr4cell_0/comb_iter_3/combine/add,CPU,198.9,219.4,1.1030668677727502
cell_0/comb_iter_3/combine/add,CPU,146.4,119.4,0.8155737704918032
cell_0/comb_iter_4/left/Relu,OpenCL,526.0,455.3,0.8655893536121673
cell_0/comb_iter_4/left/separable_3x3_1/separable_conv2d/depthwise,OpenCL,555.125,444.9,0.8014411168655707
cell_0/comb_iter_4/left/separable_3x3_1/separable_conv2d,OpenCL,1168.0,1100.5,0.942208904109589
cell_0/comb_iter_4/left/separable_3x3_2/separable_conv2d/depthwise,OpenCL,525.125,449.1,0.8552249464413235
cell_0/comb_iter_4/left/separable_3x3_2/separable_conv2d,OpenCL,1357.5,1361.6,1.0030202578268876
cell_0/comb_iter_4/combine/add,OpenCL,435.375,343.3,0.7885156474303762
cell_0/comb_iter_2/combine/add___tr4cell_0/cell_output/concat,OpenCL,506.75000000000006,381.1,0.752047360631475
cell_0/comb_iter_4/combine/add___tr4cell_0/cell_output/concat,OpenCL,521.0,590.1,1.132629558541267
cell_0/cell_output/concat,CPU,2422.8,2129.8,0.8790655439986792
cell_1/Relu_1,OpenCL,1519.142857142857,1213.0,0.7984765845401542
cell_1/Relu_1___tr4cell_1/1x1/Conv2D,OpenCL,1805.5714285714287,1099.4,0.6088931086320121
cell_1/1x1/Conv2D,OpenCL,6261.222222222223,5713.1,0.9124576316303171
cell_1/comb_iter_1/left/Relu,CPU,110.77777777777777,147.5,1.331494483450351
cell_1/comb_iter_1/left/separable_7x7_1/separable_conv2d/depthwise,CPU,1699.0,1720.3,1.0125367863449088
cell_1/comb_iter_1/left/separable_7x7_1/separable_conv2d,CPU,2754.2,2782.2,1.0101662914821001
cell_1/comb_iter_1/left/separable_7x7_2/separable_conv2d/depthwise,CPU,1637.8,1672.9,1.021431188179265
cell_1/comb_iter_1/left/separable_7x7_2/separable_conv2d,CPU,2651.8,2689.6,1.014254468662795
cell_1/comb_iter_1/right/MaxPool2D/MaxPool,CPU,784.6,801.9,1.0220494519500383
cell_1/comb_iter_1/left/bn_sep_7x7_2/FusedBatchNormV3___tr4cell_1/comb_iter_1/combine/add,CPU,215.2,217.6,1.0111524163568772
cell_1/comb_iter_1/right/MaxPool2D/MaxPool___tr4cell_1/comb_iter_1/combine/add,CPU,183.1,187.7,1.0251228836701256
cell_1/comb_iter_1/combine/add,CPU,110.8,107.5,0.970216606498195
cell_1/comb_iter_2/left/Relu,OpenCL,493.0,419.2,0.8503042596348884
cell_1/comb_iter_2/left/separable_5x5_1/separable_conv2d/depthwise,OpenCL,694.6666666666666,688.5,0.9911228406909789
cell_1/comb_iter_2/left/separable_5x5_1/separable_conv2d,OpenCL,1158.7777777777778,1169.5,1.0092530443954357
cell_1/comb_iter_2/left/separable_5x5_2/separable_conv2d/depthwise,OpenCL,721.0,601.3,0.8339805825242718
cell_1/comb_iter_2/left/separable_5x5_2/separable_conv2d,OpenCL,1492.1,1585.7,1.0627303800013406
cell_1/comb_iter_2/right/Relu,OpenCL,493.5,1086.1,2.2008105369807494
cell_1/comb_iter_2/right/separable_3x3_1/separable_conv2d/depthwise,OpenCL,526.875,675.4,1.2818979833926454
cell_1/comb_iter_2/right/separable_3x3_1/separable_conv2d,OpenCL,1123.25,1210.7,1.077854440240374
cell_1/comb_iter_2/right/separable_3x3_2/separable_conv2d/depthwise,OpenCL,529.25,496.5,0.9381199811053378
cell_1/comb_iter_2/right/separable_3x3_2/separable_conv2d,OpenCL,1416.3,1334.6,0.9423144813951846
cell_1/comb_iter_2/combine/add,OpenCL,452.0,342.6,0.7579646017699115
cell_1/comb_iter_3/left/Relu,CPU,113.0,115.4,1.0212389380530973
cell_1/comb_iter_3/left/separable_3x3_1/separable_conv2d/depthwise,CPU,296.0,295.2,0.9972972972972972
cell_1/comb_iter_3/left/separable_3x3_1/separable_conv2d,CPU,2779.0,2715.4,0.977114069809284
cell_1/comb_iter_3/left/separable_3x3_2/separable_conv2d/depthwise,CPU,272.7,267.9,0.9823982398239823
cell_1/comb_iter_3/left/separable_3x3_2/separable_conv2d,CPU,2711.1,2694.8,0.9939876802773783
cell_1/comb_iter_3/right/MaxPool2D/MaxPool,CPU,828.4,808.2,0.9756156446161276
cell_1/comb_iter_3/left/bn_sep_3x3_2/FusedBatchNormV3___tr4cell_1/comb_iter_3/combine/add,CPU,248.0,219.7,0.8858870967741935
cell_1/comb_iter_3/right/MaxPool2D/MaxPool___tr4cell_1/comb_iter_3/combine/add,CPU,220.5,204.7,0.928344671201814
cell_1/comb_iter_3/combine/add,CPU,199.4,112.0,0.5616850551654965
cell_1/comb_iter_4/left/Relu,OpenCL,505.625,1271.4,2.51451174289246
cell_1/comb_iter_4/left/separable_3x3_1/separable_conv2d/depthwise,OpenCL,542.375,449.9,0.8294998847660751
cell_1/comb_iter_4/left/separable_3x3_1/separable_conv2d,OpenCL,1141.3333333333333,1104.1,0.9673773364485981
cell_1/comb_iter_4/left/separable_3x3_2/separable_conv2d/depthwise,OpenCL,557.5,494.6,0.8871748878923768
cell_1/comb_iter_4/left/separable_3x3_2/separable_conv2d,OpenCL,1424.0,1434.6,1.0074438202247191
cell_1/comb_iter_4/combine/add,OpenCL,424.875,402.6,0.9475728155339807
cell_1/comb_iter_2/combine/add___tr4cell_1/cell_output/concat,OpenCL,505.55555555555554,386.7,0.7649010989010989
cell_1/comb_iter_4/combine/add___tr4cell_1/cell_output/concat,OpenCL,516.4444444444445,428.7,0.8300989672977624
cell_1/cell_output/concat,CPU,2688.2,1986.4,0.7389331150956031
cell_3/Relu,OpenCL,1589.857142857143,1191.3,0.7493126067032078
cell_3/Relu___tr4cell_3/prev_1x1/Conv2D,OpenCL,1385.2857142857142,1052.7,0.7599154377642571
cell_3/prev_1x1/Conv2D,OpenCL,5622.0,5717.1,1.0169156883671293
cell_3/comb_iter_0/left/Relu,OpenCL,569.2857142857143,462.5,0.8124215809284817
cell_3/comb_iter_0/left/separable_5x5_1/separable_conv2d/depthwise,OpenCL,711.25,646.4,0.9088224956063269
cell_3/comb_iter_0/left/separable_5x5_1/separable_conv2d,OpenCL,1137.5555555555557,1124.6,0.9886110568470403
cell_3/comb_iter_0/left/separable_5x5_2/separable_conv2d/depthwise,OpenCL,706.875,653.0,0.9237842617152962
cell_3/comb_iter_0/left/separable_5x5_2/separable_conv2d,OpenCL,1466.6666666666667,1411.9,0.962659090909091
cell_3/comb_iter_0/right/MaxPool2D/MaxPool,OpenCL,631.8888888888889,589.2,0.932442412519782
cell_3/comb_iter_0/left/bn_sep_5x5_2/FusedBatchNormV3___tr4cell_3/comb_iter_0/combine/add,OpenCL,499.125,604.6,1.211319809666917
cell_3/comb_iter_0/right/MaxPool2D/MaxPool___tr4cell_3/comb_iter_0/combine/add,OpenCL,497.85714285714283,505.5,1.015351506456241
cell_3/comb_iter_0/combine/add,OpenCL,426.7142857142857,348.7,0.8171744224974891
cell_2/Relu,CPU,841.8,1570.6,1.8657638393917795
cell_2/Relu___tr4cell_2/prev_1x1/Conv2D,CPU,1654.0,1777.6,1.0747279322853687
cell_2/prev_1x1/Conv2D,CPU,14640.3,15577.4,1.0640082511970383
cell_2/comb_iter_0/left/Relu,CPU,119.3,141.8,1.1886001676445936
cell_2/comb_iter_0/left/separable_5x5_1/separable_conv2d/depthwise,CPU,980.9,1126.2,1.148129269038638
cell_2/comb_iter_0/left/separable_5x5_1/separable_conv2d,CPU,2795.5,3011.1,1.077123949204078
cell_2/comb_iter_0/left/separable_5x5_2/separable_conv2d/depthwise,CPU,907.7,979.5,1.0791010245675883
cell_2/comb_iter_0/left/separable_5x5_2/separable_conv2d,CPU,2684.0,2789.3,1.0392324888226527
cell_2/comb_iter_0/right/MaxPool2D/MaxPool,CPU,786.3,818.7,1.041205646699733
cell_2/comb_iter_0/left/bn_sep_5x5_2/FusedBatchNormV3___tr4cell_2/comb_iter_0/combine/add,CPU,215.0,255.5,1.1883720930232557
cell_2/comb_iter_0/right/MaxPool2D/MaxPool___tr4cell_2/comb_iter_0/combine/add,CPU,190.2,210.4,1.1062039957939012
cell_2/comb_iter_0/combine/add,CPU,107.3,121.8,1.135135135135135
cell_2/Relu_1,CPU,843.6,1755.6,2.0810810810810807
cell_2/Relu_1___tr4cell_2/1x1/Conv2D,CPU,1682.9,1693.5,1.0062986511379166
cell_2/1x1/Conv2D,CPU,14595.7,15229.1,1.0433963427584836
cell_2/comb_iter_1/left/Relu,CPU,118.5,159.6,1.3468354430379745
cell_2/comb_iter_1/left/separable_7x7_1/separable_conv2d/depthwise,CPU,1702.3,1930.2,1.133877694883393
cell_2/comb_iter_1/left/separable_7x7_1/separable_conv2d,CPU,2754.7,2956.6,1.0732929175590809
cell_2/comb_iter_1/left/separable_7x7_2/separable_conv2d/depthwise,CPU,1648.2,1703.7,1.033673097925009
cell_2/comb_iter_1/left/separable_7x7_2/separable_conv2d,CPU,2668.6,2764.0,1.0357490819156112
cell_2/comb_iter_1/right/MaxPool2D/MaxPool,CPU,793.1,804.8,1.0147522380532088
cell_2/comb_iter_1/left/bn_sep_7x7_2/FusedBatchNormV3___tr4cell_2/comb_iter_1/combine/add,CPU,227.7,240.5,1.0562143170838822
cell_2/comb_iter_1/right/MaxPool2D/MaxPool___tr4cell_2/comb_iter_1/combine/add,CPU,215.6,204.7,0.949443413729128
cell_2/comb_iter_1/combine/add,CPU,188.8,113.2,0.5995762711864406
cell_2/comb_iter_2/left/Relu,OpenCL,489.625,1291.8,2.6383456727087053
cell_2/comb_iter_2/left/separable_5x5_1/separable_conv2d/depthwise,OpenCL,710.9,580.8,0.8169925446616964
cell_2/comb_iter_2/left/separable_5x5_1/separable_conv2d,OpenCL,1135.25,1109.3,0.9771415987667914
cell_2/comb_iter_2/left/separable_5x5_2/separable_conv2d/depthwise,OpenCL,715.4444444444445,568.8,0.7950302842056219
cell_2/comb_iter_2/left/separable_5x5_2/separable_conv2d,OpenCL,1381.2,1459.3,1.0565450333043729
cell_2/comb_iter_2/right/Relu,OpenCL,501.8888888888889,607.1,1.2096302855877794
cell_2/comb_iter_2/right/separable_3x3_1/separable_conv2d/depthwise,OpenCL,543.375,507.5,0.9339774557165862
cell_2/comb_iter_2/right/separable_3x3_1/separable_conv2d,OpenCL,1110.888888888889,1104.9,0.9946089217843569
cell_2/comb_iter_2/right/separable_3x3_2/separable_conv2d/depthwise,OpenCL,537.25,482.8,0.8986505351326198
cell_2/comb_iter_2/right/separable_3x3_2/separable_conv2d,OpenCL,1428.6666666666667,1340.0,0.9379374708352776
cell_2/comb_iter_2/combine/add,OpenCL,435.3333333333333,333.7,0.7665390505359878
cell_2/comb_iter_3/left/Relu,CPU,114.2,121.6,1.064798598949212
cell_2/comb_iter_3/left/separable_3x3_1/separable_conv2d/depthwise,CPU,313.8,316.3,1.0079668578712555
cell_2/comb_iter_3/left/separable_3x3_1/separable_conv2d,CPU,2711.6,2761.5,1.0184024192358756
cell_2/comb_iter_3/left/separable_3x3_2/separable_conv2d/depthwise,CPU,274.5,280.3,1.0211293260473588
cell_2/comb_iter_3/left/separable_3x3_2/separable_conv2d,CPU,2720.6,2692.0,0.9894876130265383
cell_2/comb_iter_3/right/MaxPool2D/MaxPool,CPU,817.1,809.0,0.9900868926691959
cell_2/comb_iter_3/left/bn_sep_3x3_2/FusedBatchNormV3___tr4cell_2/comb_iter_3/combine/add,CPU,247.1,243.8,0.9866450829623635
cell_2/comb_iter_3/right/MaxPool2D/MaxPool___tr4cell_2/comb_iter_3/combine/add,CPU,220.3,220.0,0.9986382206082615
cell_2/comb_iter_3/combine/add,CPU,145.6,163.5,1.1229395604395604
cell_2/comb_iter_4/left/Relu,CPU,126.77777777777777,194.8,1.536546888694128
cell_2/comb_iter_4/left/separable_3x3_1/separable_conv2d/depthwise,CPU,317.7,561.9,1.768649669499528
cell_2/comb_iter_4/left/separable_3x3_1/separable_conv2d,CPU,2843.4,3682.6,1.2951396215797988
cell_2/comb_iter_4/left/separable_3x3_2/separable_conv2d/depthwise,CPU,284.7,317.3,1.114506498068142
cell_2/comb_iter_4/left/separable_3x3_2/separable_conv2d,CPU,2749.3,2981.6,1.0844942348961553
cell_2/comb_iter_4/combine/add,CPU,141.7,127.2,0.8976711362032463
cell_2/comb_iter_2/combine/add___tr4cell_2/cell_output/concat,OpenCL,483.875,392.2,0.8105399121673986
cell_2/comb_iter_4/combine/add___tr4cell_2/cell_output/concat,CPU,269.8,248.9,0.9225352112676056
cell_2/cell_output/concat,CPU,2664.8,1930.3,0.7243695586910837
cell_3/Relu_1,CPU,899.8888888888889,1709.8,1.9000123472033583
cell_3/Relu_1___tr4cell_3/1x1/Conv2D,CPU,1965.3333333333333,1709.3,0.869725237449118
cell_3/1x1/Conv2D,CPU,15116.3,14887.7,0.9848772517084208
cell_3/comb_iter_1/left/Relu,OpenCL,580.0,1217.8,2.099655172413793
cell_3/comb_iter_1/left/separable_7x7_1/separable_conv2d/depthwise,OpenCL,961.0,788.8,0.8208116545265348
cell_3/comb_iter_1/left/separable_7x7_1/separable_conv2d,OpenCL,1158.375,1071.0,0.9245710585950145
cell_3/comb_iter_1/left/separable_7x7_2/separable_conv2d/depthwise,OpenCL,854.375,786.5,0.9205559619604975
cell_3/comb_iter_1/left/separable_7x7_2/separable_conv2d,OpenCL,1422.2,1323.5,0.9306004781324708
cell_3/comb_iter_1/right/MaxPool2D/MaxPool,OpenCL,638.25,590.2,0.9247160203681943
cell_3/comb_iter_1/left/bn_sep_7x7_2/FusedBatchNormV3___tr4cell_3/comb_iter_1/combine/add,OpenCL,488.0,394.1,0.8075819672131148
cell_3/comb_iter_1/right/MaxPool2D/MaxPool___tr4cell_3/comb_iter_1/combine/add,OpenCL,487.25,368.0,0.7552591072344792
cell_3/comb_iter_1/combine/add,OpenCL,420.375,334.1,0.7947665774606008
cell_3/comb_iter_2/left/Relu,CPU,109.9,141.2,1.2848043676069152
cell_3/comb_iter_2/left/separable_5x5_1/separable_conv2d/depthwise,CPU,931.7,1098.1,1.1785982612428891
cell_3/comb_iter_2/left/separable_5x5_1/separable_conv2d,CPU,2739.6,3172.5,1.1580157687253614
cell_3/comb_iter_2/left/separable_5x5_2/separable_conv2d/depthwise,CPU,922.5,1018.8,1.104390243902439
cell_3/comb_iter_2/left/separable_5x5_2/separable_conv2d,CPU,2698.9,2882.6,1.0680647671273482
cell_3/comb_iter_2/right/Relu,CPU,119.2,118.1,0.9907718120805369
cell_3/comb_iter_2/right/separable_3x3_1/separable_conv2d/depthwise,CPU,314.7,321.2,1.0206545916746108
cell_3/comb_iter_2/right/separable_3x3_1/separable_conv2d,CPU,2773.5,2826.1,1.0189652064178836
cell_3/comb_iter_2/right/separable_3x3_2/separable_conv2d/depthwise,CPU,276.6,273.4,0.9884309472161965
cell_3/comb_iter_2/right/separable_3x3_2/separable_conv2d,CPU,2697.3,2723.6,1.0097504912319726
cell_3/comb_iter_2/combine/add,CPU,135.8,114.9,0.8460972017673049
cell_3/comb_iter_3/left/Relu,OpenCL,486.3333333333333,1251.4,2.5731322823851954
cell_3/comb_iter_3/left/separable_3x3_1/separable_conv2d/depthwise,OpenCL,529.8,514.8,0.9716874292185731
cell_3/comb_iter_3/left/separable_3x3_1/separable_conv2d,OpenCL,1104.4,1167.0,1.056682361463238
cell_3/comb_iter_3/left/separable_3x3_2/separable_conv2d/depthwise,OpenCL,565.5555555555555,762.5,1.3482318271119844
cell_3/comb_iter_3/left/separable_3x3_2/separable_conv2d,OpenCL,1376.7777777777778,1927.7,1.4001533370995076
cell_3/comb_iter_3/right/MaxPool2D/MaxPool,OpenCL,601.2,553.9,0.9213240186294077
cell_3/comb_iter_3/left/bn_sep_3x3_2/FusedBatchNormV3___tr4cell_3/comb_iter_3/combine/add,OpenCL,505.77777777777777,376.1,0.7436072056239016
cell_3/comb_iter_3/right/MaxPool2D/MaxPool___tr4cell_3/comb_iter_3/combine/add,OpenCL,486.6666666666667,360.3,0.7403424657534247
cell_3/comb_iter_3/combine/add,OpenCL,448.6,304.0,0.6776638430673205
cell_3/comb_iter_4/left/Relu,CPU,136.44444444444446,363.0,2.6604234527687294
cell_3/comb_iter_4/left/separable_3x3_1/separable_conv2d/depthwise,CPU,311.4,390.9,1.2552986512524085
cell_3/comb_iter_4/left/separable_3x3_1/separable_conv2d,CPU,2774.2,3618.8,1.3044481291903973
cell_3/comb_iter_4/left/separable_3x3_2/separable_conv2d/depthwise,CPU,273.2,304.1,1.1131039531478772
cell_3/comb_iter_4/left/separable_3x3_2/separable_conv2d,CPU,2701.9,2906.0,1.075539435212258
cell_3/comb_iter_4/combine/add,CPU,140.4,128.4,0.9145299145299145
cell_3/comb_iter_2/combine/add___tr4cell_3/cell_output/concat,CPU,476.3,413.4,0.8679403737140458
cell_3/comb_iter_4/combine/add___tr4cell_3/cell_output/concat,CPU,307.6,282.5,0.9184005201560468
cell_3/cell_output/concat,CPU,2550.1,2041.9,0.8007136975020588
cell_5/Relu,CPU,949.7,1764.9,1.8583763293671687
cell_5/Relu___tr4cell_5/AvgPool2D,CPU,1907.0,1947.7,1.0213424226533823
cell_5/AvgPool2D,CPU,743.9,702.2,0.9439440785051755
cell_5/path1_conv/Conv2D,CPU,3840.8,3652.7,0.9510258279525098
cell_5/Pad/paddings,CPU,0.0,0.0,0
cell_5/Pad,CPU,1444.0,1433.7,0.9928670360110804
cell_5/strided_slice/stack,CPU,0.0,0.1,0
cell_5/strided_slice/stack_1,CPU,0.0,0.0,0
cell_5/strided_slice/stack_2,CPU,0.0,0.0,0
cell_5/strided_slice,CPU,1848.1,2012.5,1.0889562253124832
cell_5/strided_slice___tr4cell_5/AvgPool2D_1,CPU,1677.2,1510.4,0.9005485332697353
cell_5/AvgPool2D_1,CPU,708.7,575.6,0.8121913362494708
cell_5/path2_conv/Conv2D,CPU,3723.5,3903.4,1.0483147576205183
cell_5/concat,CPU,49.6,75.6,1.5241935483870965
cell_5/final_path_bn/FusedBatchNormV3,CPU,57.5,76.0,1.3217391304347825
cell_5/comb_iter_0/left/Relu,CPU,89.55555555555556,68.8,0.7682382133995037
cell_5/comb_iter_0/left/separable_5x5_1/separable_conv2d/depthwise,CPU,516.8,544.7,1.0539860681114552
cell_5/comb_iter_0/left/separable_5x5_1/separable_conv2d,CPU,2731.8,2811.0,1.0289918734900065
cell_5/comb_iter_0/left/separable_5x5_2/separable_conv2d/depthwise,CPU,472.2,506.4,1.0724269377382465
cell_5/comb_iter_0/left/separable_5x5_2/separable_conv2d,CPU,2689.3,2786.2,1.0360316811066075
cell_5/comb_iter_0/right/MaxPool2D/MaxPool,CPU,415.3,431.7,1.0394895256441126
cell_5/comb_iter_0/left/bn_sep_5x5_2/FusedBatchNormV3___tr4cell_5/comb_iter_0/combine/add,CPU,70.7,73.6,1.041018387553041
cell_5/comb_iter_0/right/MaxPool2D/MaxPool___tr4cell_5/comb_iter_0/combine/add,CPU,78.4,81.1,1.034438775510204
cell_5/comb_iter_0/combine/add,CPU,54.5,61.3,1.1247706422018349
cell_4/Relu,OpenCL,1050.9,1228.5,1.1689980017128174
cell_4/Relu___tr4cell_4/prev_1x1/Conv2D,OpenCL,1003.7777777777778,1024.3,1.020444985609918
cell_4/prev_1x1/Conv2D,OpenCL,8226.4,8429.8,1.0247252747252746
cell_4/comb_iter_0/left/Relu,OpenCL,818.2,782.3,0.9561231972622829
cell_4/comb_iter_0/left/separable_5x5_1/separable_conv2d/depthwise,OpenCL,1033.6666666666667,948.7,0.917800709448565
cell_4/comb_iter_0/left/separable_5x5_1/separable_conv2d,OpenCL,1170.2222222222222,1125.0,0.9613558678313711
cell_4/comb_iter_0/left/separable_5x5_2/separable_conv2d/depthwise,OpenCL,553.5,436.5,0.7886178861788617
cell_4/comb_iter_0/left/separable_5x5_2/separable_conv2d,OpenCL,1444.4444444444443,2090.2,1.4470615384615384
cell_4/comb_iter_0/right/MaxPool2D/MaxPool,OpenCL,548.75,429.0,0.7817767653758542
cell_4/comb_iter_0/left/bn_sep_5x5_2/FusedBatchNormV3___tr4cell_4/comb_iter_0/combine/add,OpenCL,441.2,312.1,0.7073889392565731
cell_4/comb_iter_0/right/MaxPool2D/MaxPool___tr4cell_4/comb_iter_0/combine/add,OpenCL,423.44444444444446,295.7,0.6983206507478351
cell_4/comb_iter_0/combine/add,OpenCL,367.77777777777777,248.4,0.6754078549848943
cell_4/Relu_1,OpenCL,1065.2222222222222,1243.1,1.1669865442787106
cell_4/Relu_1___tr4cell_4/1x1/Conv2D,OpenCL,1054.6,1074.9,1.0192490043618436
cell_4/1x1/Conv2D,OpenCL,8281.6,8261.5,0.9975729327666151
cell_4/comb_iter_1/left/Relu,OpenCL,888.875,578.2,0.6504851638306849
cell_4/comb_iter_1/left/separable_7x7_1/separable_conv2d/depthwise,OpenCL,1673.4444444444443,1673.0,0.9997344133855655
cell_4/comb_iter_1/left/separable_7x7_1/separable_conv2d,OpenCL,1198.0,1181.6,0.9863105175292153
cell_4/comb_iter_1/left/separable_7x7_2/separable_conv2d/depthwise,OpenCL,641.2,609.5,0.9505614472863381
cell_4/comb_iter_1/left/separable_7x7_2/separable_conv2d,OpenCL,1420.4,1383.0,0.9736693889045339
cell_4/comb_iter_1/right/MaxPool2D/MaxPool,OpenCL,543.8888888888889,606.1,1.11438202247191
cell_4/comb_iter_1/left/bn_sep_7x7_2/FusedBatchNormV3___tr4cell_4/comb_iter_1/combine/add,OpenCL,424.8,435.2,1.024482109227872
cell_4/comb_iter_1/right/MaxPool2D/MaxPool___tr4cell_4/comb_iter_1/combine/add,OpenCL,430.8888888888889,400.8,0.9301701908200103
cell_4/comb_iter_1/combine/add,OpenCL,381.0,257.3,0.6753280839895014
cell_4/comb_iter_2/left/Relu,CPU,276.0,304.9,1.104710144927536
cell_4/comb_iter_2/left/separable_5x5_1/separable_conv2d/depthwise,CPU,598.1,612.6,1.024243437552249
cell_4/comb_iter_2/left/separable_5x5_1/separable_conv2d,CPU,2716.4,2618.6,0.9639964659107642
cell_4/comb_iter_2/left/separable_5x5_2/separable_conv2d/depthwise,CPU,472.8,474.4,1.003384094754653
cell_4/comb_iter_2/left/separable_5x5_2/separable_conv2d,CPU,2703.6,2576.8,0.9530995709424472
cell_4/comb_iter_2/right/Relu,CPU,322.9,284.8,0.8820068132548777
cell_4/comb_iter_2/right/separable_3x3_1/separable_conv2d/depthwise,CPU,345.0,345.7,1.0020289855072464
cell_4/comb_iter_2/right/separable_3x3_1/separable_conv2d,CPU,2709.2,2572.3,0.9494684777794185
cell_4/comb_iter_2/right/separable_3x3_2/separable_conv2d/depthwise,CPU,160.7,160.1,0.9962663347853142
cell_4/comb_iter_2/right/separable_3x3_2/separable_conv2d,CPU,2681.5,2532.6,0.944471377960097
cell_4/comb_iter_2/combine/add,CPU,52.8,53.5,1.013257575757576
cell_4/comb_iter_3/left/Relu,CPU,48.1,45.1,0.9376299376299376
cell_4/comb_iter_3/left/separable_3x3_1/separable_conv2d/depthwise,CPU,175.3,176.5,1.0068454078722189
cell_4/comb_iter_3/left/separable_3x3_1/separable_conv2d,CPU,2683.3,2559.2,0.9537509782730219
cell_4/comb_iter_3/left/separable_3x3_2/separable_conv2d/depthwise,CPU,159.0,160.0,1.0062893081761006
cell_4/comb_iter_3/left/separable_3x3_2/separable_conv2d,CPU,2685.5,2549.0,0.9491714764475889
cell_4/comb_iter_3/right/MaxPool2D/MaxPool,CPU,549.9,544.8,0.9907255864702673
cell_4/comb_iter_3/left/bn_sep_3x3_2/FusedBatchNormV3___tr4cell_4/comb_iter_3/combine/add,CPU,174.6,140.1,0.802405498281787
cell_4/comb_iter_3/right/MaxPool2D/MaxPool___tr4cell_4/comb_iter_3/combine/add,CPU,125.5,123.2,0.9816733067729084
cell_4/comb_iter_3/combine/add,CPU,55.9,57.7,1.0322003577817531
cell_4/comb_iter_4/left/Relu,OpenCL,645.375,559.6,0.8670927755181097
cell_4/comb_iter_4/left/separable_3x3_1/separable_conv2d/depthwise,OpenCL,665.5,581.4,0.8736288504883546
cell_4/comb_iter_4/left/separable_3x3_1/separable_conv2d,OpenCL,1199.3,1111.5,0.9267906278662553
cell_4/comb_iter_4/left/separable_3x3_2/separable_conv2d/depthwise,OpenCL,459.8888888888889,572.0,1.2437786905049528
cell_4/comb_iter_4/left/separable_3x3_2/separable_conv2d,OpenCL,1415.6,1582.5,1.1179005368748234
cell_4/comb_iter_4/right/Relu,OpenCL,674.4444444444445,657.5,0.9748764415156507
cell_4/comb_iter_4/right/1x1/Conv2D,OpenCL,1406.7777777777778,1409.2,1.0017218229207803
cell_4/comb_iter_4/combine/add,OpenCL,372.2,291.2,0.7823750671681892
cell_4/comb_iter_2/combine/add___tr4cell_4/cell_output/concat,CPU,296.4,124.9,0.4213900134952767
cell_4/comb_iter_4/combine/add___tr4cell_4/cell_output/concat,OpenCL,424.7,316.4,0.744996468095126
cell_4/cell_output/concat,CPU,821.3,685.9,0.8351394131255327
cell_5/Relu_1,CPU,364.8,913.4,2.5038377192982453
cell_5/Relu_1___tr4cell_5/1x1/Conv2D,CPU,873.5,933.4,1.068574699484831
cell_5/1x1/Conv2D,CPU,15436.1,13792.7,0.8935352841715201
cell_5/comb_iter_1/left/Relu,CPU,49.6,57.1,1.1512096774193548
cell_5/comb_iter_1/left/separable_7x7_1/separable_conv2d/depthwise,CPU,1044.6,1140.7,1.0919969366264601
cell_5/comb_iter_1/left/separable_7x7_1/separable_conv2d,CPU,2722.5,2772.3,1.018292011019284
cell_5/comb_iter_1/left/separable_7x7_2/separable_conv2d/depthwise,CPU,1013.8000000000001,1053.6,1.039258236338528
cell_5/comb_iter_1/left/separable_7x7_2/separable_conv2d,CPU,2696.6,2596.8,0.9629904323963511
cell_5/comb_iter_1/right/MaxPool2D/MaxPool,CPU,409.6,423.3,1.033447265625
cell_5/comb_iter_1/left/bn_sep_7x7_2/FusedBatchNormV3___tr4cell_5/comb_iter_1/combine/add,CPU,69.0,77.7,1.126086956521739
cell_5/comb_iter_1/right/MaxPool2D/MaxPool___tr4cell_5/comb_iter_1/combine/add,CPU,70.1,80.4,1.146932952924394
cell_5/comb_iter_1/combine/add,CPU,52.7,54.4,1.032258064516129
cell_5/comb_iter_2/left/Relu,OpenCL,417.1,624.2,1.4965236154399424
cell_5/comb_iter_2/left/separable_5x5_1/separable_conv2d/depthwise,OpenCL,517.3,450.2,0.8702880340228109
cell_5/comb_iter_2/left/separable_5x5_1/separable_conv2d,OpenCL,1212.9,1147.0,0.9456674086899166
cell_5/comb_iter_2/left/separable_5x5_2/separable_conv2d/depthwise,OpenCL,555.2222222222222,472.3,0.8506503902341406
cell_5/comb_iter_2/left/separable_5x5_2/separable_conv2d,OpenCL,1457.9,1381.5,0.9475958570546676
cell_5/comb_iter_2/right/Relu,OpenCL,434.25,406.3,0.935636154289004
cell_5/comb_iter_2/right/separable_3x3_1/separable_conv2d/depthwise,OpenCL,459.75,492.2,1.0705818379554106
cell_5/comb_iter_2/right/separable_3x3_1/separable_conv2d,OpenCL,1158.6,1125.9,0.9717762817193166
cell_5/comb_iter_2/right/separable_3x3_2/separable_conv2d/depthwise,OpenCL,464.3333333333333,392.0,0.8442211055276382
cell_5/comb_iter_2/right/separable_3x3_2/separable_conv2d,OpenCL,1421.4,1478.4,1.0401013085690165
cell_5/comb_iter_2/combine/add,OpenCL,369.9,394.6,1.0667748040010816
cell_5/comb_iter_3/left/Relu,CPU,47.6,56.7,1.1911764705882353
cell_5/comb_iter_3/left/separable_3x3_1/separable_conv2d/depthwise,CPU,161.7,177.7,1.0989486703772418
cell_5/comb_iter_3/left/separable_3x3_1/separable_conv2d,CPU,2704.0,2584.6,0.9558431952662721
cell_5/comb_iter_3/left/separable_3x3_2/separable_conv2d/depthwise,CPU,150.7,174.0,1.1546118115461181
cell_5/comb_iter_3/left/separable_3x3_2/separable_conv2d,CPU,2687.5,2578.7,0.9595162790697673
cell_5/comb_iter_3/right/MaxPool2D/MaxPool,CPU,423.0,417.7,0.9874704491725768
cell_5/comb_iter_3/left/bn_sep_3x3_2/FusedBatchNormV3___tr4cell_5/comb_iter_3/combine/add,CPU,74.4,68.3,0.9180107526881719
cell_5/comb_iter_3/right/MaxPool2D/MaxPool___tr4cell_5/comb_iter_3/combine/add,CPU,79.5,84.8,1.0666666666666667
cell_5/comb_iter_3/combine/add,CPU,51.7,55.0,1.0638297872340425
cell_5/comb_iter_4/left/Relu,CPU,59.0,79.1,1.3406779661016948
cell_5/comb_iter_4/left/separable_3x3_1/separable_conv2d/depthwise,CPU,160.3,257.9,1.608858390517779
cell_5/comb_iter_4/left/separable_3x3_1/separable_conv2d,CPU,2715.5,3365.3,1.2392929478917327
cell_5/comb_iter_4/left/separable_3x3_2/separable_conv2d/depthwise,CPU,154.44444444444446,179.8,1.1641726618705035
cell_5/comb_iter_4/left/separable_3x3_2/separable_conv2d,CPU,2681.4,2892.8,1.0788394122473335
cell_5/comb_iter_4/combine/add,CPU,53.6,65.2,1.2164179104477613
cell_5/comb_iter_2/combine/add___tr4cell_5/cell_output/concat,OpenCL,436.375,338.4,0.7754798052134059
cell_5/comb_iter_4/combine/add___tr4cell_5/cell_output/concat,CPU,115.22222222222223,162.4,1.409450337512054
cell_5/cell_output/concat,CPU,876.3,722.2,0.8241469816272967
cell_7/Relu,OpenCL,1123.0,908.7,0.8091718610863758
cell_7/Relu___tr4cell_7/prev_1x1/Conv2D,OpenCL,990.375,762.7,0.7701123311876815
cell_7/prev_1x1/Conv2D,OpenCL,6362.8,5938.1,0.9332526560633684
cell_7/comb_iter_0/left/Relu,OpenCL,475.0,420.9,0.8861052631578947
cell_7/comb_iter_0/left/separable_5x5_1/separable_conv2d/depthwise,OpenCL,574.875,487.7,0.8483583387692977
cell_7/comb_iter_0/left/separable_5x5_1/separable_conv2d,OpenCL,1194.2222222222222,1156.7,0.968580200967622
cell_7/comb_iter_0/left/separable_5x5_2/separable_conv2d/depthwise,OpenCL,553.375,597.2,1.0791958436864695
cell_7/comb_iter_0/left/separable_5x5_2/separable_conv2d,OpenCL,1413.6,1639.7,1.15994623655914
cell_7/comb_iter_0/right/MaxPool2D/MaxPool,OpenCL,501.55555555555554,397.5,0.7925343376163049
cell_7/comb_iter_0/left/bn_sep_5x5_2/FusedBatchNormV3___tr4cell_7/comb_iter_0/combine/add,OpenCL,422.9,343.2,0.811539371009695
cell_7/comb_iter_0/right/MaxPool2D/MaxPool___tr4cell_7/comb_iter_0/combine/add,OpenCL,418.9,313.6,0.7486273573645262
cell_7/comb_iter_0/combine/add,OpenCL,372.77777777777777,293.5,0.7873323397913562
cell_6/Relu,OpenCL,823.2222222222222,897.4,1.090106627075179
cell_6/Relu___tr4cell_6/prev_1x1/Conv2D,OpenCL,771.0,891.8,1.1566796368352787
cell_6/prev_1x1/Conv2D,OpenCL,6260.9,5909.7,0.9439058282355572
cell_6/comb_iter_0/left/Relu,OpenCL,613.8,452.4,0.7370478983382209
cell_6/comb_iter_0/left/separable_5x5_1/separable_conv2d/depthwise,OpenCL,545.5555555555555,534.0,0.9788187372708758
cell_6/comb_iter_0/left/separable_5x5_1/separable_conv2d,OpenCL,1168.0,1367.8,1.1710616438356165
cell_6/comb_iter_0/left/separable_5x5_2/separable_conv2d/depthwise,OpenCL,573.4,580.3,1.012033484478549
cell_6/comb_iter_0/left/separable_5x5_2/separable_conv2d,OpenCL,1406.2222222222222,1420.5,1.0101532869785081
cell_6/comb_iter_0/right/MaxPool2D/MaxPool,OpenCL,464.75,433.3,0.9323292092522862
cell_6/comb_iter_0/left/bn_sep_5x5_2/FusedBatchNormV3___tr4cell_6/comb_iter_0/combine/add,OpenCL,413.8888888888889,363.8,0.8789798657718121
cell_6/comb_iter_0/right/MaxPool2D/MaxPool___tr4cell_6/comb_iter_0/combine/add,OpenCL,414.55555555555554,347.5,0.8382471187349236
cell_6/comb_iter_0/combine/add,OpenCL,375.1111111111111,259.9,0.6928613744075829
cell_6/Relu_1,CPU,401.5,701.3,1.7466998754669987
cell_6/Relu_1___tr4cell_6/1x1/Conv2D,CPU,825.6,888.4,1.0760658914728682
cell_6/1x1/Conv2D,CPU,15468.7,13792.0,0.8916069223658096
cell_6/comb_iter_1/left/Relu,CPU,50.5,72.8,1.4415841584158415
cell_6/comb_iter_1/left/separable_7x7_1/separable_conv2d/depthwise,CPU,1053.0,1178.5,1.1191832858499524
cell_6/comb_iter_1/left/separable_7x7_1/separable_conv2d,CPU,2724.9,2754.7,1.010936181144262
cell_6/comb_iter_1/left/separable_7x7_2/separable_conv2d/depthwise,CPU,1021.2000000000002,1036.7,1.0151782216999607
cell_6/comb_iter_1/left/separable_7x7_2/separable_conv2d,CPU,2688.2,2670.6,0.9934528680901719
cell_6/comb_iter_1/right/MaxPool2D/MaxPool,CPU,410.2,428.9,1.045587518283764
cell_6/comb_iter_1/left/bn_sep_7x7_2/FusedBatchNormV3___tr4cell_6/comb_iter_1/combine/add,CPU,74.66666666666667,67.1,0.8986607142857141
cell_6/comb_iter_1/right/MaxPool2D/MaxPool___tr4cell_6/comb_iter_1/combine/add,CPU,81.1,84.0,1.0357583230579532
cell_6/comb_iter_1/combine/add,CPU,53.5,54.6,1.0205607476635514
cell_6/comb_iter_2/left/Relu,OpenCL,422.625,1269.9,3.0047914818101154
cell_6/comb_iter_2/left/separable_5x5_1/separable_conv2d/depthwise,OpenCL,535.6666666666666,487.3,0.909707529558183
cell_6/comb_iter_2/left/separable_5x5_1/separable_conv2d,OpenCL,1174.6666666666667,1160.4,0.9878547105561861
cell_6/comb_iter_2/left/separable_5x5_2/separable_conv2d/depthwise,OpenCL,545.1111111111111,473.1,0.8678964533224623
cell_6/comb_iter_2/left/separable_5x5_2/separable_conv2d,OpenCL,1476.2,1397.3,0.9465519577293049
cell_6/comb_iter_2/right/Relu,OpenCL,492.0,380.0,0.7723577235772358
cell_6/comb_iter_2/right/separable_3x3_1/separable_conv2d/depthwise,OpenCL,482.3333333333333,359.1,0.7445058742225295
cell_6/comb_iter_2/right/separable_3x3_1/separable_conv2d,OpenCL,1255.6,1160.7,0.9244186046511629
cell_6/comb_iter_2/right/separable_3x3_2/separable_conv2d/depthwise,OpenCL,481.0,434.2,0.9027027027027027
cell_6/comb_iter_2/right/separable_3x3_2/separable_conv2d,OpenCL,1412.4,1559.9,1.1044321721891814
cell_6/comb_iter_2/combine/add,OpenCL,379.0,279.5,0.737467018469657
cell_6/comb_iter_3/left/Relu,CPU,48.6,57.3,1.1790123456790123
cell_6/comb_iter_3/left/separable_3x3_1/separable_conv2d/depthwise,CPU,157.33333333333334,173.8,1.1046610169491526
cell_6/comb_iter_3/left/separable_3x3_1/separable_conv2d,CPU,2719.1,2602.9,0.9572652715972197
cell_6/comb_iter_3/left/separable_3x3_2/separable_conv2d/depthwise,CPU,153.2,160.8,1.049608355091384
cell_6/comb_iter_3/left/separable_3x3_2/separable_conv2d,CPU,2672.1,2551.5,0.9548669585719097
cell_6/comb_iter_3/right/MaxPool2D/MaxPool,CPU,423.0,410.5,0.9704491725768322
cell_6/comb_iter_3/left/bn_sep_3x3_2/FusedBatchNormV3___tr4cell_6/comb_iter_3/combine/add,CPU,74.0,66.0,0.8918918918918919
cell_6/comb_iter_3/right/MaxPool2D/MaxPool___tr4cell_6/comb_iter_3/combine/add,CPU,74.44444444444444,81.4,1.0934328358208956
cell_6/comb_iter_3/combine/add,CPU,77.6,54.9,0.7074742268041238
cell_6/comb_iter_4/left/Relu,CPU,61.111111111111114,78.2,1.2796363636363637
cell_6/comb_iter_4/left/separable_3x3_1/separable_conv2d/depthwise,CPU,155.22222222222223,368.9,2.3765926986399424
cell_6/comb_iter_4/left/separable_3x3_1/separable_conv2d,CPU,2699.3,3084.1,1.1425554773459785
cell_6/comb_iter_4/left/separable_3x3_2/separable_conv2d/depthwise,CPU,153.2,200.3,1.3074412532637076
cell_6/comb_iter_4/left/separable_3x3_2/separable_conv2d,CPU,2721.9,2985.6,1.0968808552849112
cell_6/comb_iter_4/combine/add,CPU,58.1,78.5,1.351118760757315
cell_6/comb_iter_2/combine/add___tr4cell_6/cell_output/concat,OpenCL,436.44444444444446,312.3,0.7155549898167006
cell_6/comb_iter_4/combine/add___tr4cell_6/cell_output/concat,CPU,161.4,296.5,1.8370508054522923
cell_6/cell_output/concat,CPU,890.6,755.3,0.8480799461037503
cell_7/Relu_1,CPU,360.1111111111111,955.9,2.65445850046282
cell_7/Relu_1___tr4cell_7/1x1/Conv2D,CPU,999.0,954.1,0.9550550550550551
cell_7/1x1/Conv2D,CPU,15647.8,13269.8,0.848029754981531
cell_7/comb_iter_1/left/Relu,OpenCL,478.6666666666667,1202.8,2.5128133704735376
cell_7/comb_iter_1/left/separable_7x7_1/separable_conv2d/depthwise,OpenCL,644.6666666666666,539.5,0.8368665977249224
cell_7/comb_iter_1/left/separable_7x7_1/separable_conv2d,OpenCL,1251.7,1139.8,0.9106015818486857
cell_7/comb_iter_1/left/separable_7x7_2/separable_conv2d/depthwise,OpenCL,662.5,550.9,0.8315471698113207
cell_7/comb_iter_1/left/separable_7x7_2/separable_conv2d,OpenCL,1450.375,1408.7,0.9712660518831338
cell_7/comb_iter_1/right/MaxPool2D/MaxPool,OpenCL,484.85714285714283,436.5,0.9002651738361815
cell_7/comb_iter_1/left/bn_sep_7x7_2/FusedBatchNormV3___tr4cell_7/comb_iter_1/combine/add,OpenCL,423.9,342.5,0.8079735786742157
cell_7/comb_iter_1/right/MaxPool2D/MaxPool___tr4cell_7/comb_iter_1/combine/add,OpenCL,416.8888888888889,312.8,0.750319829424307
cell_7/comb_iter_1/combine/add,OpenCL,361.375,266.0,0.7360774818401937
cell_7/comb_iter_2/left/Relu,CPU,52.3,89.9,1.7189292543021035
cell_7/comb_iter_2/left/separable_5x5_1/separable_conv2d/depthwise,CPU,478.9,780.6,1.6299853831697642
cell_7/comb_iter_2/left/separable_5x5_1/separable_conv2d,CPU,2708.1,3189.0,1.1775783759831617
cell_7/comb_iter_2/left/separable_5x5_2/separable_conv2d/depthwise,CPU,491.9,513.7,1.044317950803009
cell_7/comb_iter_2/left/separable_5x5_2/separable_conv2d,CPU,2668.8,2859.6,1.0714928057553956
cell_7/comb_iter_2/right/Relu,CPU,57.3,78.6,1.3717277486910995
cell_7/comb_iter_2/right/separable_3x3_1/separable_conv2d/depthwise,CPU,162.9,227.6,1.3971761817065684
cell_7/comb_iter_2/right/separable_3x3_1/separable_conv2d,CPU,2723.7,2819.5,1.0351727429599442
cell_7/comb_iter_2/right/separable_3x3_2/separable_conv2d/depthwise,CPU,151.7,187.4,1.2353328938694794
cell_7/comb_iter_2/right/separable_3x3_2/separable_conv2d,CPU,2676.1,2809.5,1.0498486603639625
cell_7/comb_iter_2/combine/add,CPU,53.2,64.1,1.2048872180451127
cell_7/comb_iter_3/left/Relu,CPU,48.6,45.9,0.9444444444444444
cell_7/comb_iter_3/left/separable_3x3_1/separable_conv2d/depthwise,CPU,162.4,180.8,1.1133004926108374
cell_7/comb_iter_3/left/separable_3x3_1/separable_conv2d,CPU,2680.5,2628.7,0.9806752471553813
cell_7/comb_iter_3/left/separable_3x3_2/separable_conv2d/depthwise,CPU,154.9,164.6,1.0626210458360232
cell_7/comb_iter_3/left/separable_3x3_2/separable_conv2d,CPU,2676.2,2575.2,0.9622599207832001
cell_7/comb_iter_3/right/MaxPool2D/MaxPool,CPU,419.5,427.1,1.0181168057210965
cell_7/comb_iter_3/left/bn_sep_3x3_2/FusedBatchNormV3___tr4cell_7/comb_iter_3/combine/add,CPU,72.9,65.4,0.897119341563786
cell_7/comb_iter_3/right/MaxPool2D/MaxPool___tr4cell_7/comb_iter_3/combine/add,CPU,69.1,87.5,1.2662807525325617
cell_7/comb_iter_3/combine/add,CPU,52.8,54.9,1.0397727272727273
cell_7/comb_iter_4/left/Relu,CPU,60.3,74.9,1.2421227197346603
cell_7/comb_iter_4/left/separable_3x3_1/separable_conv2d/depthwise,CPU,160.5,224.9,1.4012461059190031
cell_7/comb_iter_4/left/separable_3x3_1/separable_conv2d,CPU,2736.0,2762.2,1.0095760233918127
cell_7/comb_iter_4/left/separable_3x3_2/separable_conv2d/depthwise,CPU,152.2,174.3,1.145203679369251
cell_7/comb_iter_4/left/separable_3x3_2/separable_conv2d,CPU,2694.5,2776.7,1.0305065874930412
cell_7/comb_iter_4/combine/add,CPU,56.6,77.8,1.3745583038869258
cell_7/comb_iter_2/combine/add___tr4cell_7/cell_output/concat,CPU,292.0,151.4,0.5184931506849315
cell_7/comb_iter_4/combine/add___tr4cell_7/cell_output/concat,CPU,117.125,171.0,1.4599786552828176
cell_7/cell_output/concat,CPU,855.5555555555555,734.6,0.8586233766233766
cell_9/Relu,CPU,386.44444444444446,774.8,2.0049453709028175
cell_9/Relu___tr4cell_9/AvgPool2D,CPU,933.1,1051.9,1.1273175436716323
cell_9/AvgPool2D,CPU,372.1111111111111,435.5,1.1703493580173188
cell_9/path1_conv/Conv2D,CPU,4465.9,4298.9,0.9626055218433015
cell_9/Pad/paddings,CPU,0.0,0.0,0
cell_9/Pad,CPU,710.8888888888889,802.8,1.1292904032510158
cell_9/strided_slice/stack,CPU,0.0,0.0,0
cell_9/strided_slice/stack_1,CPU,0.0,0.0,0
cell_9/strided_slice/stack_2,CPU,0.0,0.0,0
cell_9/strided_slice,CPU,904.5,976.0,1.0790491984521835
cell_9/strided_slice___tr4cell_9/AvgPool2D_1,CPU,757.6666666666666,851.4,1.1237131544214694
cell_9/AvgPool2D_1,CPU,364.77777777777777,387.7,1.0628388668900395
cell_9/path2_conv/Conv2D,CPU,4467.2,4323.4,0.9678098137535817
cell_9/concat,CPU,37.55555555555556,51.6,1.3739644970414202
cell_9/final_path_bn/FusedBatchNormV3,CPU,37.888888888888886,40.7,1.074193548387097
cell_9/comb_iter_0/left/Relu,CPU,36.875,33.5,0.9084745762711864
cell_9/comb_iter_0/left/separable_5x5_1/separable_conv2d/depthwise,CPU,439.7,421.3,0.9581532863315898
cell_9/comb_iter_0/left/separable_5x5_1/separable_conv2d,CPU,3065.9,2945.5,0.9607293127629734
cell_9/comb_iter_0/left/separable_5x5_2/separable_conv2d/depthwise,CPU,403.8,415.0,1.0277365032194155
cell_9/comb_iter_0/left/separable_5x5_2/separable_conv2d,CPU,3053.4,2823.8,0.9248051352590555
cell_9/comb_iter_0/right/MaxPool2D/MaxPool,CPU,263.7,263.7,1.0
cell_9/comb_iter_0/left/bn_sep_5x5_2/FusedBatchNormV3___tr4cell_9/comb_iter_0/combine/add,CPU,66.3,38.3,0.5776772247360482
cell_9/comb_iter_0/right/MaxPool2D/MaxPool___tr4cell_9/comb_iter_0/combine/add,CPU,45.7,38.0,0.8315098468271335
cell_9/comb_iter_0/combine/add,CPU,32.5,31.9,0.9815384615384615
cell_8/Relu,OpenCL,799.3333333333334,906.0,1.1334445371142619
cell_8/Relu___tr4cell_8/prev_1x1/Conv2D,OpenCL,748.375,782.8,1.045999665942876
cell_8/prev_1x1/Conv2D,OpenCL,12810.2,13442.9,1.049390329581115
cell_8/comb_iter_0/left/Relu,OpenCL,678.6,627.7,0.9249926318891837
cell_8/comb_iter_0/left/separable_5x5_1/separable_conv2d/depthwise,OpenCL,861.5,699.7,0.812188044109112
cell_8/comb_iter_0/left/separable_5x5_1/separable_conv2d,OpenCL,2165.222222222222,2328.4,1.0753630625545236
cell_8/comb_iter_0/left/separable_5x5_2/separable_conv2d/depthwise,OpenCL,519.3,435.5,0.838628923550934
cell_8/comb_iter_0/left/separable_5x5_2/separable_conv2d,OpenCL,1943.3,1980.4,1.0190912365563733
cell_8/comb_iter_0/right/MaxPool2D/MaxPool,OpenCL,437.55555555555554,378.6,0.8652615540883698
cell_8/comb_iter_0/left/bn_sep_5x5_2/FusedBatchNormV3___tr4cell_8/comb_iter_0/combine/add,OpenCL,386.55555555555554,306.2,0.7921241736131072
cell_8/comb_iter_0/right/MaxPool2D/MaxPool___tr4cell_8/comb_iter_0/combine/add,OpenCL,360.6666666666667,271.0,0.7513863216266173
cell_8/comb_iter_0/combine/add,OpenCL,359.22222222222223,244.0,0.6792452830188679
cell_8/Relu_1,OpenCL,789.6666666666666,927.6,1.1746728577458845
cell_8/Relu_1___tr4cell_8/1x1/Conv2D,OpenCL,795.2222222222222,751.2,0.9446416096129664
cell_8/1x1/Conv2D,OpenCL,12638.8,12915.3,1.021877076937684
cell_8/comb_iter_1/left/Relu,OpenCL,662.1666666666666,455.3,0.6875912408759125
cell_8/comb_iter_1/left/separable_7x7_1/separable_conv2d/depthwise,OpenCL,1148.25,1048.5,0.9131286740692358
cell_8/comb_iter_1/left/separable_7x7_1/separable_conv2d,OpenCL,2182.625,2300.1,1.0538228051085274
cell_8/comb_iter_1/left/separable_7x7_2/separable_conv2d/depthwise,OpenCL,549.3,538.8,0.9808847624249044
cell_8/comb_iter_1/left/separable_7x7_2/separable_conv2d,OpenCL,1953.6,1950.2,0.9982596232596234
cell_8/comb_iter_1/right/MaxPool2D/MaxPool,OpenCL,455.22222222222223,412.6,0.9063705150109836
cell_8/comb_iter_1/left/bn_sep_7x7_2/FusedBatchNormV3___tr4cell_8/comb_iter_1/combine/add,OpenCL,378.8888888888889,328.1,0.8659530791788856
cell_8/comb_iter_1/right/MaxPool2D/MaxPool___tr4cell_8/comb_iter_1/combine/add,OpenCL,454.5,292.7,0.644004400440044
cell_8/comb_iter_1/combine/add,OpenCL,376.1111111111111,257.3,0.6841063515509602
cell_8/comb_iter_2/left/Relu,CPU,120.6,215.9,1.7902155887230515
cell_8/comb_iter_2/left/separable_5x5_1/separable_conv2d/depthwise,CPU,325.2,410.5,1.26230012300123
cell_8/comb_iter_2/left/separable_5x5_1/separable_conv2d,CPU,3066.8,3034.0,0.9893048128342246
cell_8/comb_iter_2/left/separable_5x5_2/separable_conv2d/depthwise,CPU,411.7,427.8,1.0391061452513968
cell_8/comb_iter_2/left/separable_5x5_2/separable_conv2d,CPU,3040.6,3035.9,0.9984542524501744
cell_8/comb_iter_2/right/Relu,CPU,165.4,190.9,1.1541717049576783
cell_8/comb_iter_2/right/separable_3x3_1/separable_conv2d/depthwise,CPU,240.7,276.0,1.1466555878687164
cell_8/comb_iter_2/right/separable_3x3_1/separable_conv2d,CPU,3042.1,2960.2,0.9730778080930935
cell_8/comb_iter_2/right/separable_3x3_2/separable_conv2d/depthwise,CPU,137.0,125.2,0.9138686131386862
cell_8/comb_iter_2/right/separable_3x3_2/separable_conv2d,CPU,3047.0,2823.6,0.9266819822776501
cell_8/comb_iter_2/combine/add,CPU,35.3,34.5,0.9773371104815864
cell_8/comb_iter_3/left/Relu,CPU,30.6,28.1,0.9183006535947712
cell_8/comb_iter_3/left/separable_3x3_1/separable_conv2d/depthwise,CPU,112.5,124.8,1.1093333333333333
cell_8/comb_iter_3/left/separable_3x3_1/separable_conv2d,CPU,3058.8,2823.2,0.9229763305871582
cell_8/comb_iter_3/left/separable_3x3_2/separable_conv2d/depthwise,CPU,118.5,117.4,0.9907172995780591
cell_8/comb_iter_3/left/separable_3x3_2/separable_conv2d,CPU,3059.7,2807.6,0.9176063012713666
cell_8/comb_iter_3/right/MaxPool2D/MaxPool,CPU,322.3,321.8,0.9984486503257834
cell_8/comb_iter_3/left/bn_sep_3x3_2/FusedBatchNormV3___tr4cell_8/comb_iter_3/combine/add,CPU,107.4,52.1,0.48510242085661076
cell_8/comb_iter_3/right/MaxPool2D/MaxPool___tr4cell_8/comb_iter_3/combine/add,CPU,53.5,44.2,0.8261682242990654
cell_8/comb_iter_3/combine/add,CPU,37.5,41.2,1.0986666666666667
cell_8/comb_iter_4/left/Relu,OpenCL,520.7777777777778,446.4,0.8571794324727969
cell_8/comb_iter_4/left/separable_3x3_1/separable_conv2d/depthwise,OpenCL,539.3333333333334,526.4,0.9760197775030901
cell_8/comb_iter_4/left/separable_3x3_1/separable_conv2d,OpenCL,2412.6,2511.2,1.0408687722788692
cell_8/comb_iter_4/left/separable_3x3_2/separable_conv2d/depthwise,OpenCL,448.0,458.5,1.0234375
cell_8/comb_iter_4/left/separable_3x3_2/separable_conv2d,OpenCL,1849.6,1909.1,1.0321691176470589
cell_8/comb_iter_4/right/Relu,OpenCL,542.8888888888889,865.9,1.5949856733524355
cell_8/comb_iter_4/right/1x1/Conv2D,OpenCL,1566.7,2245.4,1.4332035488606625
cell_8/comb_iter_4/combine/add,OpenCL,376.9,391.3,1.0382064208012736
cell_8/comb_iter_2/combine/add___tr4cell_8/cell_output/concat,CPU,171.0,78.9,0.46140350877192987
cell_8/comb_iter_4/combine/add___tr4cell_8/cell_output/concat,OpenCL,401.0,279.7,0.6975062344139651
cell_8/cell_output/concat,CPU,372.9,319.7,0.8573344060069724
cell_9/Relu_1,OpenCL,665.1428571428571,635.1,0.9548324742268042
cell_9/Relu_1___tr4cell_9/1x1/Conv2D,OpenCL,552.0,527.8,0.956159420289855
cell_9/1x1/Conv2D,OpenCL,14835.4,14882.9,1.0032018010973751
cell_9/comb_iter_1/left/Relu,OpenCL,806.8571428571429,283.3,0.3511154390934844
cell_9/comb_iter_1/left/separable_7x7_1/separable_conv2d/depthwise,OpenCL,658.3333333333334,463.9,0.7046582278481012
cell_9/comb_iter_1/left/separable_7x7_1/separable_conv2d,OpenCL,2360.777777777778,2156.3,0.9133854191179932
cell_9/comb_iter_1/left/separable_7x7_2/separable_conv2d/depthwise,OpenCL,565.5555555555555,539.3,0.9535756385068762
cell_9/comb_iter_1/left/separable_7x7_2/separable_conv2d,OpenCL,1921.5,2117.6,1.102055685662243
cell_9/comb_iter_1/right/MaxPool2D/MaxPool,OpenCL,407.55555555555554,412.4,1.011886586695747
cell_9/comb_iter_1/left/bn_sep_7x7_2/FusedBatchNormV3___tr4cell_9/comb_iter_1/combine/add,OpenCL,370.5,299.1,0.8072874493927126
cell_9/comb_iter_1/right/MaxPool2D/MaxPool___tr4cell_9/comb_iter_1/combine/add,OpenCL,382.9,278.1,0.7262992948550536
cell_9/comb_iter_1/combine/add,OpenCL,361.55555555555554,247.1,0.6834357713583282
cell_9/comb_iter_2/left/Relu,CPU,28.0,58.5,2.0892857142857144
cell_9/comb_iter_2/left/separable_5x5_1/separable_conv2d/depthwise,CPU,406.2,482.0,1.1866075824716888
cell_9/comb_iter_2/left/separable_5x5_1/separable_conv2d,CPU,3050.6,3083.2,1.0106864223431455
cell_9/comb_iter_2/left/separable_5x5_2/separable_conv2d/depthwise,CPU,413.1,488.8,1.1832486080852094
cell_9/comb_iter_2/left/separable_5x5_2/separable_conv2d,CPU,3034.5,3013.5,0.9930795847750865
cell_9/comb_iter_2/right/Relu,CPU,36.0,37.9,1.0527777777777778
cell_9/comb_iter_2/right/separable_3x3_1/separable_conv2d/depthwise,CPU,136.3,158.2,1.160674981658107
cell_9/comb_iter_2/right/separable_3x3_1/separable_conv2d,CPU,3033.5,3051.1,1.0058018790176364
cell_9/comb_iter_2/right/separable_3x3_2/separable_conv2d/depthwise,CPU,117.22222222222223,133.2,1.1363033175355448
cell_9/comb_iter_2/right/separable_3x3_2/separable_conv2d,CPU,3052.2,2896.1,0.948856562479523
cell_9/comb_iter_2/combine/add,CPU,35.1,34.7,0.9886039886039887
cell_9/comb_iter_3/left/Relu,OpenCL,386.55555555555554,563.2,1.4569703937913194
cell_9/comb_iter_3/left/separable_3x3_1/separable_conv2d/depthwise,OpenCL,464.8,380.1,0.8177710843373495
cell_9/comb_iter_3/left/separable_3x3_1/separable_conv2d,OpenCL,2284.4,2260.9,0.989712834880056
cell_9/comb_iter_3/left/separable_3x3_2/separable_conv2d/depthwise,OpenCL,441.44444444444446,538.9,1.220765164862824
cell_9/comb_iter_3/left/separable_3x3_2/separable_conv2d,OpenCL,1921.4,2114.3,1.1003955449151661
cell_9/comb_iter_3/right/MaxPool2D/MaxPool,OpenCL,412.6,486.7,1.1795928259815802
cell_9/comb_iter_3/left/bn_sep_3x3_2/FusedBatchNormV3___tr4cell_9/comb_iter_3/combine/add,OpenCL,381.3333333333333,950.3,2.4920454545454547
cell_9/comb_iter_3/right/MaxPool2D/MaxPool___tr4cell_9/comb_iter_3/combine/add,OpenCL,381.2,254.7,0.6681532004197271
cell_9/comb_iter_3/combine/add,OpenCL,351.4,250.8,0.7137165623221401
cell_9/comb_iter_4/left/Relu,CPU,32.7,34.4,1.0519877675840976
cell_9/comb_iter_4/left/separable_3x3_1/separable_conv2d/depthwise,CPU,127.1,119.8,0.942564909520063
cell_9/comb_iter_4/left/separable_3x3_1/separable_conv2d,CPU,3039.7,3344.1,1.1001414613284206
cell_9/comb_iter_4/left/separable_3x3_2/separable_conv2d/depthwise,CPU,118.8,117.1,0.9856902356902356
cell_9/comb_iter_4/left/separable_3x3_2/separable_conv2d,CPU,3044.2,3076.7,1.0106760396820182
cell_9/comb_iter_4/combine/add,CPU,38.5,45.6,1.1844155844155844
cell_9/comb_iter_2/combine/add___tr4cell_9/cell_output/concat,CPU,164.1,92.3,0.5624619134673979
cell_9/comb_iter_4/combine/add___tr4cell_9/cell_output/concat,CPU,112.6,90.7,0.8055062166962701
cell_9/cell_output/concat,CPU,388.3,328.0,0.8447077002317795
cell_11/Relu,OpenCL,613.3333333333334,633.3,1.0325543478260868
cell_11/Relu___tr4cell_11/prev_1x1/Conv2D,OpenCL,556.4444444444445,501.9,0.9019768370607029
cell_11/prev_1x1/Conv2D,OpenCL,15176.2,14744.9,0.971580501047693
cell_11/comb_iter_0/left/Relu,OpenCL,595.6,292.3,0.4907656145063801
cell_11/comb_iter_0/left/separable_5x5_1/separable_conv2d/depthwise,OpenCL,507.42857142857144,373.8,0.7366554054054054
cell_11/comb_iter_0/left/separable_5x5_1/separable_conv2d,OpenCL,2237.5,2559.0,1.1436871508379889
cell_11/comb_iter_0/left/separable_5x5_2/separable_conv2d/depthwise,OpenCL,487.55555555555554,585.0,1.199863263445761
cell_11/comb_iter_0/left/separable_5x5_2/separable_conv2d,OpenCL,1911.111111111111,2105.5,1.1017151162790697
cell_11/comb_iter_0/right/MaxPool2D/MaxPool,OpenCL,411.55555555555554,409.1,0.9940334773218144
cell_11/comb_iter_0/left/bn_sep_5x5_2/FusedBatchNormV3___tr4cell_11/comb_iter_0/combine/add,OpenCL,372.44444444444446,336.9,0.9045644391408114
cell_11/comb_iter_0/right/MaxPool2D/MaxPool___tr4cell_11/comb_iter_0/combine/add,OpenCL,373.1111111111111,253.2,0.6786182251340084
cell_11/comb_iter_0/combine/add,OpenCL,364.22222222222223,236.9,0.6504270896888347
cell_10/Relu,CPU,224.1,433.5,1.9344042838018742
cell_10/Relu___tr4cell_10/prev_1x1/Conv2D,CPU,462.7,381.0,0.8234277069375405
cell_10/prev_1x1/Conv2D,CPU,19105.1,16054.0,0.8402991871280444
cell_10/comb_iter_0/left/Relu,OpenCL,589.75,470.3,0.7974565493853328
cell_10/comb_iter_0/left/separable_5x5_1/separable_conv2d/depthwise,OpenCL,581.125,588.3,1.012346741234674
cell_10/comb_iter_0/left/separable_5x5_1/separable_conv2d,OpenCL,2333.222222222222,2642.2,1.132425353588266
cell_10/comb_iter_0/left/separable_5x5_2/separable_conv2d/depthwise,OpenCL,500.25,566.3,1.1320339830084956
cell_10/comb_iter_0/left/separable_5x5_2/separable_conv2d,OpenCL,1922.4444444444443,2392.7,1.2446133394983239
cell_10/comb_iter_0/right/MaxPool2D/MaxPool,OpenCL,409.375,729.4,1.7817404580152671
cell_10/comb_iter_0/left/bn_sep_5x5_2/FusedBatchNormV3___tr4cell_10/comb_iter_0/combine/add,OpenCL,374.44444444444446,285.3,0.7619287833827894
cell_10/comb_iter_0/right/MaxPool2D/MaxPool___tr4cell_10/comb_iter_0/combine/add,OpenCL,388.1111111111111,258.6,0.6663040366447182
cell_10/comb_iter_0/combine/add,OpenCL,381.375,231.3,0.6064896755162242
cell_10/Relu_1,CPU,222.4,434.2,1.9523381294964028
cell_10/Relu_1___tr4cell_10/1x1/Conv2D,CPU,456.6,369.6,0.80946123521682
cell_10/1x1/Conv2D,CPU,19144.5,16059.3,0.8388466661443233
cell_10/comb_iter_1/left/Relu,OpenCL,579.1666666666666,920.7,1.589697841726619
cell_10/comb_iter_1/left/separable_7x7_1/separable_conv2d/depthwise,OpenCL,554.4285714285714,458.7,0.8273383148673022
cell_10/comb_iter_1/left/separable_7x7_1/separable_conv2d,OpenCL,2215.4,2422.2,1.093346573982125
cell_10/comb_iter_1/left/separable_7x7_2/separable_conv2d/depthwise,OpenCL,543.9,503.7,0.9260893546607832
cell_10/comb_iter_1/left/separable_7x7_2/separable_conv2d,OpenCL,1891.1,1874.5,0.9912220400824917
cell_10/comb_iter_1/right/MaxPool2D/MaxPool,OpenCL,406.0,410.2,1.0103448275862068
cell_10/comb_iter_1/left/bn_sep_7x7_2/FusedBatchNormV3___tr4cell_10/comb_iter_1/combine/add,OpenCL,390.55555555555554,291.9,0.7473968705547652
cell_10/comb_iter_1/right/MaxPool2D/MaxPool___tr4cell_10/comb_iter_1/combine/add,OpenCL,384.44444444444446,264.1,0.6869653179190752
cell_10/comb_iter_1/combine/add,OpenCL,353.0,254.7,0.7215297450424929
cell_10/comb_iter_2/left/Relu,CPU,27.5,30.9,1.1236363636363635
cell_10/comb_iter_2/left/separable_5x5_1/separable_conv2d/depthwise,CPU,404.4,508.3,1.2569238377843721
cell_10/comb_iter_2/left/separable_5x5_1/separable_conv2d,CPU,3052.2,3394.8,1.1122469038726166
cell_10/comb_iter_2/left/separable_5x5_2/separable_conv2d/depthwise,CPU,404.7,434.7,1.0741289844329134
cell_10/comb_iter_2/left/separable_5x5_2/separable_conv2d,CPU,3057.5,2982.1,0.9753393295175797
cell_10/comb_iter_2/right/Relu,CPU,36.0,41.5,1.1527777777777777
cell_10/comb_iter_2/right/separable_3x3_1/separable_conv2d/depthwise,CPU,136.5,158.6,1.1619047619047618
cell_10/comb_iter_2/right/separable_3x3_1/separable_conv2d,CPU,3041.8,3122.8,1.0266289696889999
cell_10/comb_iter_2/right/separable_3x3_2/separable_conv2d/depthwise,CPU,114.7,133.5,1.1639058413251961
cell_10/comb_iter_2/right/separable_3x3_2/separable_conv2d,CPU,3034.3,3023.3,0.9963747816629865
cell_10/comb_iter_2/combine/add,CPU,33.55555555555556,37.8,1.1264900662251653
cell_10/comb_iter_3/left/Relu,OpenCL,391.625,446.7,1.140631982125758
cell_10/comb_iter_3/left/separable_3x3_1/separable_conv2d/depthwise,OpenCL,443.1111111111111,325.9,0.735481444332999
cell_10/comb_iter_3/left/separable_3x3_1/separable_conv2d,OpenCL,2178.8888888888887,2424.9,1.112906680265171
cell_10/comb_iter_3/left/separable_3x3_2/separable_conv2d/depthwise,OpenCL,511.25,670.4,1.3112958435207824
cell_10/comb_iter_3/left/separable_3x3_2/separable_conv2d,OpenCL,1962.6,2180.8,1.1111790482013657
cell_10/comb_iter_3/right/MaxPool2D/MaxPool,OpenCL,399.3333333333333,595.8,1.4919866444073455
cell_10/comb_iter_3/left/bn_sep_3x3_2/FusedBatchNormV3___tr4cell_10/comb_iter_3/combine/add,OpenCL,371.77777777777777,272.6,0.7332337118947998
cell_10/comb_iter_3/right/MaxPool2D/MaxPool___tr4cell_10/comb_iter_3/combine/add,OpenCL,370.0,258.8,0.6994594594594595
cell_10/comb_iter_3/combine/add,OpenCL,343.5,238.8,0.6951965065502184
cell_10/comb_iter_4/left/Relu,CPU,33.7,118.1,3.504451038575667
cell_10/comb_iter_4/left/separable_3x3_1/separable_conv2d/depthwise,CPU,127.0,156.7,1.2338582677165353
cell_10/comb_iter_4/left/separable_3x3_1/separable_conv2d,CPU,3055.2,3408.3,1.1155734485467401
cell_10/comb_iter_4/left/separable_3x3_2/separable_conv2d/depthwise,CPU,118.6,121.4,1.0236087689713322
cell_10/comb_iter_4/left/separable_3x3_2/separable_conv2d,CPU,3057.1,2966.1,0.9702332275686107
cell_10/comb_iter_4/combine/add,CPU,39.888888888888886,42.6,1.0679665738161561
cell_10/comb_iter_2/combine/add___tr4cell_10/cell_output/concat,CPU,160.9,81.7,0.5077688004972032
cell_10/comb_iter_4/combine/add___tr4cell_10/cell_output/concat,CPU,104.3,125.1,1.199424736337488
cell_10/cell_output/concat,CPU,383.1,338.9,0.8846254241712346
cell_11/Relu_1,OpenCL,613.5,540.0,0.8801955990220048
cell_11/Relu_1___tr4cell_11/1x1/Conv2D,OpenCL,580.6666666666666,435.7,0.7503444316877153
cell_11/1x1/Conv2D,OpenCL,14972.7,15130.6,1.0105458601321071
cell_11/comb_iter_1/left/Relu,CPU,31.8,45.8,1.440251572327044
cell_11/comb_iter_1/left/separable_7x7_1/separable_conv2d/depthwise,CPU,620.7,735.5,1.1849524730143386
cell_11/comb_iter_1/left/separable_7x7_1/separable_conv2d,CPU,3051.5,3104.4,1.0173357365230216
cell_11/comb_iter_1/left/separable_7x7_2/separable_conv2d/depthwise,CPU,612.1,647.0,1.057016827315798
cell_11/comb_iter_1/left/separable_7x7_2/separable_conv2d,CPU,3050.8,3121.7,1.023239805952537
cell_11/comb_iter_1/right/MaxPool2D/MaxPool,CPU,267.4,343.1,1.2830964846671655
cell_11/comb_iter_1/left/bn_sep_7x7_2/FusedBatchNormV3___tr4cell_11/comb_iter_1/combine/add,CPU,84.9,68.1,0.8021201413427561
cell_11/comb_iter_1/right/MaxPool2D/MaxPool___tr4cell_11/comb_iter_1/combine/add,CPU,53.3,56.2,1.054409005628518
cell_11/comb_iter_1/combine/add,CPU,42.8,44.6,1.0420560747663552
cell_11/comb_iter_2/left/Relu,OpenCL,380.3333333333333,909.4,2.391060473269062
cell_11/comb_iter_2/left/separable_5x5_1/separable_conv2d/depthwise,OpenCL,480.6,391.1,0.8137744486059093
cell_11/comb_iter_2/left/separable_5x5_1/separable_conv2d,OpenCL,2316.2,2321.4,1.0022450565581558
cell_11/comb_iter_2/left/separable_5x5_2/separable_conv2d/depthwise,OpenCL,476.3,484.5,1.0172160403107284
cell_11/comb_iter_2/left/separable_5x5_2/separable_conv2d,OpenCL,1869.1,1890.5,1.0114493606548607
cell_11/comb_iter_2/right/Relu,OpenCL,399.3333333333333,341.0,0.8539232053422371
cell_11/comb_iter_2/right/separable_3x3_1/separable_conv2d/depthwise,OpenCL,435.9,379.0,0.8694654737325075
cell_11/comb_iter_2/right/separable_3x3_1/separable_conv2d,OpenCL,2276.3,2225.4,0.9776391512542283
cell_11/comb_iter_2/right/separable_3x3_2/separable_conv2d/depthwise,OpenCL,444.8888888888889,447.4,1.0056443556443555
cell_11/comb_iter_2/right/separable_3x3_2/separable_conv2d,OpenCL,1978.3333333333333,2080.1,1.0514406065711879
cell_11/comb_iter_2/combine/add,OpenCL,347.44444444444446,487.4,1.4028141989126957
cell_11/comb_iter_3/left/Relu,CPU,28.7,32.7,1.1393728222996518
cell_11/comb_iter_3/left/separable_3x3_1/separable_conv2d/depthwise,CPU,121.6,134.5,1.1060855263157896
cell_11/comb_iter_3/left/separable_3x3_1/separable_conv2d,CPU,3044.2,2902.5,0.9534524669864004
cell_11/comb_iter_3/left/separable_3x3_2/separable_conv2d/depthwise,CPU,121.4,143.2,1.1795716639209224
cell_11/comb_iter_3/left/separable_3x3_2/separable_conv2d,CPU,3067.3,2894.6,0.9436964105239135
cell_11/comb_iter_3/right/MaxPool2D/MaxPool,CPU,264.1,273.7,1.0363498674744414
cell_11/comb_iter_3/left/bn_sep_3x3_2/FusedBatchNormV3___tr4cell_11/comb_iter_3/combine/add,CPU,78.5,43.5,0.554140127388535
cell_11/comb_iter_3/right/MaxPool2D/MaxPool___tr4cell_11/comb_iter_3/combine/add,CPU,52.1,38.9,0.746641074856046
cell_11/comb_iter_3/combine/add,CPU,38.7,38.3,0.9896640826873384
cell_11/comb_iter_4/left/Relu,CPU,33.6,37.0,1.101190476190476
cell_11/comb_iter_4/left/separable_3x3_1/separable_conv2d/depthwise,CPU,126.8,147.1,1.1600946372239747
cell_11/comb_iter_4/left/separable_3x3_1/separable_conv2d,CPU,3064.5,3294.4,1.0750203948441834
cell_11/comb_iter_4/left/separable_3x3_2/separable_conv2d/depthwise,CPU,123.8,124.1,1.0024232633279482
cell_11/comb_iter_4/left/separable_3x3_2/separable_conv2d,CPU,3044.9,3053.6,1.0028572366908601
cell_11/comb_iter_4/combine/add,CPU,39.9,52.8,1.3233082706766917
cell_11/comb_iter_2/combine/add___tr4cell_11/cell_output/concat,OpenCL,369.8888888888889,691.2,1.8686692700510663
cell_11/comb_iter_4/combine/add___tr4cell_11/cell_output/concat,CPU,122.4,146.3,1.1952614379084967
cell_11/cell_output/concat,CPU,392.2,364.1,0.9283528811830699
final_layer/Relu,CPU,189.5,187.9,0.99155672823219
final_layer/Mean/reduction_indices,CPU,0.0,0.0,0
final_layer/Mean,CPU,484.9,467.1,0.9632914002887194
final_layer/FC/weights,CPU,0.0,0.0,0
final_layer/FC/MatMul,CPU,7483.666666666667,7426.4,0.9923477796089261
final_layer/FC/biases,CPU,0.0,0.2,0
final_layer/FC/BiasAdd,CPU,9.5,16.4,1.726315789473684
final_layer/predictions,CPU,5.666666666666667,5.7,1.0058823529411764
