conv0/Conv2D,CPU,48511.555555555555,54516.6,1.1237858562908265
cell_stem_0/Relu,OpenCL,3767.9,9551.5,2.5349664269221583
cell_stem_0/1x1/Conv2D,OpenCL,18042.2,18539.9,1.0275853277316513
cell_stem_0/comb_iter_1/left/MaxPool2D/MaxPool,OpenCL,2008.3999999999999,2561.8,1.2755427205735912
cell_stem_0/comb_iter_1/right/Relu,OpenCL,3587.8,4409.4,1.2289982719215116
cell_stem_0/comb_iter_1/right/separable_7x7_1/separable_conv2d/depthwise,OpenCL,20599.3,20008.9,0.971338831902055
cell_stem_0/comb_iter_1/right/separable_7x7_1/separable_conv2d,OpenCL,4889.111111111111,5117.1,1.046631971274033
cell_stem_0/comb_iter_1/right/separable_7x7_2/separable_conv2d/depthwise,OpenCL,8172.8,7985.5,0.9770825176194204
cell_stem_0/comb_iter_1/right/separable_7x7_2/separable_conv2d,OpenCL,2615.8,2580.4,0.9864668552641639
cell_stem_0/comb_iter_1/left/MaxPool2D/MaxPool___tr4cell_stem_0/comb_iter_1/combine/add,OpenCL,755.0,824.1,1.0915231788079471
cell_stem_0/comb_iter_1/right/bn_sep_7x7_2/FusedBatchNormV3___tr4cell_stem_0/comb_iter_1/combine/add,OpenCL,749.3333333333334,824.7,1.1005782918149467
cell_stem_0/comb_iter_1/combine/add,OpenCL,1106.6666666666667,1090.0,0.9849397590361445
cell_stem_0/comb_iter_2/left/AvgPool2D/AvgPool,CPU,5774.7,6136.2,1.0626006545794586
cell_stem_0/comb_iter_2/right/Relu,CPU,5025.5,6519.5,1.2972838523529997
cell_stem_0/comb_iter_2/right/separable_5x5_1/separable_conv2d/depthwise,CPU,18799.8,19404.2,1.0321492781838106
cell_stem_0/comb_iter_2/right/separable_5x5_1/separable_conv2d,CPU,9855.9,10019.1,1.0165586095638146
cell_stem_0/comb_iter_2/right/separable_5x5_2/separable_conv2d/depthwise,CPU,7140.1,7185.6,1.006372459769471
cell_stem_0/comb_iter_2/right/separable_5x5_2/separable_conv2d,CPU,5067.6,5437.9,1.0730720656721129
cell_stem_0/comb_iter_2/left/AvgPool2D/AvgPool___tr4cell_stem_0/comb_iter_2/combine/add,CPU,3088.8,3476.9,1.1256475006475006
cell_stem_0/comb_iter_2/right/bn_sep_5x5_2/FusedBatchNormV3___tr4cell_stem_0/comb_iter_2/combine/add,CPU,3070.3,3254.1,1.0598638569520893
cell_stem_0/comb_iter_2/combine/add,CPU,1160.8,1283.9,1.1060475534114405
cell_stem_0/comb_iter_0/left/Relu,OpenCL,1601.4444444444443,1761.3,1.0998196072989663
cell_stem_0/comb_iter_0/left/separable_5x5_1/separable_conv2d/depthwise,OpenCL,9186.2,9256.4,1.0076418976290522
cell_stem_0/comb_iter_0/left/separable_5x5_1/separable_conv2d,OpenCL,2940.8888888888887,2891.2,0.9831041257367387
cell_stem_0/comb_iter_0/left/separable_5x5_2/separable_conv2d/depthwise,OpenCL,5038.1,5164.9,1.0251682181774875
cell_stem_0/comb_iter_0/left/separable_5x5_2/separable_conv2d,OpenCL,2613.777777777778,2602.9,0.9958382928073457
cell_stem_0/comb_iter_0/right/Relu,OpenCL,3555.2,4105.2,1.1547029702970297
cell_stem_0/comb_iter_0/right/separable_7x7_1/separable_conv2d/depthwise,OpenCL,20466.3,20154.4,0.9847603132955152
cell_stem_0/comb_iter_0/right/separable_7x7_1/separable_conv2d,OpenCL,4582.6,4919.5,1.0735172173002225
cell_stem_0/comb_iter_0/right/separable_7x7_2/separable_conv2d/depthwise,OpenCL,8169.600000000001,8025.2,0.982324716020368
cell_stem_0/comb_iter_0/right/separable_7x7_2/separable_conv2d,OpenCL,2586.4444444444443,2553.5,0.9872626514305353
cell_stem_0/comb_iter_0/combine/add,OpenCL,1124.7777777777778,1146.7,1.0194902696829002
cell_stem_0/comb_iter_3/right/AvgPool2D/AvgPool,CPU,4043.6999999999994,4043.8,1.000024729826644
cell_stem_0/comb_iter_3/right/AvgPool2D/AvgPool___tr4cell_stem_0/comb_iter_3/combine/add,CPU,2926.9,3038.8,1.038231576070245
cell_stem_0/comb_iter_3/combine/add,CPU,1093.888888888889,1140.0,1.042153377348908
cell_stem_0/comb_iter_4/left/Relu,OpenCL,726.3333333333334,815.2,1.1223497016980266
cell_stem_0/comb_iter_4/left/separable_3x3_1/separable_conv2d/depthwise,OpenCL,2865.3,2716.4,0.9480333647436568
cell_stem_0/comb_iter_4/left/separable_3x3_1/separable_conv2d,OpenCL,2819.8,2595.4,0.9204198879353145
cell_stem_0/comb_iter_4/left/separable_3x3_2/separable_conv2d/depthwise,OpenCL,2856.3,2752.8,0.9637643104715892
cell_stem_0/comb_iter_4/left/separable_3x3_2/separable_conv2d,OpenCL,2621.2,2571.0,0.9808484663512895
cell_stem_0/comb_iter_4/right/MaxPool2D/MaxPool,OpenCL,1974.4444444444443,2539.0,1.2859313449634215
cell_stem_0/comb_iter_4/left/bn_sep_3x3_2/FusedBatchNormV3___tr4cell_stem_0/comb_iter_4/combine/add,OpenCL,791.8888888888889,907.2,1.1456152658902765
cell_stem_0/comb_iter_4/right/MaxPool2D/MaxPool___tr4cell_stem_0/comb_iter_4/combine/add,OpenCL,791.1111111111111,905.8,1.1449719101123594
cell_stem_0/comb_iter_4/combine/add,OpenCL,1164.3333333333333,1228.6,1.0551961064987117
cell_stem_0/cell_output/concat,CPU,4465.1,4039.9,0.9047725694833262
cell_stem_1/Relu_1,OpenCL,2135.2,3901.4,1.8271824653428252
cell_stem_1/Relu_1___tr4cell_stem_1/1x1/Conv2D,OpenCL,2226.7,2905.5,1.3048457358422778
cell_stem_1/1x1/Conv2D,OpenCL,14329.0,14939.2,1.0425849675483285
cell_stem_1/comb_iter_1/left/MaxPool2D/MaxPool,OpenCL,2047.1,1751.3,0.8555029065507304
cell_stem_1/Relu,CPU,4917.1,8141.5,1.6557523743670048
cell_stem_1/AvgPool2D,CPU,4031.6,4644.4,1.1519992062704634
cell_stem_1/path1_conv/Conv2D,CPU,9901.4,10301.4,1.0403983275092412
cell_stem_1/Pad/paddings,CPU,0.9,0.6,0.6666666666666666
cell_stem_1/Pad_Gather_Index,CPU,0.0,0.3,0
cell_stem_1/Pad_Gather,CPU,0.0,0.4,0
cell_stem_1/Pad,CPU,7681.888888888889,10221.4,1.3305842023807801
cell_stem_1/strided_slice/stack,CPU,0.9,0.5,0.5555555555555556
cell_stem_1/strided_slice/stack_1,CPU,1.0,0.5,0.5
cell_stem_1/strided_slice/stack_2,CPU,0.0,0.1,0
cell_stem_1/Pad___tr4cell_stem_1/strided_slice,CPU,24984.777777777777,29028.2,1.1618354286832426
cell_stem_1/strided_slice,CPU,7238.4,7233.3,0.9992954244031831
cell_stem_1/strided_slice___tr4cell_stem_1/AvgPool2D_1,CPU,8092.4,9334.7,1.1535144085808908
cell_stem_1/AvgPool2D_1,CPU,4075.5,4234.1,1.038915470494418
cell_stem_1/path2_conv/Conv2D,CPU,9806.0,10247.8,1.045054048541709
cell_stem_1/concat,CPU,3137.7,3726.5,1.187653376677184
cell_stem_1/final_path_bn/FusedBatchNormV3,CPU,1064.0,1475.0,1.3862781954887218
cell_stem_1/comb_iter_1/right/Relu,OpenCL,1577.4,2127.4,1.3486750348675034
cell_stem_1/comb_iter_1/right/separable_7x7_1/separable_conv2d/depthwise,OpenCL,5371.6,4757.2,0.8856206716806909
cell_stem_1/comb_iter_1/right/separable_7x7_1/separable_conv2d,OpenCL,2608.8,2144.2,0.8219104569150566
cell_stem_1/comb_iter_1/right/separable_7x7_2/separable_conv2d/depthwise,OpenCL,3049.3,2476.2,0.8120552257895254
cell_stem_1/comb_iter_1/right/separable_7x7_2/separable_conv2d,OpenCL,2589.9,2044.3,0.7893354955789799
cell_stem_1/comb_iter_1/left/MaxPool2D/MaxPool___tr4cell_stem_1/comb_iter_1/combine/add,OpenCL,1095.111111111111,640.3,0.5846895292207792
cell_stem_1/comb_iter_1/right/bn_sep_7x7_2/FusedBatchNormV3___tr4cell_stem_1/comb_iter_1/combine/add,OpenCL,758.0,641.4,0.8461741424802111
cell_stem_1/comb_iter_1/combine/add,OpenCL,1178.0,794.6,0.6745331069609508
cell_stem_1/comb_iter_2/left/AvgPool2D/AvgPool,CPU,2854.7,3079.2,1.0786422391144428
cell_stem_1/comb_iter_2/right/Relu,CPU,1100.3,1533.2,1.3934381532309372
cell_stem_1/comb_iter_2/right/separable_5x5_1/separable_conv2d/depthwise,CPU,4350.7,4463.2,1.025857907922863
cell_stem_1/comb_iter_2/right/separable_5x5_1/separable_conv2d,CPU,3756.2,3830.8,1.0198604973111125
cell_stem_1/comb_iter_2/right/separable_5x5_2/separable_conv2d/depthwise,CPU,3642.4,3796.2,1.0422249066549527
cell_stem_1/comb_iter_2/right/separable_5x5_2/separable_conv2d,CPU,3661.9,3813.2,1.0413173489172287
cell_stem_1/comb_iter_2/left/AvgPool2D/AvgPool___tr4cell_stem_1/comb_iter_2/combine/add,CPU,1440.7,1502.0,1.042548761018949
cell_stem_1/comb_iter_2/right/bn_sep_5x5_2/FusedBatchNormV3___tr4cell_stem_1/comb_iter_2/combine/add,CPU,1120.4,1451.2,1.2952516958229203
cell_stem_1/comb_iter_2/combine/add,CPU,447.3,627.9,1.4037558685446008
cell_stem_1/comb_iter_0/left/Relu,CPU,1221.3,1319.7,1.0805698845492508
cell_stem_1/comb_iter_0/left/separable_5x5_1/separable_conv2d/depthwise,CPU,4351.8,4454.1,1.0235075141320833
cell_stem_1/comb_iter_0/left/separable_5x5_1/separable_conv2d,CPU,3709.8,3841.2,1.0354196991751576
cell_stem_1/comb_iter_0/left/separable_5x5_2/separable_conv2d/depthwise,CPU,3573.3,3770.3,1.05513111129768
cell_stem_1/comb_iter_0/left/separable_5x5_2/separable_conv2d,CPU,3630.0,3829.3,1.0549035812672176
cell_stem_1/comb_iter_0/right/Relu,CPU,1305.4,1344.0,1.0295694806189672
cell_stem_1/comb_iter_0/right/separable_7x7_1/separable_conv2d/depthwise,CPU,8240.4,8236.8,0.9995631280034949
cell_stem_1/comb_iter_0/right/separable_7x7_1/separable_conv2d,CPU,3763.8,3793.5,1.0078909612625537
cell_stem_1/comb_iter_0/right/separable_7x7_2/separable_conv2d/depthwise,CPU,6671.2,6889.1,1.0326627893032738
cell_stem_1/comb_iter_0/right/separable_7x7_2/separable_conv2d,CPU,3666.1,3762.6,1.0263222498022422
cell_stem_1/comb_iter_0/combine/add,CPU,505.49999999999994,611.8,1.2102868447082098
cell_stem_1/comb_iter_3/right/AvgPool2D/AvgPool,OpenCL,1550.0,1885.2,1.2162580645161292
cell_stem_1/comb_iter_3/right/AvgPool2D/AvgPool___tr4cell_stem_1/comb_iter_3/combine/add,OpenCL,919.4444444444445,1339.6,1.4569667673716011
cell_stem_1/comb_iter_3/combine/add,OpenCL,1159.5,821.7,0.708667529107374
cell_stem_1/comb_iter_4/left/Relu,CPU,317.6,321.2,1.0113350125944582
cell_stem_1/comb_iter_4/left/separable_3x3_1/separable_conv2d/depthwise,CPU,1194.4,1223.1,1.0240288010716676
cell_stem_1/comb_iter_4/left/separable_3x3_1/separable_conv2d,CPU,3667.4,3806.8,1.0380105797022414
cell_stem_1/comb_iter_4/left/separable_3x3_2/separable_conv2d/depthwise,CPU,1104.8,1167.6,1.056842867487328
cell_stem_1/comb_iter_4/left/separable_3x3_2/separable_conv2d,CPU,3583.9,3749.8,1.0462903540835402
cell_stem_1/comb_iter_4/right/MaxPool2D/MaxPool,CPU,2817.7,2679.8,0.951059374667282
cell_stem_1/comb_iter_4/left/bn_sep_3x3_2/FusedBatchNormV3___tr4cell_stem_1/comb_iter_4/combine/add,CPU,1572.7,1389.7,0.8836396006867171
cell_stem_1/comb_iter_4/right/MaxPool2D/MaxPool___tr4cell_stem_1/comb_iter_4/combine/add,CPU,1193.5,1384.8,1.1602848764139087
cell_stem_1/comb_iter_4/combine/add,CPU,488.8,564.7,1.1552782324058921
cell_stem_1/cell_output/concat,CPU,2091.6,1689.3,0.807659208261618
cell_1/Relu,OpenCL,1572.7,2081.2,1.3233293062885483
cell_1/Relu___tr4cell_1/prev_1x1/Conv2D,OpenCL,1551.0,1264.1,0.8150225660863958
cell_1/prev_1x1/Conv2D,OpenCL,12896.0,13002.9,1.0082893920595533
cell_0/Relu,CPU,2327.8,2963.2,1.2729615946387145
cell_0/Relu___tr4cell_0/AvgPool2D,CPU,3577.4,4934.6,1.3793816738413374
cell_0/AvgPool2D,CPU,2140.0,2274.1,1.0626635514018692
cell_0/path1_conv/Conv2D,CPU,7234.3,7398.0,1.0226283123453548
cell_0/Pad/paddings,CPU,0.0,0.5,0
cell_0/Pad,CPU,3396.7,4180.2,1.2306650572614597
cell_0/strided_slice/stack,CPU,1.0,0.2,0.2
cell_0/strided_slice/stack_1,CPU,0.0,0.2,0
cell_0/strided_slice/stack_2,CPU,0.9,0.5,0.5555555555555556
cell_0/strided_slice,CPU,3177.7,3470.9,1.0922679925732448
cell_0/strided_slice___tr4cell_0/AvgPool2D_1,CPU,3702.9,4019.0,1.0853655243187772
cell_0/AvgPool2D_1,CPU,2123.5,2406.5,1.1332705439133506
cell_0/path2_conv/Conv2D,CPU,7242.7,7273.2,1.004211136730777
cell_0/concat,CPU,618.3,707.4,1.1441048034934498
cell_0/final_path_bn/FusedBatchNormV3,CPU,457.1,658.7,1.44104134762634
cell_0/Relu_1,CPU,1149.6,1384.9,1.2046798886569243
cell_0/Relu_1___tr4cell_0/1x1/Conv2D,CPU,2024.9,2396.8,1.18366339078473
cell_0/1x1/Conv2D,CPU,27984.9,28076.7,1.0032803404693245
cell_0/comb_iter_0/left/Relu,CPU,565.8888888888889,760.2,1.3433732574121344
cell_0/comb_iter_0/left/separable_5x5_1/separable_conv2d/depthwise,CPU,7714.7,7695.9,0.9975630938338497
cell_0/comb_iter_0/left/separable_5x5_1/separable_conv2d,CPU,13611.2,13831.5,1.0161852004231808
cell_0/comb_iter_0/left/separable_5x5_2/separable_conv2d/depthwise,CPU,7628.2,7711.1,1.0108675703311398
cell_0/comb_iter_0/left/separable_5x5_2/separable_conv2d,CPU,13599.9,13780.5,1.0132795094081575
cell_0/comb_iter_0/right/Relu,CPU,719.6,739.0,1.026959421901056
cell_0/comb_iter_0/right/separable_3x3_1/separable_conv2d/depthwise,CPU,2348.4,2325.0,0.9900357690342361
cell_0/comb_iter_0/right/separable_3x3_1/separable_conv2d,CPU,13871.9,13810.5,0.9955737858548577
cell_0/comb_iter_0/right/separable_3x3_2/separable_conv2d/depthwise,CPU,2338.0,2347.7,1.0041488451668092
cell_0/comb_iter_0/right/separable_3x3_2/separable_conv2d,CPU,13754.5,13804.3,1.0036206332473008
cell_0/comb_iter_0/combine/add,CPU,1334.4,1338.0,1.0026978417266186
cell_0/comb_iter_1/left/Relu,OpenCL,1197.4444444444443,953.8,0.7965296464693329
cell_0/comb_iter_1/left/separable_5x5_1/separable_conv2d/depthwise,OpenCL,3522.9,3130.9,0.888728036560788
cell_0/comb_iter_1/left/separable_5x5_1/separable_conv2d,OpenCL,7120.5,7231.2,1.0155466610490835
cell_0/comb_iter_1/left/separable_5x5_2/separable_conv2d/depthwise,OpenCL,3997.2,3936.4,0.9847893525467828
cell_0/comb_iter_1/left/separable_5x5_2/separable_conv2d,OpenCL,7149.7,6767.6,0.9465571982041205
cell_0/comb_iter_1/right/Relu,OpenCL,1278.3,851.8,0.6663537510756473
cell_0/comb_iter_1/right/separable_3x3_1/separable_conv2d/depthwise,OpenCL,2261.6,1720.2,0.760611956137248
cell_0/comb_iter_1/right/separable_3x3_1/separable_conv2d,OpenCL,7132.0,6655.6,0.9332024677509816
cell_0/comb_iter_1/right/separable_3x3_2/separable_conv2d/depthwise,OpenCL,2225.1,1712.6,0.7696732731113208
cell_0/comb_iter_1/right/separable_3x3_2/separable_conv2d,OpenCL,7137.8,6718.6,0.9412704194569755
cell_0/comb_iter_1/combine/add,OpenCL,1490.7,1084.5,0.727510565506138
cell_0/comb_iter_2/left/AvgPool2D/AvgPool,OpenCL,2226.8888888888887,1895.9,0.8513671290290391
cell_0/comb_iter_2/left/AvgPool2D/AvgPool___tr4cell_0/comb_iter_2/combine/add,OpenCL,1197.4,894.8,0.7472857858693835
cell_0/final_path_bn/FusedBatchNormV3___tr4cell_0/comb_iter_2/combine/add,CPU,2975.1,2716.6,0.9131121642969984
cell_0/comb_iter_2/combine/add,OpenCL,1538.7,1867.2,1.2134919087541431
cell_0/comb_iter_3/left/AvgPool2D/AvgPool,OpenCL,2206.8,3363.1,1.5239713612470545
cell_0/comb_iter_3/right/AvgPool2D/AvgPool,OpenCL,2198.5,2140.3,0.973527405048897
cell_0/comb_iter_3/left/AvgPool2D/AvgPool___tr4cell_0/comb_iter_3/combine/add,OpenCL,1236.3,926.7,0.7495753457898569
cell_0/comb_iter_3/right/AvgPool2D/AvgPool___tr4cell_0/comb_iter_3/combine/add,OpenCL,1217.7,924.3,0.7590539541759054
cell_0/comb_iter_3/combine/add,OpenCL,1499.9,1154.0,0.7693846256417094
cell_0/comb_iter_4/left/Relu,OpenCL,1204.0,1145.6,0.9514950166112957
cell_0/comb_iter_4/left/separable_3x3_1/separable_conv2d/depthwise,OpenCL,2171.3,1742.0,0.8022843457836318
cell_0/comb_iter_4/left/separable_3x3_1/separable_conv2d,OpenCL,7068.8,7077.2,1.0011883205070167
cell_0/comb_iter_4/left/separable_3x3_2/separable_conv2d/depthwise,OpenCL,2584.3,2012.4,0.778702163061564
cell_0/comb_iter_4/left/separable_3x3_2/separable_conv2d,OpenCL,7059.6,6667.5,0.9444586095529491
cell_0/comb_iter_4/combine/add,OpenCL,1488.5555555555557,1200.0,0.8061506307382249
cell_0/comb_iter_2/combine/add___tr4cell_0/cell_output/concat,OpenCL,1177.3,841.6,0.7148560265013166
cell_0/comb_iter_3/combine/add___tr4cell_0/cell_output/concat,OpenCL,1173.5,941.9,0.8026416702172987
cell_0/cell_output/concat,CPU,3444.6,3363.7,0.9765139638855019
cell_1/Relu_1,CPU,3280.3,4605.8,1.404078895222998
cell_1/1x1/Conv2D,CPU,88681.3,90608.0,1.0217261136226012
cell_1/comb_iter_0/left/Relu,OpenCL,1612.0,1682.3,1.0436104218362283
cell_1/comb_iter_0/left/separable_5x5_1/separable_conv2d/depthwise,OpenCL,3438.1,3633.4,1.056804630464501
cell_1/comb_iter_0/left/separable_5x5_1/separable_conv2d,OpenCL,7009.3,6874.0,0.9806970738875493
cell_1/comb_iter_0/left/separable_5x5_2/separable_conv2d/depthwise,OpenCL,3401.6,3636.9,1.0691733301975541
cell_1/comb_iter_0/left/separable_5x5_2/separable_conv2d,OpenCL,6997.0,6663.3,0.9523081320565957
cell_1/comb_iter_0/right/Relu,OpenCL,1128.0,783.0,0.6941489361702128
cell_1/comb_iter_0/right/separable_3x3_1/separable_conv2d/depthwise,OpenCL,2112.7,1914.1,0.9059970653665925
cell_1/comb_iter_0/right/separable_3x3_1/separable_conv2d,OpenCL,7028.1,6935.4,0.9868100909207324
cell_1/comb_iter_0/right/separable_3x3_2/separable_conv2d/depthwise,OpenCL,2151.3,1810.6,0.8416306419374331
cell_1/comb_iter_0/right/separable_3x3_2/separable_conv2d,OpenCL,7049.6,7188.2,1.019660689968225
cell_1/comb_iter_0/combine/add,OpenCL,1484.9,1057.0,0.7118324466294026
cell_1/comb_iter_1/left/Relu,OpenCL,1248.5,1368.1,1.0957949539447336
cell_1/comb_iter_1/left/separable_5x5_1/separable_conv2d/depthwise,OpenCL,3460.4,3137.6,0.9067159865911455
cell_1/comb_iter_1/left/separable_5x5_1/separable_conv2d,OpenCL,7085.7,6709.9,0.9469636027491991
cell_1/comb_iter_1/left/separable_5x5_2/separable_conv2d/depthwise,OpenCL,3912.4,3090.1,0.7898221040793374
cell_1/comb_iter_1/left/separable_5x5_2/separable_conv2d,OpenCL,7102.2,6729.9,0.9475796232153417
cell_1/comb_iter_1/right/Relu,OpenCL,1226.6,810.2,0.6605250285341595
cell_1/comb_iter_1/right/separable_3x3_1/separable_conv2d/depthwise,OpenCL,2196.8,1755.3,0.7990258557902402
cell_1/comb_iter_1/right/separable_3x3_1/separable_conv2d,OpenCL,7133.4,6665.8,0.9344492107550397
cell_1/comb_iter_1/right/separable_3x3_2/separable_conv2d/depthwise,OpenCL,2199.6666666666665,1715.2,0.7797545082588272
cell_1/comb_iter_1/right/separable_3x3_2/separable_conv2d,OpenCL,7099.3,6802.2,0.9581508036003549
cell_1/comb_iter_1/combine/add,OpenCL,1490.8,1084.2,0.7272605312583849
cell_1/comb_iter_2/left/AvgPool2D/AvgPool,CPU,4366.5,4193.1,0.9602885606320852
cell_1/comb_iter_2/left/AvgPool2D/AvgPool___tr4cell_1/comb_iter_2/combine/add,CPU,2399.5,2726.5,1.1362783913315273
cell_1/prev_bn/FusedBatchNormV3___tr4cell_1/comb_iter_2/combine/add,OpenCL,1207.6,810.9,0.6714971844981782
cell_1/comb_iter_2/combine/add,CPU,1225.5,1216.6,0.9927376580987352
cell_1/comb_iter_3/left/AvgPool2D/AvgPool,OpenCL,2186.5,1814.9,0.8300480219528928
cell_1/comb_iter_3/right/AvgPool2D/AvgPool,OpenCL,2208.0,1816.6,0.8227355072463768
cell_1/comb_iter_3/left/AvgPool2D/AvgPool___tr4cell_1/comb_iter_3/combine/add,OpenCL,1183.6,809.4,0.6838458938830686
cell_1/comb_iter_3/right/AvgPool2D/AvgPool___tr4cell_1/comb_iter_3/combine/add,OpenCL,1162.9,826.7,0.7108951758534697
cell_1/comb_iter_3/combine/add,OpenCL,1511.1,1096.3,0.7254979816028059
cell_1/comb_iter_4/left/Relu,CPU,653.5,776.4,1.1880642693190513
cell_1/comb_iter_4/left/separable_3x3_1/separable_conv2d/depthwise,CPU,2306.3,2307.8,1.0006503924034167
cell_1/comb_iter_4/left/separable_3x3_1/separable_conv2d,CPU,13833.0,13770.6,0.9954890479288658
cell_1/comb_iter_4/left/separable_3x3_2/separable_conv2d/depthwise,CPU,2269.2,2304.1,1.0153798695575533
cell_1/comb_iter_4/left/separable_3x3_2/separable_conv2d,CPU,13833.5,13742.4,0.9934145371742509
cell_1/comb_iter_4/combine/add,CPU,1236.0,1307.3,1.0576860841423947
cell_1/comb_iter_2/combine/add___tr4cell_1/cell_output/concat,CPU,997.1,987.5,0.9903720790291846
cell_1/comb_iter_3/combine/add___tr4cell_1/cell_output/concat,OpenCL,1177.3,832.5,0.7071264758345367
cell_1/cell_output/concat,CPU,3400.1,3313.6,0.9745595717773007
cell_3/Relu,OpenCL,7808.3,9054.9,1.1596506281777084
cell_3/prev_1x1/Conv2D,OpenCL,36795.1,37436.7,1.017437104397053
cell_2/Relu,OpenCL,8275.1,8912.1,1.0769779217169582
cell_2/prev_1x1/Conv2D,OpenCL,36786.4,36798.3,1.0003234891155428
cell_2/Relu_1,CPU,3542.3,5994.1,1.6921491686192587
cell_2/1x1/Conv2D,CPU,90064.2,91487.3,1.0158009508772632
cell_2/comb_iter_0/left/Relu,OpenCL,1696.5,1194.6,0.7041556145004421
cell_2/comb_iter_0/left/separable_5x5_1/separable_conv2d/depthwise,OpenCL,3558.0,3104.6,0.8725688589094996
cell_2/comb_iter_0/left/separable_5x5_1/separable_conv2d,OpenCL,7113.4,6701.7,0.942123316557483
cell_2/comb_iter_0/left/separable_5x5_2/separable_conv2d/depthwise,OpenCL,3614.6,3089.4,0.8547003817849832
cell_2/comb_iter_0/left/separable_5x5_2/separable_conv2d,OpenCL,7094.5,6672.8,0.9405595884135598
cell_2/comb_iter_0/right/Relu,OpenCL,1189.4444444444443,787.4,0.6619897244278375
cell_2/comb_iter_0/right/separable_3x3_1/separable_conv2d/depthwise,OpenCL,2191.4,1769.1,0.8072921420096741
cell_2/comb_iter_0/right/separable_3x3_1/separable_conv2d,OpenCL,7089.8,6744.8,0.9513385426951395
cell_2/comb_iter_0/right/separable_3x3_2/separable_conv2d/depthwise,OpenCL,2162.7,1754.5,0.8112544504554493
cell_2/comb_iter_0/right/separable_3x3_2/separable_conv2d,OpenCL,7121.5,6888.0,0.9672119637716773
cell_2/comb_iter_0/combine/add,OpenCL,1554.9,1088.8,0.7002379574249147
cell_2/comb_iter_1/left/Relu,OpenCL,1256.0,847.1,0.6744426751592357
cell_2/comb_iter_1/left/separable_5x5_1/separable_conv2d/depthwise,OpenCL,3490.8,3077.1,0.8814884840151254
cell_2/comb_iter_1/left/separable_5x5_1/separable_conv2d,OpenCL,7064.3,6671.1,0.9443398496666336
cell_2/comb_iter_1/left/separable_5x5_2/separable_conv2d/depthwise,OpenCL,3957.0,3063.3,0.7741470811220622
cell_2/comb_iter_1/left/separable_5x5_2/separable_conv2d,OpenCL,7089.2,6648.7,0.9378632285730407
cell_2/comb_iter_1/right/Relu,OpenCL,1315.2,777.2,0.5909367396593674
cell_2/comb_iter_1/right/separable_3x3_1/separable_conv2d/depthwise,OpenCL,2195.9,1817.2,0.8275422378068218
cell_2/comb_iter_1/right/separable_3x3_1/separable_conv2d,OpenCL,7087.2,6674.0,0.9416977085449826
cell_2/comb_iter_1/right/separable_3x3_2/separable_conv2d/depthwise,OpenCL,2150.3,2282.8,1.0616193089336372
cell_2/comb_iter_1/right/separable_3x3_2/separable_conv2d,OpenCL,7076.4,6639.5,0.9382595670114748
cell_2/comb_iter_1/combine/add,OpenCL,1508.6,1622.2,1.0753016041362853
cell_2/comb_iter_2/left/AvgPool2D/AvgPool,CPU,4261.9,4081.9,0.9577653159389006
cell_2/comb_iter_2/left/AvgPool2D/AvgPool___tr4cell_2/comb_iter_2/combine/add,CPU,2179.3,2649.8,1.2158950121598677
cell_2/prev_bn/FusedBatchNormV3___tr4cell_2/comb_iter_2/combine/add,OpenCL,1236.9,1661.6,1.3433583959899749
cell_2/comb_iter_2/combine/add,CPU,1162.3,1209.5,1.0406091370558377
cell_2/comb_iter_3/left/AvgPool2D/AvgPool,CPU,4246.9,4134.5,0.9735336362994185
cell_2/comb_iter_3/right/AvgPool2D/AvgPool,CPU,4198.5,4192.0,0.9984518280338216
cell_2/comb_iter_3/left/AvgPool2D/AvgPool___tr4cell_2/comb_iter_3/combine/add,CPU,2989.3,2799.0,0.9363396112802328
cell_2/comb_iter_3/right/AvgPool2D/AvgPool___tr4cell_2/comb_iter_3/combine/add,CPU,2971.6,2753.3,0.9265378920446898
cell_2/comb_iter_3/combine/add,CPU,1220.4,1128.4,0.9246148803670927
cell_2/comb_iter_4/left/Relu,CPU,660.8888888888889,752.7,1.1389206455951582
cell_2/comb_iter_4/left/separable_3x3_1/separable_conv2d/depthwise,CPU,2344.7,2299.5,0.980722480487909
cell_2/comb_iter_4/left/separable_3x3_1/separable_conv2d,CPU,13688.0,14028.8,1.0248977206312098
cell_2/comb_iter_4/left/separable_3x3_2/separable_conv2d/depthwise,CPU,2326.8,2535.5,1.0896940003438198
cell_2/comb_iter_4/left/separable_3x3_2/separable_conv2d,CPU,13749.5,13761.0,1.0008363940506928
cell_2/comb_iter_4/combine/add,CPU,1284.3,1242.3,0.9672973604298061
cell_2/comb_iter_2/combine/add___tr4cell_2/cell_output/concat,CPU,983.5,956.5,0.9725470259278088
cell_2/comb_iter_3/combine/add___tr4cell_2/cell_output/concat,CPU,1043.2,985.4,0.9445935582822085
cell_2/cell_output/concat,CPU,3463.5,3273.1,0.9450267070882056
cell_3/Relu_1,CPU,3401.1,6197.2,1.8221163741142572
cell_3/1x1/Conv2D,CPU,89489.1,91448.6,1.0218965214757998
cell_3/comb_iter_0/left/Relu,OpenCL,1753.1,1511.3,0.8620728994352861
cell_3/comb_iter_0/left/separable_5x5_1/separable_conv2d/depthwise,OpenCL,3542.6,3088.4,0.8717890814655903
cell_3/comb_iter_0/left/separable_5x5_1/separable_conv2d,OpenCL,7072.5,6680.0,0.944503358077059
cell_3/comb_iter_0/left/separable_5x5_2/separable_conv2d/depthwise,OpenCL,3517.8,3181.4,0.9043720507135141
cell_3/comb_iter_0/left/separable_5x5_2/separable_conv2d,OpenCL,7072.0,6761.5,0.9560944570135747
cell_3/comb_iter_0/right/Relu,OpenCL,1192.5,759.3,0.6367295597484276
cell_3/comb_iter_0/right/separable_3x3_1/separable_conv2d/depthwise,OpenCL,2165.6,2248.3,1.0381880310306615
cell_3/comb_iter_0/right/separable_3x3_1/separable_conv2d,OpenCL,7084.2,6823.0,0.9631292171310805
cell_3/comb_iter_0/right/separable_3x3_2/separable_conv2d/depthwise,OpenCL,2137.5,1801.6,0.8428538011695906
cell_3/comb_iter_0/right/separable_3x3_2/separable_conv2d,OpenCL,7064.2,6733.8,0.9532289572775403
cell_3/comb_iter_0/combine/add,OpenCL,1498.4,1181.8,0.7887079551521622
cell_3/comb_iter_1/left/Relu,OpenCL,1190.5,750.1,0.6300713985720285
cell_3/comb_iter_1/left/separable_5x5_1/separable_conv2d/depthwise,OpenCL,3495.6,3471.9,0.9932200480604189
cell_3/comb_iter_1/left/separable_5x5_1/separable_conv2d,OpenCL,7082.4,6678.3,0.9429430701457134
cell_3/comb_iter_1/left/separable_5x5_2/separable_conv2d/depthwise,OpenCL,3969.2,3069.1,0.7732288622392421
cell_3/comb_iter_1/left/separable_5x5_2/separable_conv2d,OpenCL,7212.7,6677.1,0.9257420938067576
cell_3/comb_iter_1/right/Relu,OpenCL,1153.6,768.0,0.665742024965326
cell_3/comb_iter_1/right/separable_3x3_1/separable_conv2d/depthwise,OpenCL,2170.6,1730.7,0.7973371418041095
cell_3/comb_iter_1/right/separable_3x3_1/separable_conv2d,OpenCL,7080.9,6658.7,0.9403748111115818
cell_3/comb_iter_1/right/separable_3x3_2/separable_conv2d/depthwise,OpenCL,2161.7,1718.4,0.7949299162696027
cell_3/comb_iter_1/right/separable_3x3_2/separable_conv2d,OpenCL,7082.2,6647.1,0.9385642879331282
cell_3/comb_iter_1/combine/add,OpenCL,1480.5,1063.4,0.7182708544410673
cell_3/comb_iter_2/left/AvgPool2D/AvgPool,CPU,4312.7,4170.1,0.9669348667887867
cell_3/comb_iter_2/left/AvgPool2D/AvgPool___tr4cell_3/comb_iter_2/combine/add,CPU,2571.5,2717.4,1.056737312852421
cell_3/prev_bn/FusedBatchNormV3___tr4cell_3/comb_iter_2/combine/add,OpenCL,1203.6,740.4,0.6151545363908275
cell_3/comb_iter_2/combine/add,CPU,1254.5,1185.4,0.9449182941410922
cell_3/comb_iter_3/left/AvgPool2D/AvgPool,CPU,4194.6,4167.6,0.9935631526248033
cell_3/comb_iter_3/right/AvgPool2D/AvgPool,CPU,4165.6,4177.9,1.0029527559055116
cell_3/comb_iter_3/left/AvgPool2D/AvgPool___tr4cell_3/comb_iter_3/combine/add,CPU,3120.8,2760.8,0.8846449628300436
cell_3/comb_iter_3/right/AvgPool2D/AvgPool___tr4cell_3/comb_iter_3/combine/add,CPU,2800.4,2747.1,0.9809670047136123
cell_3/comb_iter_3/combine/add,CPU,1277.7777777777778,1131.9,0.8858347826086956
cell_3/comb_iter_4/left/Relu,CPU,663.0,773.2,1.166214177978884
cell_3/comb_iter_4/left/separable_3x3_1/separable_conv2d/depthwise,CPU,2360.9,2321.3,0.9832267355669448
cell_3/comb_iter_4/left/separable_3x3_1/separable_conv2d,CPU,13865.7,13758.6,0.9922759038490664
cell_3/comb_iter_4/left/separable_3x3_2/separable_conv2d/depthwise,CPU,2356.4,2314.7,0.982303513834663
cell_3/comb_iter_4/left/separable_3x3_2/separable_conv2d,CPU,13785.8,13792.2,1.0004642458181607
cell_3/comb_iter_4/combine/add,CPU,1284.7,1241.2,0.9661399548532731
cell_3/comb_iter_2/combine/add___tr4cell_3/cell_output/concat,CPU,1100.4,960.9,0.8732279171210467
cell_3/comb_iter_3/combine/add___tr4cell_3/cell_output/concat,CPU,1025.4,933.8,0.9106690072166957
cell_3/cell_output/concat,CPU,3410.6,3299.8,0.9675130475576146
cell_5/Relu,OpenCL,7759.8,9117.6,1.1749787365653754
cell_5/prev_1x1/Conv2D,OpenCL,36750.2,37274.1,1.0142557047308587
cell_4/Relu,OpenCL,8292.2,9240.5,1.1143604833457947
cell_4/prev_1x1/Conv2D,OpenCL,36609.9,37386.2,1.021204646830502
cell_4/Relu_1,CPU,3618.6,6265.3,1.731415464544299
cell_4/1x1/Conv2D,CPU,88883.2,91585.4,1.0304016957085254
cell_4/comb_iter_0/left/Relu,OpenCL,1690.0,1756.8,1.039526627218935
cell_4/comb_iter_0/left/separable_5x5_1/separable_conv2d/depthwise,OpenCL,3440.2,3100.2,0.9011685367129818
cell_4/comb_iter_0/left/separable_5x5_1/separable_conv2d,OpenCL,7036.6,6671.4,0.9480999346275188
cell_4/comb_iter_0/left/separable_5x5_2/separable_conv2d/depthwise,OpenCL,3437.8,3252.5,0.9460992495200419
cell_4/comb_iter_0/left/separable_5x5_2/separable_conv2d,OpenCL,7025.4,6879.0,0.9791613288923051
cell_4/comb_iter_0/right/Relu,OpenCL,1148.9,807.6,0.7029332404909043
cell_4/comb_iter_0/right/separable_3x3_1/separable_conv2d/depthwise,OpenCL,2096.3,2351.8,1.1218814101035157
cell_4/comb_iter_0/right/separable_3x3_1/separable_conv2d,OpenCL,7052.0,6714.4,0.9521270561542824
cell_4/comb_iter_0/right/separable_3x3_2/separable_conv2d/depthwise,OpenCL,2106.4,1724.8,0.8188378275731104
cell_4/comb_iter_0/right/separable_3x3_2/separable_conv2d,OpenCL,7008.5,6707.3,0.957023614182778
cell_4/comb_iter_0/combine/add,OpenCL,1481.3,1107.4,0.7475865793559712
cell_4/comb_iter_1/left/Relu,OpenCL,1175.1,771.4,0.6564547698068249
cell_4/comb_iter_1/left/separable_5x5_1/separable_conv2d/depthwise,OpenCL,3424.9,3605.5,1.0527314666121639
cell_4/comb_iter_1/left/separable_5x5_1/separable_conv2d,OpenCL,7044.8,6667.5,0.9464427662957074
cell_4/comb_iter_1/left/separable_5x5_2/separable_conv2d/depthwise,OpenCL,3935.3,3142.2,0.7984651741925647
cell_4/comb_iter_1/left/separable_5x5_2/separable_conv2d,OpenCL,7128.6,6667.1,0.9352607805179137
cell_4/comb_iter_1/right/Relu,OpenCL,1198.2,803.7,0.670756134201302
cell_4/comb_iter_1/right/separable_3x3_1/separable_conv2d/depthwise,OpenCL,2121.3,2187.3,1.0311129967472776
cell_4/comb_iter_1/right/separable_3x3_1/separable_conv2d,OpenCL,7043.5,6684.7,0.9490594164832824
cell_4/comb_iter_1/right/separable_3x3_2/separable_conv2d/depthwise,OpenCL,2125.2,1745.9,0.8215226802183325
cell_4/comb_iter_1/right/separable_3x3_2/separable_conv2d,OpenCL,7044.3,7220.1,1.0249563476853627
cell_4/comb_iter_1/combine/add,OpenCL,1475.6,1083.4,0.7342098129574411
cell_4/comb_iter_2/left/AvgPool2D/AvgPool,CPU,4202.8,4092.0,0.9736366232035786
cell_4/comb_iter_2/left/AvgPool2D/AvgPool___tr4cell_4/comb_iter_2/combine/add,CPU,2517.2,2632.9,1.0459637692674402
cell_4/prev_bn/FusedBatchNormV3___tr4cell_4/comb_iter_2/combine/add,OpenCL,1149.9,905.2,0.7871988868597269
cell_4/comb_iter_2/combine/add,CPU,1191.2,1215.7,1.0205674949630625
cell_4/comb_iter_3/left/AvgPool2D/AvgPool,CPU,4364.1,4153.6,0.9517655415778741
cell_4/comb_iter_3/right/AvgPool2D/AvgPool,CPU,4131.9,4184.2,1.0126576151407343
cell_4/comb_iter_3/left/AvgPool2D/AvgPool___tr4cell_4/comb_iter_3/combine/add,CPU,3049.7,2777.8,0.9108436895432339
cell_4/comb_iter_3/right/AvgPool2D/AvgPool___tr4cell_4/comb_iter_3/combine/add,CPU,2843.1,2761.9,0.9714396257606135
cell_4/comb_iter_3/combine/add,CPU,1242.9,1138.4,0.9159224394561107
cell_4/comb_iter_4/left/Relu,CPU,643.1,1046.4,1.6271186440677967
cell_4/comb_iter_4/left/separable_3x3_1/separable_conv2d/depthwise,CPU,2364.4,2355.7,0.9963204195567584
cell_4/comb_iter_4/left/separable_3x3_1/separable_conv2d,CPU,13825.1,13780.2,0.9967522838894475
cell_4/comb_iter_4/left/separable_3x3_2/separable_conv2d/depthwise,CPU,2371.5,2281.0,0.9618384988403964
cell_4/comb_iter_4/left/separable_3x3_2/separable_conv2d,CPU,13856.5,13702.4,0.9888788655143795
cell_4/comb_iter_4/combine/add,CPU,1270.8,1128.3,0.8878659112370161
cell_4/comb_iter_2/combine/add___tr4cell_4/cell_output/concat,CPU,1062.4,952.2,0.8962725903614458
cell_4/comb_iter_3/combine/add___tr4cell_4/cell_output/concat,CPU,1018.5,961.0,0.9435444280805105
cell_4/cell_output/concat,CPU,3504.5,3326.0,0.9490654872307034
cell_5/Relu_1,OpenCL,7802.2,9182.7,1.1769372741021764
cell_5/1x1/Conv2D,OpenCL,36703.2,37196.6,1.013442969550339
cell_5/comb_iter_0/left/Relu,CPU,611.5555555555555,721.5,1.1797783430232558
cell_5/comb_iter_0/left/separable_5x5_1/separable_conv2d/depthwise,CPU,7715.2,7779.1,1.0082823517212776
cell_5/comb_iter_0/left/separable_5x5_1/separable_conv2d,CPU,13788.9,14072.1,1.0205382590344407
cell_5/comb_iter_0/left/separable_5x5_2/separable_conv2d/depthwise,CPU,7513.5,7788.9,1.0366540227590337
cell_5/comb_iter_0/left/separable_5x5_2/separable_conv2d,CPU,13815.1,14089.6,1.0198695630143828
cell_5/comb_iter_0/right/Relu,CPU,767.6,737.2,0.9603960396039605
cell_5/comb_iter_0/right/separable_3x3_1/separable_conv2d/depthwise,CPU,2372.4,2367.3,0.9978502781992918
cell_5/comb_iter_0/right/separable_3x3_1/separable_conv2d,CPU,13824.1,13798.0,0.998111992824126
cell_5/comb_iter_0/right/separable_3x3_2/separable_conv2d/depthwise,CPU,2333.7,2370.7,1.0158546514119209
cell_5/comb_iter_0/right/separable_3x3_2/separable_conv2d,CPU,13758.5,13830.2,1.0052113239088565
cell_5/comb_iter_0/combine/add,CPU,1319.1,1302.7,0.9875672807217043
cell_5/comb_iter_1/left/Relu,OpenCL,1171.4444444444443,812.7,0.6937588921559329
cell_5/comb_iter_1/left/separable_5x5_1/separable_conv2d/depthwise,OpenCL,3489.9,3082.7,0.8833204389810596
cell_5/comb_iter_1/left/separable_5x5_1/separable_conv2d,OpenCL,7059.9,6686.0,0.9470389098995737
cell_5/comb_iter_1/left/separable_5x5_2/separable_conv2d/depthwise,OpenCL,3950.0,3052.8,0.772860759493671
cell_5/comb_iter_1/left/separable_5x5_2/separable_conv2d,OpenCL,7089.0,6678.3,0.942065171392298
cell_5/comb_iter_1/right/Relu,OpenCL,1186.9,866.3,0.7298845732580671
cell_5/comb_iter_1/right/separable_3x3_1/separable_conv2d/depthwise,OpenCL,2151.8,2310.2,1.073612789292685
cell_5/comb_iter_1/right/separable_3x3_1/separable_conv2d,OpenCL,7042.4,6694.1,0.9505424287174827
cell_5/comb_iter_1/right/separable_3x3_2/separable_conv2d/depthwise,OpenCL,2104.9,2253.0,1.070359637037389
cell_5/comb_iter_1/right/separable_3x3_2/separable_conv2d,OpenCL,7043.0,6655.3,0.9449524350418856
cell_5/comb_iter_1/combine/add,OpenCL,1468.3,1077.4,0.7337737519580468
cell_5/comb_iter_2/left/AvgPool2D/AvgPool,CPU,4267.7,4179.8,0.9794034257328305
cell_5/comb_iter_2/left/AvgPool2D/AvgPool___tr4cell_5/comb_iter_2/combine/add,CPU,2426.2,2801.2,1.1545626906273185
cell_5/prev_bn/FusedBatchNormV3___tr4cell_5/comb_iter_2/combine/add,OpenCL,1134.111111111111,1194.9,1.0536004702655042
cell_5/comb_iter_2/combine/add,CPU,1190.5,1343.9,1.1288534229315415
cell_5/comb_iter_3/left/AvgPool2D/AvgPool,CPU,4162.1,4106.4,0.9866173325965256
cell_5/comb_iter_3/right/AvgPool2D/AvgPool,CPU,4203.0,4176.9,0.9937901498929336
cell_5/comb_iter_3/left/AvgPool2D/AvgPool___tr4cell_5/comb_iter_3/combine/add,CPU,3053.4,2789.6,0.9136045064518241
cell_5/comb_iter_3/right/AvgPool2D/AvgPool___tr4cell_5/comb_iter_3/combine/add,CPU,2999.1,2765.3,0.9220432796505619
cell_5/comb_iter_3/combine/add,CPU,1205.4,1146.7,0.9513024722083955
cell_5/comb_iter_4/left/Relu,OpenCL,1117.7,1306.5,1.1689183143956339
cell_5/comb_iter_4/left/separable_3x3_1/separable_conv2d/depthwise,OpenCL,2094.2,1661.8,0.7935249737369879
cell_5/comb_iter_4/left/separable_3x3_1/separable_conv2d,OpenCL,6991.4,6632.3,0.9486368967588753
cell_5/comb_iter_4/left/separable_3x3_2/separable_conv2d/depthwise,OpenCL,2477.1,1690.4,0.682410883694643
cell_5/comb_iter_4/left/separable_3x3_2/separable_conv2d,OpenCL,7016.2,6611.3,0.9422906986687951
cell_5/comb_iter_4/combine/add,OpenCL,1466.3,1045.6,0.7130873627497784
cell_5/comb_iter_2/combine/add___tr4cell_5/cell_output/concat,CPU,981.3,1052.6,1.0726587180271068
cell_5/comb_iter_3/combine/add___tr4cell_5/cell_output/concat,CPU,1313.6,998.6,0.7602009744214373
cell_5/cell_output/concat,CPU,3347.0,3500.8,1.0459515984463699
reduction_cell_0/Relu_1,OpenCL,7692.1,9081.8,1.1806658779787054
reduction_cell_0/1x1/Conv2D,OpenCL,71164.5,71855.5,1.0097098974910244
reduction_cell_0/comb_iter_1/left/MaxPool2D/MaxPool,CPU,3626.5,6282.1,1.7322762994622916
reduction_cell_0/Relu,OpenCL,7687.4,9160.6,1.191638265213206
reduction_cell_0/prev_1x1/Conv2D,OpenCL,71159.7,73939.0,1.0390572191844543
reduction_cell_0/comb_iter_1/right/Relu,CPU,1361.111111111111,1637.3,1.2029142857142856
reduction_cell_0/comb_iter_1/right/separable_7x7_1/separable_conv2d/depthwise,CPU,8991.2,11360.6,1.2635243349052405
reduction_cell_0/comb_iter_1/right/separable_7x7_1/separable_conv2d,CPU,13597.2,14365.0,1.0564675080163564
reduction_cell_0/comb_iter_1/right/separable_7x7_2/separable_conv2d/depthwise,CPU,8077.300000000001,8403.3,1.040360021294244
reduction_cell_0/comb_iter_1/right/separable_7x7_2/separable_conv2d,CPU,13638.6,13918.4,1.020515302157113
reduction_cell_0/comb_iter_1/left/MaxPool2D/MaxPool___tr4reduction_cell_0/comb_iter_1/combine/add,CPU,1501.2,1812.2,1.2071675992539301
reduction_cell_0/comb_iter_1/right/bn_sep_7x7_2/FusedBatchNormV3___tr4reduction_cell_0/comb_iter_1/combine/add,CPU,1382.2,951.4,0.6883229633916944
reduction_cell_0/comb_iter_1/combine/add,CPU,485.55555555555554,775.2,1.596521739130435
reduction_cell_0/comb_iter_2/left/AvgPool2D/AvgPool,OpenCL,1805.0,3365.2,1.864376731301939
reduction_cell_0/comb_iter_2/right/Relu,OpenCL,1478.9,1088.9,0.736290486172155
reduction_cell_0/comb_iter_2/right/separable_5x5_1/separable_conv2d/depthwise,OpenCL,3541.6,3012.7,0.8506607183194036
reduction_cell_0/comb_iter_2/right/separable_5x5_1/separable_conv2d,OpenCL,6725.6,6390.6,0.9501903175924824
reduction_cell_0/comb_iter_2/right/separable_5x5_2/separable_conv2d/depthwise,OpenCL,2263.9,1830.9,0.8087371350324661
reduction_cell_0/comb_iter_2/right/separable_5x5_2/separable_conv2d,OpenCL,6681.5,6870.3,1.0282571278904438
reduction_cell_0/comb_iter_2/left/AvgPool2D/AvgPool___tr4reduction_cell_0/comb_iter_2/combine/add,OpenCL,878.875,898.4,1.0222159010098137
reduction_cell_0/comb_iter_2/right/bn_sep_5x5_2/FusedBatchNormV3___tr4reduction_cell_0/comb_iter_2/combine/add,OpenCL,853.0,767.7,0.9
reduction_cell_0/comb_iter_2/combine/add,OpenCL,1355.25,1048.7,0.7738055709278732
reduction_cell_0/comb_iter_0/left/Relu,OpenCL,1480.2,2360.2,1.594514254830428
reduction_cell_0/comb_iter_0/left/separable_5x5_1/separable_conv2d/depthwise,OpenCL,3497.2,3276.9,0.9370067482557475
reduction_cell_0/comb_iter_0/left/separable_5x5_1/separable_conv2d,OpenCL,6744.5,6689.0,0.9917710727259248
reduction_cell_0/comb_iter_0/left/separable_5x5_2/separable_conv2d/depthwise,OpenCL,2245.7,2081.5,0.9268824865298126
reduction_cell_0/comb_iter_0/left/separable_5x5_2/separable_conv2d,OpenCL,6681.2,6589.0,0.9862000838172783
reduction_cell_0/comb_iter_0/right/Relu,OpenCL,1499.7,1648.5,1.0992198439687937
reduction_cell_0/comb_iter_0/right/separable_7x7_1/separable_conv2d/depthwise,OpenCL,5747.4,5121.4,0.8910811845356161
reduction_cell_0/comb_iter_0/right/separable_7x7_1/separable_conv2d,OpenCL,6742.7,7088.5,1.0512850935085352
reduction_cell_0/comb_iter_0/right/separable_7x7_2/separable_conv2d/depthwise,OpenCL,3256.4,3105.6,0.953691192728166
reduction_cell_0/comb_iter_0/right/separable_7x7_2/separable_conv2d,OpenCL,6701.6,6807.2,1.015757431061239
reduction_cell_0/comb_iter_0/combine/add,OpenCL,1204.2222222222222,1059.8,0.8800701236390478
reduction_cell_0/comb_iter_3/right/AvgPool2D/AvgPool,OpenCL,1581.4,2077.5,1.313709371443025
reduction_cell_0/comb_iter_3/right/AvgPool2D/AvgPool___tr4reduction_cell_0/comb_iter_3/combine/add,OpenCL,900.1,895.2,0.9945561604266193
reduction_cell_0/comb_iter_3/combine/add,OpenCL,1144.888888888889,2828.0,2.470108695652174
reduction_cell_0/comb_iter_4/left/Relu,CPU,359.55555555555554,432.3,1.202317676143387
reduction_cell_0/comb_iter_4/left/separable_3x3_1/separable_conv2d/depthwise,CPU,1329.9,3462.5,2.603579216482442
reduction_cell_0/comb_iter_4/left/separable_3x3_1/separable_conv2d,CPU,13700.2,31803.8,2.3214113662574265
reduction_cell_0/comb_iter_4/left/separable_3x3_2/separable_conv2d/depthwise,CPU,1317.8,2559.5,1.9422522385794507
reduction_cell_0/comb_iter_4/left/separable_3x3_2/separable_conv2d,CPU,13803.4,19506.6,1.413173565933031
reduction_cell_0/comb_iter_4/right/MaxPool2D/MaxPool,CPU,3717.9,6130.0,1.6487802253960568
reduction_cell_0/comb_iter_4/left/bn_sep_3x3_2/FusedBatchNormV3___tr4reduction_cell_0/comb_iter_4/combine/add,CPU,1634.6,985.3,0.6027774379052979
reduction_cell_0/comb_iter_4/right/MaxPool2D/MaxPool___tr4reduction_cell_0/comb_iter_4/combine/add,CPU,1428.4,1840.1,1.2882245869504338
reduction_cell_0/comb_iter_4/combine/add,CPU,546.6666666666666,621.1,1.136158536585366
reduction_cell_0/cell_output/concat,CPU,1769.8,1588.6,0.8976155497796361
cell_7/Relu,CPU,1402.1,1490.4,1.0629769631267385
cell_7/Relu___tr4cell_7/prev_1x1/Conv2D,CPU,2403.7,2388.9,0.9938428256437992
cell_7/prev_1x1/Conv2D,CPU,59755.3,65647.5,1.0986054793466018
cell_6/Relu,CPU,3691.1,6343.6,1.7186204654439057
cell_6/AvgPool2D,CPU,6290.8,10407.2,1.654352387613658
cell_6/path1_conv/Conv2D,CPU,23791.9,23909.1,1.0049260462594412
cell_6/Pad/paddings,CPU,0.0,0.2,0
cell_6/Pad_Gather_Index,CPU,1.0,0.2,0.2
cell_6/Pad_Gather,CPU,0.0,0.1,0
cell_6/Pad,CPU,6123.2,7004.3,1.1438953488372094
cell_6/strided_slice/stack,CPU,0.9,0.1,0.11111111111111112
cell_6/strided_slice/stack_1,CPU,1.0,0.1,0.1
cell_6/strided_slice/stack_2,CPU,0.0,0.4,0
cell_6/Pad___tr4cell_6/strided_slice,CPU,17761.7,19733.8,1.1110310386956204
cell_6/strided_slice,CPU,4215.4,4497.5,1.0669212886084358
cell_6/strided_slice___tr4cell_6/AvgPool2D_1,CPU,6136.7,7163.8,1.16737008489905
cell_6/AvgPool2D_1,CPU,6285.0,6500.5,1.034287987271281
cell_6/path2_conv/Conv2D,CPU,23417.4,25145.4,1.073791283404648
cell_6/concat,CPU,312.8,371.8,1.188618925831202
cell_6/final_path_bn/FusedBatchNormV3,CPU,283.6,536.9,1.893159379407616
cell_6/Relu_1,OpenCL,3354.2,4352.3,1.297567229145549
cell_6/Relu_1___tr4cell_6/1x1/Conv2D,OpenCL,3340.2,3974.0,1.1897491168193521
cell_6/1x1/Conv2D,OpenCL,23999.9,24373.7,1.0155750648961037
cell_6/comb_iter_0/left/Relu,OpenCL,1938.8,820.7,0.42330307406643286
cell_6/comb_iter_0/left/separable_5x5_1/separable_conv2d/depthwise,OpenCL,2342.0,1850.8,0.790264730999146
cell_6/comb_iter_0/left/separable_5x5_1/separable_conv2d,OpenCL,6853.7,6352.4,0.9268570261318704
cell_6/comb_iter_0/left/separable_5x5_2/separable_conv2d/depthwise,OpenCL,2369.8,1862.7,0.7860156975272174
cell_6/comb_iter_0/left/separable_5x5_2/separable_conv2d,OpenCL,6839.7,6409.8,0.9371463660686873
cell_6/comb_iter_0/right/Relu,OpenCL,1028.3333333333333,861.3,0.8375688816855754
cell_6/comb_iter_0/right/separable_3x3_1/separable_conv2d/depthwise,OpenCL,1583.1,1389.7,0.877834628261007
cell_6/comb_iter_0/right/separable_3x3_1/separable_conv2d,OpenCL,6830.3,6615.1,0.9684933311860388
cell_6/comb_iter_0/right/separable_3x3_2/separable_conv2d/depthwise,OpenCL,1618.7,1356.7,0.8381417186631247
cell_6/comb_iter_0/right/separable_3x3_2/separable_conv2d,OpenCL,6812.8,6678.7,0.9803164631282292
cell_6/comb_iter_0/combine/add,OpenCL,1316.7,847.0,0.6432748538011696
cell_6/comb_iter_1/left/Relu,OpenCL,1109.0,1232.1,1.1110009017132552
cell_6/comb_iter_1/left/separable_5x5_1/separable_conv2d/depthwise,OpenCL,2361.0,2329.4,0.9866158407454468
cell_6/comb_iter_1/left/separable_5x5_1/separable_conv2d,OpenCL,6945.6,6552.8,0.9434462105505643
cell_6/comb_iter_1/left/separable_5x5_2/separable_conv2d/depthwise,OpenCL,2370.1,2728.4,1.1511750559048142
cell_6/comb_iter_1/left/separable_5x5_2/separable_conv2d,OpenCL,6822.8,6460.7,0.9469279474702468
cell_6/comb_iter_1/right/Relu,OpenCL,942.0,661.8,0.7025477707006369
cell_6/comb_iter_1/right/separable_3x3_1/separable_conv2d/depthwise,OpenCL,1469.4,1083.8,0.737579964611406
cell_6/comb_iter_1/right/separable_3x3_1/separable_conv2d,OpenCL,6970.7,6490.8,0.9311546903467371
cell_6/comb_iter_1/right/separable_3x3_2/separable_conv2d/depthwise,OpenCL,1592.4,1084.7,0.681173072092439
cell_6/comb_iter_1/right/separable_3x3_2/separable_conv2d,OpenCL,6762.6,6378.0,0.9431283825747493
cell_6/comb_iter_1/combine/add,OpenCL,1296.9,852.1,0.6570282982496722
cell_6/comb_iter_2/left/AvgPool2D/AvgPool,CPU,2299.6,2267.2,0.9859105931466342
cell_6/comb_iter_2/left/AvgPool2D/AvgPool___tr4cell_6/comb_iter_2/combine/add,CPU,918.7777777777778,1198.6,1.3045591970008463
cell_6/final_path_bn/FusedBatchNormV3___tr4cell_6/comb_iter_2/combine/add,CPU,1519.4,1498.1,0.9859813084112148
cell_6/comb_iter_2/combine/add,CPU,489.5,586.4,1.1979570990806945
cell_6/comb_iter_3/left/AvgPool2D/AvgPool,CPU,2179.0,2174.2,0.9977971546580999
cell_6/comb_iter_3/right/AvgPool2D/AvgPool,CPU,2000.8,2243.5,1.1213014794082368
cell_6/comb_iter_3/left/AvgPool2D/AvgPool___tr4cell_6/comb_iter_3/combine/add,CPU,1678.4,1540.0,0.9175405147759771
cell_6/comb_iter_3/right/AvgPool2D/AvgPool___tr4cell_6/comb_iter_3/combine/add,CPU,1603.5,1491.5,0.9301527907701902
cell_6/comb_iter_3/combine/add,CPU,581.5,632.5,1.0877042132416166
cell_6/comb_iter_4/left/Relu,CPU,320.0,266.3,0.8321875000000001
cell_6/comb_iter_4/left/separable_3x3_1/separable_conv2d/depthwise,CPU,1398.5,1409.1,1.0075795495173399
cell_6/comb_iter_4/left/separable_3x3_1/separable_conv2d,CPU,13762.1,13579.2,0.9867098771263106
cell_6/comb_iter_4/left/separable_3x3_2/separable_conv2d/depthwise,CPU,1343.4,1348.9,1.0040940896233437
cell_6/comb_iter_4/left/separable_3x3_2/separable_conv2d,CPU,13928.9,13428.9,0.9641034108938968
cell_6/comb_iter_4/combine/add,CPU,631.3,645.5,1.0224932678599716
cell_6/comb_iter_2/combine/add___tr4cell_6/cell_output/concat,CPU,756.6,415.9,0.549696008458895
cell_6/comb_iter_3/combine/add___tr4cell_6/cell_output/concat,CPU,434.1,498.3,1.147892190739461
cell_6/cell_output/concat,CPU,2009.9999999999998,1717.3,0.8543781094527364
cell_7/Relu_1,OpenCL,4761.3,4427.3,0.9298510910885682
cell_7/1x1/Conv2D,OpenCL,35665.9,35397.9,0.9924858197886497
cell_7/comb_iter_0/left/Relu,CPU,185.66666666666666,389.7,2.098922800718133
cell_7/comb_iter_0/left/separable_5x5_1/separable_conv2d/depthwise,CPU,4306.0,5729.0,1.3304691128657686
cell_7/comb_iter_0/left/separable_5x5_1/separable_conv2d,CPU,13804.6,16608.8,1.2031351868217839
cell_7/comb_iter_0/left/separable_5x5_2/separable_conv2d/depthwise,CPU,3953.2,4577.9,1.1580238793888495
cell_7/comb_iter_0/left/separable_5x5_2/separable_conv2d,CPU,13692.6,14633.9,1.068745161620145
cell_7/comb_iter_0/right/Relu,CPU,413.7,289.1,0.6988155668358714
cell_7/comb_iter_0/right/separable_3x3_1/separable_conv2d/depthwise,CPU,1383.6,1405.6,1.0159005492917028
cell_7/comb_iter_0/right/separable_3x3_1/separable_conv2d,CPU,13787.3,14193.7,1.0294764021962242
cell_7/comb_iter_0/right/separable_3x3_2/separable_conv2d/depthwise,CPU,1307.8,1330.2,1.0171280012234287
cell_7/comb_iter_0/right/separable_3x3_2/separable_conv2d,CPU,13658.5,13614.7,0.9967932056960868
cell_7/comb_iter_0/combine/add,CPU,601.4444444444445,621.8,1.0338444485497875
cell_7/comb_iter_1/left/Relu,OpenCL,1081.7,1221.4,1.1291485624479987
cell_7/comb_iter_1/left/separable_5x5_1/separable_conv2d/depthwise,OpenCL,2335.7,2348.9,1.0056514107119923
cell_7/comb_iter_1/left/separable_5x5_1/separable_conv2d,OpenCL,6766.7,6615.0,0.9775813912246738
cell_7/comb_iter_1/left/separable_5x5_2/separable_conv2d/depthwise,OpenCL,2343.6,2007.4,0.8565454855777437
cell_7/comb_iter_1/left/separable_5x5_2/separable_conv2d,OpenCL,6765.4,6428.7,0.9502320631448251
cell_7/comb_iter_1/right/Relu,OpenCL,1024.888888888889,690.5,0.6737315698178664
cell_7/comb_iter_1/right/separable_3x3_1/separable_conv2d/depthwise,OpenCL,1616.625,1081.1,0.6687388850228098
cell_7/comb_iter_1/right/separable_3x3_1/separable_conv2d,OpenCL,6783.8,6431.3,0.9480379728175948
cell_7/comb_iter_1/right/separable_3x3_2/separable_conv2d/depthwise,OpenCL,1570.5,1169.5,0.7446673034065584
cell_7/comb_iter_1/right/separable_3x3_2/separable_conv2d,OpenCL,6828.4,6395.9,0.936661589830707
cell_7/comb_iter_1/combine/add,OpenCL,1289.125,772.9,0.5995539610200717
cell_7/comb_iter_2/left/AvgPool2D/AvgPool,CPU,2310.0,3012.6,1.304155844155844
cell_7/comb_iter_2/left/AvgPool2D/AvgPool___tr4cell_7/comb_iter_2/combine/add,CPU,725.6,1340.4,1.8472987872105844
cell_7/prev_bn/FusedBatchNormV3___tr4cell_7/comb_iter_2/combine/add,CPU,1604.3,953.8,0.5945272081281555
cell_7/comb_iter_2/combine/add,CPU,475.1111111111111,624.0,1.313376987839102
cell_7/comb_iter_3/left/AvgPool2D/AvgPool,CPU,2274.0,2071.9,0.9111257695690413
cell_7/comb_iter_3/right/AvgPool2D/AvgPool,CPU,2154.2,2118.9,0.9836134063689538
cell_7/comb_iter_3/left/AvgPool2D/AvgPool___tr4cell_7/comb_iter_3/combine/add,CPU,1458.9,1535.2,1.052299677839468
cell_7/comb_iter_3/right/AvgPool2D/AvgPool___tr4cell_7/comb_iter_3/combine/add,CPU,1171.1,1434.3,1.2247459653317394
cell_7/comb_iter_3/combine/add,CPU,539.5,608.2,1.1273401297497685
cell_7/comb_iter_4/left/Relu,CPU,364.8,431.1,1.1817434210526316
cell_7/comb_iter_4/left/separable_3x3_1/separable_conv2d/depthwise,CPU,1411.8,3102.9,2.1978325541861454
cell_7/comb_iter_4/left/separable_3x3_1/separable_conv2d,CPU,13740.2,35514.1,2.5846858124335887
cell_7/comb_iter_4/left/separable_3x3_2/separable_conv2d/depthwise,CPU,1296.8,3018.8,2.3278840222085133
cell_7/comb_iter_4/left/separable_3x3_2/separable_conv2d,CPU,13804.9,20834.4,1.5092032539170877
cell_7/comb_iter_4/combine/add,CPU,601.3,668.5,1.111757857974389
cell_7/comb_iter_2/combine/add___tr4cell_7/cell_output/concat,CPU,448.2,432.8,0.9656403391343151
cell_7/comb_iter_3/combine/add___tr4cell_7/cell_output/concat,CPU,530.9,466.4,0.8785081936334527
cell_7/cell_output/concat,CPU,2118.8,1829.7,0.863554842363602
cell_9/Relu,OpenCL,4670.3,6925.4,1.48285977346209
cell_9/prev_1x1/Conv2D,OpenCL,35890.6,36515.6,1.017414030414649
cell_8/Relu,OpenCL,5080.7,5721.2,1.126065305961777
cell_8/prev_1x1/Conv2D,OpenCL,35558.0,36488.9,1.0261797626413185
cell_8/Relu_1,OpenCL,4902.0,4395.5,0.8966748266013872
cell_8/1x1/Conv2D,OpenCL,35724.6,35723.9,0.9999804056588458
cell_8/comb_iter_0/left/Relu,CPU,401.6,368.2,0.9168326693227091
cell_8/comb_iter_0/left/separable_5x5_1/separable_conv2d/depthwise,CPU,4386.7,5892.6,1.3432876649873482
cell_8/comb_iter_0/left/separable_5x5_1/separable_conv2d,CPU,14213.4,17904.3,1.2596774874414285
cell_8/comb_iter_0/left/separable_5x5_2/separable_conv2d/depthwise,CPU,4147.3,5195.3,1.252694524148241
cell_8/comb_iter_0/left/separable_5x5_2/separable_conv2d,CPU,13813.1,14946.0,1.082016346801225
cell_8/comb_iter_0/right/Relu,CPU,403.8,328.4,0.8132738979692916
cell_8/comb_iter_0/right/separable_3x3_1/separable_conv2d/depthwise,CPU,1387.8,1562.9,1.126170917999712
cell_8/comb_iter_0/right/separable_3x3_1/separable_conv2d,CPU,13714.3,14563.4,1.0619134771734613
cell_8/comb_iter_0/right/separable_3x3_2/separable_conv2d/depthwise,CPU,1327.1,1333.7,1.0049732499434858
cell_8/comb_iter_0/right/separable_3x3_2/separable_conv2d,CPU,13720.8,13580.1,0.9897454958894526
cell_8/comb_iter_0/combine/add,CPU,579.2,623.7,1.0768301104972375
cell_8/comb_iter_1/left/Relu,OpenCL,1088.8,952.2,0.874540778839089
cell_8/comb_iter_1/left/separable_5x5_1/separable_conv2d/depthwise,OpenCL,2316.3,2204.7,0.9518197124724775
cell_8/comb_iter_1/left/separable_5x5_1/separable_conv2d,OpenCL,6736.5,6828.1,1.0135975655013731
cell_8/comb_iter_1/left/separable_5x5_2/separable_conv2d/depthwise,OpenCL,2367.9,2189.5,0.9246589805312724
cell_8/comb_iter_1/left/separable_5x5_2/separable_conv2d,OpenCL,6840.3,6719.9,0.982398432817274
cell_8/comb_iter_1/right/Relu,OpenCL,1079.4,994.7,0.9215304798962386
cell_8/comb_iter_1/right/separable_3x3_1/separable_conv2d/depthwise,OpenCL,1608.2222222222222,1408.5,0.875811800469808
cell_8/comb_iter_1/right/separable_3x3_1/separable_conv2d,OpenCL,7030.1,6692.8,0.9520205971465555
cell_8/comb_iter_1/right/separable_3x3_2/separable_conv2d/depthwise,OpenCL,1617.4,2949.6,1.8236676146902435
cell_8/comb_iter_1/right/separable_3x3_2/separable_conv2d,OpenCL,6805.9,6709.9,0.985894591457412
cell_8/comb_iter_1/combine/add,OpenCL,1322.4444444444443,1090.3,0.8244580742732314
cell_8/comb_iter_2/left/AvgPool2D/AvgPool,OpenCL,1751.1,2569.2,1.4671920507109817
cell_8/comb_iter_2/left/AvgPool2D/AvgPool___tr4cell_8/comb_iter_2/combine/add,OpenCL,1066.3,805.1,0.7550407952733753
cell_8/prev_bn/FusedBatchNormV3___tr4cell_8/comb_iter_2/combine/add,OpenCL,1060.3333333333333,1078.5,1.0171329770512418
cell_8/comb_iter_2/combine/add,OpenCL,1265.1,1037.7,0.8202513635285749
cell_8/comb_iter_3/left/AvgPool2D/AvgPool,OpenCL,1722.2,2666.5,1.5483103007780745
cell_8/comb_iter_3/right/AvgPool2D/AvgPool,OpenCL,1690.8,1798.3,1.0635793707120889
cell_8/comb_iter_3/left/AvgPool2D/AvgPool___tr4cell_8/comb_iter_3/combine/add,OpenCL,1059.4444444444443,910.3,0.8592239119035134
cell_8/comb_iter_3/right/AvgPool2D/AvgPool___tr4cell_8/comb_iter_3/combine/add,OpenCL,1094.888888888889,884.3,0.8076618632027602
cell_8/comb_iter_3/combine/add,OpenCL,1279.3,1135.1,0.8872821074024857
cell_8/comb_iter_4/left/Relu,CPU,326.0,482.5,1.4800613496932515
cell_8/comb_iter_4/left/separable_3x3_1/separable_conv2d/depthwise,CPU,1365.0,3878.6,2.8414652014652013
cell_8/comb_iter_4/left/separable_3x3_1/separable_conv2d,CPU,13744.6,37465.7,2.725848696942799
cell_8/comb_iter_4/left/separable_3x3_2/separable_conv2d/depthwise,CPU,1338.9,3050.2,2.2781387706326086
cell_8/comb_iter_4/left/separable_3x3_2/separable_conv2d,CPU,13678.6,25920.1,1.8949380784583216
cell_8/comb_iter_4/combine/add,CPU,544.5555555555555,687.9,1.2632319934707203
cell_8/comb_iter_2/combine/add___tr4cell_8/cell_output/concat,OpenCL,1109.3,828.2,0.7465969530334445
cell_8/comb_iter_3/combine/add___tr4cell_8/cell_output/concat,OpenCL,1145.5,959.2,0.8373635966826714
cell_8/cell_output/concat,CPU,2102.8,1723.5,0.8196214571048126
cell_9/Relu_1,OpenCL,4685.8,5569.4,1.1885697212855861
cell_9/1x1/Conv2D,OpenCL,35945.8,35911.6,0.9990485675656126
cell_9/comb_iter_0/left/Relu,OpenCL,1112.0,907.9,0.816456834532374
cell_9/comb_iter_0/left/separable_5x5_1/separable_conv2d/depthwise,OpenCL,2263.9,2150.5,0.9499094482971863
cell_9/comb_iter_0/left/separable_5x5_1/separable_conv2d,OpenCL,6731.1,6569.2,0.9759474677244432
cell_9/comb_iter_0/left/separable_5x5_2/separable_conv2d/depthwise,OpenCL,2286.8888888888887,2019.3,0.8829899912544943
cell_9/comb_iter_0/left/separable_5x5_2/separable_conv2d,OpenCL,6755.2,6516.8,0.9647086688773094
cell_9/comb_iter_0/right/Relu,OpenCL,1039.5,857.9,0.8253006253006253
cell_9/comb_iter_0/right/separable_3x3_1/separable_conv2d/depthwise,OpenCL,1544.111111111111,1295.7,0.8391235518457222
cell_9/comb_iter_0/right/separable_3x3_1/separable_conv2d,OpenCL,6750.6,6676.7,0.9890528249340799
cell_9/comb_iter_0/right/separable_3x3_2/separable_conv2d/depthwise,OpenCL,1561.5,1712.0,1.096381684277938
cell_9/comb_iter_0/right/separable_3x3_2/separable_conv2d,OpenCL,6712.3,6612.3,0.9851019769676564
cell_9/comb_iter_0/combine/add,OpenCL,1232.2,967.5,0.7851809771141048
cell_9/comb_iter_1/left/Relu,OpenCL,1062.7,901.2,0.8480286063799756
cell_9/comb_iter_1/left/separable_5x5_1/separable_conv2d/depthwise,OpenCL,2311.3,2236.0,0.9674209319430622
cell_9/comb_iter_1/left/separable_5x5_1/separable_conv2d,OpenCL,6725.6,6670.3,0.9917776852622814
cell_9/comb_iter_1/left/separable_5x5_2/separable_conv2d/depthwise,OpenCL,2306.8,2151.4,0.9326339517946939
cell_9/comb_iter_1/left/separable_5x5_2/separable_conv2d,OpenCL,6804.6,6632.3,0.974678893689563
cell_9/comb_iter_1/right/Relu,OpenCL,1018.2,879.3,0.8635827931644077
cell_9/comb_iter_1/right/separable_3x3_1/separable_conv2d/depthwise,OpenCL,1538.4,1333.9,0.8670696827873114
cell_9/comb_iter_1/right/separable_3x3_1/separable_conv2d,OpenCL,7035.6,6647.1,0.9447808289271704
cell_9/comb_iter_1/right/separable_3x3_2/separable_conv2d/depthwise,OpenCL,1552.9,1376.1,0.8861484963616458
cell_9/comb_iter_1/right/separable_3x3_2/separable_conv2d,OpenCL,6735.5,6657.8,0.9884641080840324
cell_9/comb_iter_1/combine/add,OpenCL,1233.1,1040.0,0.8434028059362583
cell_9/comb_iter_2/left/AvgPool2D/AvgPool,OpenCL,1603.2222222222222,1605.2,1.0012336267239588
cell_9/comb_iter_2/left/AvgPool2D/AvgPool___tr4cell_9/comb_iter_2/combine/add,OpenCL,940.5555555555555,892.8,0.9492262256349675
cell_9/prev_bn/FusedBatchNormV3___tr4cell_9/comb_iter_2/combine/add,OpenCL,965.5555555555555,1087.6,1.126398158803222
cell_9/comb_iter_2/combine/add,OpenCL,1209.5,1097.0,0.9069863579991733
cell_9/comb_iter_3/left/AvgPool2D/AvgPool,OpenCL,1612.0,3475.1,2.1557692307692307
cell_9/comb_iter_3/right/AvgPool2D/AvgPool,OpenCL,1567.6666666666667,1613.3,1.029109079311078
cell_9/comb_iter_3/left/AvgPool2D/AvgPool___tr4cell_9/comb_iter_3/combine/add,OpenCL,1001.6,825.4,0.8240814696485622
cell_9/comb_iter_3/right/AvgPool2D/AvgPool___tr4cell_9/comb_iter_3/combine/add,OpenCL,945.2222222222222,912.7,0.9655930410250383
cell_9/comb_iter_3/combine/add,OpenCL,1196.6,1061.6,0.8871803443088752
cell_9/comb_iter_4/left/Relu,CPU,294.0,424.6,1.44421768707483
cell_9/comb_iter_4/left/separable_3x3_1/separable_conv2d/depthwise,CPU,1313.7,3088.4,2.3509172566034864
cell_9/comb_iter_4/left/separable_3x3_1/separable_conv2d,CPU,13866.4,34205.5,2.4667902267351294
cell_9/comb_iter_4/left/separable_3x3_2/separable_conv2d/depthwise,CPU,1390.2,2932.8,2.109624514458351
cell_9/comb_iter_4/left/separable_3x3_2/separable_conv2d,CPU,13731.6,21446.7,1.5618500393253518
cell_9/comb_iter_4/combine/add,CPU,670.0,383.7,0.5726865671641791
cell_9/comb_iter_2/combine/add___tr4cell_9/cell_output/concat,OpenCL,1007.2999999999998,858.4,0.8521790926238461
cell_9/comb_iter_3/combine/add___tr4cell_9/cell_output/concat,OpenCL,948.9,913.6,0.9627990304563179
cell_9/cell_output/concat,CPU,2102.7,1877.3,0.8928044894659248
cell_11/Relu,OpenCL,4686.8,8523.6,1.8186395835111377
cell_11/prev_1x1/Conv2D,OpenCL,35751.2,36746.4,1.0278368278547294
cell_10/Relu,OpenCL,5107.7,5470.6,1.0710495917927836
cell_10/prev_1x1/Conv2D,OpenCL,35547.8,36265.9,1.0202009688363274
cell_10/Relu_1,OpenCL,4819.4,4423.1,0.917769846868905
cell_10/1x1/Conv2D,OpenCL,35505.9,35910.7,1.0114009221002704
cell_10/comb_iter_0/left/Relu,CPU,189.11111111111111,423.8,2.2410105757931844
cell_10/comb_iter_0/left/separable_5x5_1/separable_conv2d/depthwise,CPU,4334.2,5880.1,1.3566748188823776
cell_10/comb_iter_0/left/separable_5x5_1/separable_conv2d,CPU,13808.8,17171.9,1.243547592839349
cell_10/comb_iter_0/left/separable_5x5_2/separable_conv2d/depthwise,CPU,3948.5,4568.2,1.1569456755730023
cell_10/comb_iter_0/left/separable_5x5_2/separable_conv2d,CPU,13808.2,14718.4,1.0659173534566415
cell_10/comb_iter_0/right/Relu,CPU,408.625,338.5,0.828387886203732
cell_10/comb_iter_0/right/separable_3x3_1/separable_conv2d/depthwise,CPU,1382.6,1445.3,1.04534934181976
cell_10/comb_iter_0/right/separable_3x3_1/separable_conv2d,CPU,13896.4,14230.7,1.0240565901960221
cell_10/comb_iter_0/right/separable_3x3_2/separable_conv2d/depthwise,CPU,1356.2,1318.4,0.972128004719068
cell_10/comb_iter_0/right/separable_3x3_2/separable_conv2d,CPU,13933.8,13543.8,0.9720105068251302
cell_10/comb_iter_0/combine/add,CPU,671.7,621.0,0.9245198749441714
cell_10/comb_iter_1/left/Relu,CPU,359.5,311.8,0.8673157162726008
cell_10/comb_iter_1/left/separable_5x5_1/separable_conv2d/depthwise,CPU,4376.1,5954.9,1.3607778615662345
cell_10/comb_iter_1/left/separable_5x5_1/separable_conv2d,CPU,13877.3,17727.9,1.2774747249104654
cell_10/comb_iter_1/left/separable_5x5_2/separable_conv2d/depthwise,CPU,4254.8,4801.4,1.1284666729340977
cell_10/comb_iter_1/left/separable_5x5_2/separable_conv2d,CPU,13792.4,15164.7,1.0994968243380414
cell_10/comb_iter_1/right/Relu,CPU,362.1111111111111,379.6,1.0482970236268796
cell_10/comb_iter_1/right/separable_3x3_1/separable_conv2d/depthwise,CPU,1384.6,1543.9,1.1150512783475373
cell_10/comb_iter_1/right/separable_3x3_1/separable_conv2d,CPU,13840.4,15008.8,1.0844195254472413
cell_10/comb_iter_1/right/separable_3x3_2/separable_conv2d/depthwise,CPU,1388.5,1370.5,0.9870363701836514
cell_10/comb_iter_1/right/separable_3x3_2/separable_conv2d,CPU,13781.7,13621.9,0.988404913762453
cell_10/comb_iter_1/combine/add,CPU,670.3,670.0,0.9995524392063256
cell_10/comb_iter_2/left/AvgPool2D/AvgPool,OpenCL,1690.0,1512.4,0.8949112426035504
cell_10/comb_iter_2/left/AvgPool2D/AvgPool___tr4cell_10/comb_iter_2/combine/add,OpenCL,973.625,739.5,0.759532674284247
cell_10/prev_bn/FusedBatchNormV3___tr4cell_10/comb_iter_2/combine/add,OpenCL,831.7142857142857,1501.4,1.8051872208862936
cell_10/comb_iter_2/combine/add,OpenCL,1259.7,909.0,0.7216003810431054
cell_10/comb_iter_3/left/AvgPool2D/AvgPool,OpenCL,1662.8,1506.4,0.9059417849410634
cell_10/comb_iter_3/right/AvgPool2D/AvgPool,OpenCL,1716.4,1522.6,0.8870892565835469
cell_10/comb_iter_3/left/AvgPool2D/AvgPool___tr4cell_10/comb_iter_3/combine/add,OpenCL,1078.2,859.0,0.7966982007048785
cell_10/comb_iter_3/right/AvgPool2D/AvgPool___tr4cell_10/comb_iter_3/combine/add,OpenCL,1060.6666666666667,768.2,0.7242614707730987
cell_10/comb_iter_3/combine/add,OpenCL,1252.111111111111,987.1,0.7883485668648506
cell_10/comb_iter_4/left/Relu,CPU,305.8888888888889,448.3,1.4655648383581548
cell_10/comb_iter_4/left/separable_3x3_1/separable_conv2d/depthwise,CPU,1306.6,3552.0,2.7185060462268487
cell_10/comb_iter_4/left/separable_3x3_1/separable_conv2d,CPU,13994.8,36750.7,2.6260253808557463
cell_10/comb_iter_4/left/separable_3x3_2/separable_conv2d/depthwise,CPU,1341.9,2416.1,1.8005067441687157
cell_10/comb_iter_4/left/separable_3x3_2/separable_conv2d,CPU,13804.7,18955.0,1.3730830804001535
cell_10/comb_iter_4/combine/add,CPU,646.1,692.7,1.072125058040551
cell_10/comb_iter_2/combine/add___tr4cell_10/cell_output/concat,OpenCL,1080.6,672.7,0.6225245234129189
cell_10/comb_iter_3/combine/add___tr4cell_10/cell_output/concat,OpenCL,1026.0,804.3,0.7839181286549707
cell_10/cell_output/concat,CPU,2119.7,1774.8,0.8372882955135161
cell_11/Relu_1,OpenCL,4697.5,6495.4,1.382735497605109
cell_11/1x1/Conv2D,OpenCL,35790.4,35961.3,1.0047750234699808
cell_11/comb_iter_0/left/Relu,CPU,186.25,435.9,2.340402684563758
cell_11/comb_iter_0/left/separable_5x5_1/separable_conv2d/depthwise,CPU,4329.5,8233.7,1.9017669476844903
cell_11/comb_iter_0/left/separable_5x5_1/separable_conv2d,CPU,13610.2,25626.6,1.8828966510411307
cell_11/comb_iter_0/left/separable_5x5_2/separable_conv2d/depthwise,CPU,3969.7,6527.8,1.6444063783157419
cell_11/comb_iter_0/left/separable_5x5_2/separable_conv2d,CPU,13606.8,19954.4,1.466502043096099
cell_11/comb_iter_0/right/Relu,CPU,369.2,263.2,0.7128927410617552
cell_11/comb_iter_0/right/separable_3x3_1/separable_conv2d/depthwise,CPU,1368.5,1930.1,1.4103763244428205
cell_11/comb_iter_0/right/separable_3x3_1/separable_conv2d,CPU,13733.9,17539.8,1.2771172063288652
cell_11/comb_iter_0/right/separable_3x3_2/separable_conv2d/depthwise,CPU,1279.7,1544.5,1.2069234976947723
cell_11/comb_iter_0/right/separable_3x3_2/separable_conv2d,CPU,13842.5,15143.4,1.093978688820661
cell_11/comb_iter_0/combine/add,CPU,573.2,619.3,1.0804256803907883
cell_11/comb_iter_1/left/Relu,OpenCL,1099.3,1991.2,1.811334485581734
cell_11/comb_iter_1/left/separable_5x5_1/separable_conv2d/depthwise,OpenCL,2365.7,2180.7,0.9217990446802214
cell_11/comb_iter_1/left/separable_5x5_1/separable_conv2d,OpenCL,6815.2,6676.3,0.9796190867472708
cell_11/comb_iter_1/left/separable_5x5_2/separable_conv2d/depthwise,OpenCL,2333.0,2170.7,0.9304329189884268
cell_11/comb_iter_1/left/separable_5x5_2/separable_conv2d,OpenCL,6765.5,6701.6,0.9905550218017886
cell_11/comb_iter_1/right/Relu,OpenCL,1061.6666666666667,887.0,0.8354788069073783
cell_11/comb_iter_1/right/separable_3x3_1/separable_conv2d/depthwise,OpenCL,1692.2222222222222,1393.5,0.823473407747866
cell_11/comb_iter_1/right/separable_3x3_1/separable_conv2d,OpenCL,6839.0,6721.9,0.9828776136862114
cell_11/comb_iter_1/right/separable_3x3_2/separable_conv2d/depthwise,OpenCL,1591.9,1381.5,0.8678308939003706
cell_11/comb_iter_1/right/separable_3x3_2/separable_conv2d,OpenCL,6806.3,6537.1,0.9604484080925025
cell_11/comb_iter_1/combine/add,OpenCL,1284.1,944.2,0.7353009890195469
cell_11/comb_iter_2/left/AvgPool2D/AvgPool,CPU,2256.3,3225.6,1.4295971280414836
cell_11/comb_iter_2/left/AvgPool2D/AvgPool___tr4cell_11/comb_iter_2/combine/add,CPU,736.6666666666666,1655.0,2.246606334841629
cell_11/prev_bn/FusedBatchNormV3___tr4cell_11/comb_iter_2/combine/add,OpenCL,1044.2222222222222,1248.3,1.1954351989785061
cell_11/comb_iter_2/combine/add,CPU,645.3,859.5,1.3319386331938634
cell_11/comb_iter_3/left/AvgPool2D/AvgPool,OpenCL,1672.0,3089.6,1.847846889952153
cell_11/comb_iter_3/right/AvgPool2D/AvgPool,OpenCL,1716.7,1671.1,0.9734374089823498
cell_11/comb_iter_3/left/AvgPool2D/AvgPool___tr4cell_11/comb_iter_3/combine/add,OpenCL,1060.3,2316.7,2.184947656323682
cell_11/comb_iter_3/right/AvgPool2D/AvgPool___tr4cell_11/comb_iter_3/combine/add,OpenCL,1076.8,893.7,0.8299591381872214
cell_11/comb_iter_3/combine/add,OpenCL,1240.0,1087.2,0.8767741935483871
cell_11/comb_iter_4/left/Relu,OpenCL,1099.8,848.6,0.7715948354246227
cell_11/comb_iter_4/left/separable_3x3_1/separable_conv2d/depthwise,OpenCL,1617.3,1249.2,0.7723984418475237
cell_11/comb_iter_4/left/separable_3x3_1/separable_conv2d,OpenCL,6814.8,6497.1,0.9533808769149499
cell_11/comb_iter_4/left/separable_3x3_2/separable_conv2d/depthwise,OpenCL,1581.4,1227.5,0.7762109523207285
cell_11/comb_iter_4/left/separable_3x3_2/separable_conv2d,OpenCL,6781.0,6448.1,0.9509069458781891
cell_11/comb_iter_4/combine/add,OpenCL,1269.1,877.5,0.6914348751083446
cell_11/comb_iter_2/combine/add___tr4cell_11/cell_output/concat,CPU,428.9,619.8,1.4450920960596876
cell_11/comb_iter_3/combine/add___tr4cell_11/cell_output/concat,OpenCL,1025.3333333333333,1118.5,1.0908647594278285
cell_11/cell_output/concat,CPU,2074.4,1703.0,0.8209602776706517
reduction_cell_1/Relu_1,OpenCL,4714.0,5665.7,1.2018879932117097
reduction_cell_1/1x1/Conv2D,OpenCL,70546.9,71743.4,1.0169603483639962
reduction_cell_1/comb_iter_1/left/MaxPool2D/MaxPool,CPU,1865.4,2005.2,1.0749437118044387
reduction_cell_1/Relu,OpenCL,4713.8,8121.7,1.7229623658195086
reduction_cell_1/prev_1x1/Conv2D,OpenCL,70474.7,72200.9,1.0244938963911872
reduction_cell_1/comb_iter_1/right/Relu,CPU,640.0,775.0,1.2109375
reduction_cell_1/comb_iter_1/right/separable_7x7_1/separable_conv2d/depthwise,CPU,6350.1,7761.9,1.222327207445552
reduction_cell_1/comb_iter_1/right/separable_7x7_1/separable_conv2d,CPU,20940.8,16224.8,0.7747937041564792
reduction_cell_1/comb_iter_1/right/separable_7x7_2/separable_conv2d/depthwise,CPU,4590.4,4638.5,1.0104783896828164
reduction_cell_1/comb_iter_1/right/separable_7x7_2/separable_conv2d,CPU,21283.3,15885.9,0.74640210869555
reduction_cell_1/comb_iter_1/left/MaxPool2D/MaxPool___tr4reduction_cell_1/comb_iter_1/combine/add,CPU,847.4,682.0,0.8048147274014633
reduction_cell_1/comb_iter_1/right/bn_sep_7x7_2/FusedBatchNormV3___tr4reduction_cell_1/comb_iter_1/combine/add,CPU,529.1,218.8,0.41353241353241355
reduction_cell_1/comb_iter_1/combine/add,CPU,212.9,309.0,1.4513856270549554
reduction_cell_1/comb_iter_2/left/AvgPool2D/AvgPool,OpenCL,1724.1,2219.5,1.2873383214430718
reduction_cell_1/comb_iter_2/right/Relu,OpenCL,1482.4,1158.3,0.781368051807879
reduction_cell_1/comb_iter_2/right/separable_5x5_1/separable_conv2d/depthwise,OpenCL,2344.9,1983.6,0.8459209347946607
reduction_cell_1/comb_iter_2/right/separable_5x5_1/separable_conv2d,OpenCL,7324.9,7052.2,0.9627708228098677
reduction_cell_1/comb_iter_2/right/separable_5x5_2/separable_conv2d/depthwise,OpenCL,1655.8,1310.2,0.7912791399927528
reduction_cell_1/comb_iter_2/right/separable_5x5_2/separable_conv2d,OpenCL,7193.6,6927.3,0.9629809830960854
reduction_cell_1/comb_iter_2/left/AvgPool2D/AvgPool___tr4reduction_cell_1/comb_iter_2/combine/add,OpenCL,906.5555555555555,778.7,0.8589655595048413
reduction_cell_1/comb_iter_2/right/bn_sep_5x5_2/FusedBatchNormV3___tr4reduction_cell_1/comb_iter_2/combine/add,OpenCL,1005.6,1398.2,1.3904136833731107
reduction_cell_1/comb_iter_2/combine/add,OpenCL,1054.4444444444443,646.4,0.6130242360379347
reduction_cell_1/comb_iter_0/left/Relu,OpenCL,1486.0,1479.6,0.995693135935397
reduction_cell_1/comb_iter_0/left/separable_5x5_1/separable_conv2d/depthwise,OpenCL,2341.4,1917.9,0.8191253096438028
reduction_cell_1/comb_iter_0/left/separable_5x5_1/separable_conv2d,OpenCL,7131.3,6787.5,0.9517899962138741
reduction_cell_1/comb_iter_0/left/separable_5x5_2/separable_conv2d/depthwise,OpenCL,1630.1,1140.0,0.699343598552236
reduction_cell_1/comb_iter_0/left/separable_5x5_2/separable_conv2d,OpenCL,7169.2,6801.7,0.9487390503821905
reduction_cell_1/comb_iter_0/right/Relu,OpenCL,1468.7,1167.0,0.7945802410294819
reduction_cell_1/comb_iter_0/right/separable_7x7_1/separable_conv2d/depthwise,OpenCL,3448.7,3033.1,0.8794908226288167
reduction_cell_1/comb_iter_0/right/separable_7x7_1/separable_conv2d,OpenCL,7209.7,6886.4,0.9551576348530452
reduction_cell_1/comb_iter_0/right/separable_7x7_2/separable_conv2d/depthwise,OpenCL,2173.6,1744.1,0.8024015458225985
reduction_cell_1/comb_iter_0/right/separable_7x7_2/separable_conv2d,OpenCL,7180.8,6865.4,0.9560773172905526
reduction_cell_1/comb_iter_0/combine/add,OpenCL,1081.5,573.1,0.5299121590383726
reduction_cell_1/comb_iter_3/right/AvgPool2D/AvgPool,CPU,1317.8,1191.0,0.9037790256488086
reduction_cell_1/comb_iter_3/right/AvgPool2D/AvgPool___tr4reduction_cell_1/comb_iter_3/combine/add,CPU,243.11111111111111,623.9,2.5663162705667273
reduction_cell_1/comb_iter_3/combine/add,CPU,234.9,354.4,1.5087271179225201
reduction_cell_1/comb_iter_4/left/Relu,OpenCL,900.5555555555555,1095.5,1.2164713140037013
reduction_cell_1/comb_iter_4/left/separable_3x3_1/separable_conv2d/depthwise,OpenCL,1236.2,1352.7,1.094240414172464
reduction_cell_1/comb_iter_4/left/separable_3x3_1/separable_conv2d,OpenCL,7166.0,6890.8,0.9615964275746581
reduction_cell_1/comb_iter_4/left/separable_3x3_2/separable_conv2d/depthwise,OpenCL,1283.2,760.0,0.5922693266832918
reduction_cell_1/comb_iter_4/left/separable_3x3_2/separable_conv2d,OpenCL,7177.8,6747.1,0.9399955418094681
reduction_cell_1/comb_iter_4/right/MaxPool2D/MaxPool,OpenCL,1890.9,1500.9,0.7937490084086943
reduction_cell_1/comb_iter_4/left/bn_sep_3x3_2/FusedBatchNormV3___tr4reduction_cell_1/comb_iter_4/combine/add,OpenCL,952.125,560.5,0.5886832086123146
reduction_cell_1/comb_iter_4/right/MaxPool2D/MaxPool___tr4reduction_cell_1/comb_iter_4/combine/add,OpenCL,995.4,556.5,0.559071729957806
reduction_cell_1/comb_iter_4/combine/add,OpenCL,1033.8,583.7,0.5646159798800542
reduction_cell_1/cell_output/concat,CPU,869.3333333333334,737.8,0.8486963190184048
cell_13/Relu,OpenCL,2272.4,2817.9,1.2400545678577715
cell_13/Relu___tr4cell_13/prev_1x1/Conv2D,OpenCL,2285.5,2902.2,1.2698315467075036
cell_13/prev_1x1/Conv2D,OpenCL,26429.3,26652.1,1.0084300378746316
cell_12/Relu,CPU,1916.8,2203.2,1.1494156928213688
cell_12/AvgPool2D,CPU,2329.0,2536.2,1.0889652211249463
cell_12/path1_conv/Conv2D,CPU,31524.7,31244.0,0.9910958708568202
cell_12/Pad/paddings,CPU,0.0,0.3,0
cell_12/Pad_Gather_Index,CPU,1.0,0.1,0.1
cell_12/Pad_Gather,CPU,0.0,0.4,0
cell_12/Pad,CPU,3128.2,5463.5,1.7465315516910684
cell_12/strided_slice/stack,CPU,0.0,0.1,0
cell_12/strided_slice/stack_1,CPU,0.0,0.2,0
cell_12/strided_slice/stack_2,CPU,0.0,0.3,0
cell_12/Pad___tr4cell_12/strided_slice,CPU,9708.3,10419.0,1.0732054015636106
cell_12/strided_slice,CPU,2134.8,2139.5,1.002201611392168
cell_12/strided_slice___tr4cell_12/AvgPool2D_1,CPU,3201.6,4952.3,1.546820339830085
cell_12/AvgPool2D_1,CPU,2232.8,2281.3,1.021721605159441
cell_12/path2_conv/Conv2D,CPU,31478.5,31818.7,1.0108073764633003
cell_12/concat,CPU,131.5,187.4,1.4250950570342207
cell_12/final_path_bn/FusedBatchNormV3,CPU,144.4,319.2,2.2105263157894735
cell_12/Relu_1,OpenCL,2245.8,2718.9,1.2106598984771573
cell_12/Relu_1___tr4cell_12/1x1/Conv2D,OpenCL,2284.9,2291.3,1.0028009978554862
cell_12/1x1/Conv2D,OpenCL,26484.5,27134.5,1.0245426570258076
cell_12/comb_iter_0/left/Relu,CPU,86.3,249.7,2.8933951332560834
cell_12/comb_iter_0/left/separable_5x5_1/separable_conv2d/depthwise,CPU,2950.9,8551.9,2.8980649971195227
cell_12/comb_iter_0/left/separable_5x5_1/separable_conv2d,CPU,21329.3,42157.7,1.9765158725321506
cell_12/comb_iter_0/left/separable_5x5_2/separable_conv2d/depthwise,CPU,2841.3,5084.2,1.7893921796360819
cell_12/comb_iter_0/left/separable_5x5_2/separable_conv2d,CPU,21369.5,21649.9,1.0131215049486417
cell_12/comb_iter_0/right/Relu,CPU,182.1,170.6,0.9368478857770456
cell_12/comb_iter_0/right/separable_3x3_1/separable_conv2d/depthwise,CPU,933.5,961.4,1.029887520085699
cell_12/comb_iter_0/right/separable_3x3_1/separable_conv2d,CPU,21626.8,16176.3,0.7479747350509552
cell_12/comb_iter_0/right/separable_3x3_2/separable_conv2d/depthwise,CPU,867.3,891.4,1.027787386140897
cell_12/comb_iter_0/right/separable_3x3_2/separable_conv2d,CPU,21839.7,16474.9,0.7543556001227123
cell_12/comb_iter_0/combine/add,CPU,298.5,343.5,1.150753768844221
cell_12/comb_iter_1/left/Relu,OpenCL,956.0,1842.4,1.9271966527196653
cell_12/comb_iter_1/left/separable_5x5_1/separable_conv2d/depthwise,OpenCL,1595.0,1255.7,0.7872727272727273
cell_12/comb_iter_1/left/separable_5x5_1/separable_conv2d,OpenCL,7183.5,8005.0,1.1143592956079906
cell_12/comb_iter_1/left/separable_5x5_2/separable_conv2d/depthwise,OpenCL,1523.0,1445.2,0.9489166119500985
cell_12/comb_iter_1/left/separable_5x5_2/separable_conv2d,OpenCL,7296.3,7103.3,0.9735482367775448
cell_12/comb_iter_1/right/Relu,OpenCL,975.6666666666666,707.4,0.7250427058421592
cell_12/comb_iter_1/right/separable_3x3_1/separable_conv2d/depthwise,OpenCL,1235.875,1007.0,0.8148073227470416
cell_12/comb_iter_1/right/separable_3x3_1/separable_conv2d,OpenCL,7590.7,6974.8,0.9188612380939835
cell_12/comb_iter_1/right/separable_3x3_2/separable_conv2d/depthwise,OpenCL,1178.0,975.2,0.8278438030560272
cell_12/comb_iter_1/right/separable_3x3_2/separable_conv2d,OpenCL,7135.5,6970.6,0.97689019690281
cell_12/comb_iter_1/combine/add,OpenCL,829.625,783.4,0.944282055145397
cell_12/comb_iter_2/left/AvgPool2D/AvgPool,OpenCL,1670.9,1585.1,0.9486504279131006
cell_12/comb_iter_2/left/AvgPool2D/AvgPool___tr4cell_12/comb_iter_2/combine/add,OpenCL,950.1,823.9,0.8671718766445636
cell_12/final_path_bn/FusedBatchNormV3___tr4cell_12/comb_iter_2/combine/add,CPU,854.4,808.0,0.9456928838951311
cell_12/comb_iter_2/combine/add,OpenCL,877.625,1730.9,1.9722546645776955
cell_12/comb_iter_3/left/AvgPool2D/AvgPool,CPU,1235.5,1146.3,0.9278025091056252
cell_12/comb_iter_3/right/AvgPool2D/AvgPool,CPU,1091.8,1141.7,1.0457043414544789
cell_12/comb_iter_3/left/AvgPool2D/AvgPool___tr4cell_12/comb_iter_3/combine/add,CPU,445.22222222222223,794.0,1.7833790865984527
cell_12/comb_iter_3/right/AvgPool2D/AvgPool___tr4cell_12/comb_iter_3/combine/add,CPU,299.77777777777777,764.6,2.550555967383247
cell_12/comb_iter_3/combine/add,CPU,208.0,301.1,1.447596153846154
cell_12/comb_iter_4/left/Relu,OpenCL,763.5714285714286,935.7,1.2254256314312442
cell_12/comb_iter_4/left/separable_3x3_1/separable_conv2d/depthwise,OpenCL,1227.8,2869.5,2.3371070206874083
cell_12/comb_iter_4/left/separable_3x3_1/separable_conv2d,OpenCL,7229.6,8784.0,1.2150049795286046
cell_12/comb_iter_4/left/separable_3x3_2/separable_conv2d/depthwise,OpenCL,1209.0,1317.6,1.0898263027295285
cell_12/comb_iter_4/left/separable_3x3_2/separable_conv2d,OpenCL,7184.3,7050.0,0.9813064599195468
cell_12/comb_iter_4/combine/add,OpenCL,933.8888888888889,853.1,0.9134919690660321
cell_12/comb_iter_2/combine/add___tr4cell_12/cell_output/concat,OpenCL,883.875,780.9,0.883495969452694
cell_12/comb_iter_3/combine/add___tr4cell_12/cell_output/concat,CPU,241.6,186.4,0.7715231788079471
cell_12/cell_output/concat,CPU,1207.6,994.5,0.8235342828751243
cell_13/Relu_1,OpenCL,2861.5,2848.6,0.9954918748907915
cell_13/1x1/Conv2D,OpenCL,38961.6,39313.5,1.0090319699396328
cell_13/comb_iter_0/left/Relu,CPU,84.4,300.1,3.5556872037914693
cell_13/comb_iter_0/left/separable_5x5_1/separable_conv2d/depthwise,CPU,2980.6,8491.9,2.84905723679796
cell_13/comb_iter_0/left/separable_5x5_1/separable_conv2d,CPU,21337.0,41024.8,1.922707034728406
cell_13/comb_iter_0/left/separable_5x5_2/separable_conv2d/depthwise,CPU,2817.4,7292.3,2.588308369418613
cell_13/comb_iter_0/left/separable_5x5_2/separable_conv2d,CPU,21309.3,22606.5,1.060874829299883
cell_13/comb_iter_0/right/Relu,CPU,189.44444444444446,197.0,1.039882697947214
cell_13/comb_iter_0/right/separable_3x3_1/separable_conv2d/depthwise,CPU,968.8,1308.5,1.3506399669694469
cell_13/comb_iter_0/right/separable_3x3_1/separable_conv2d,CPU,21580.4,20134.4,0.9329947544994532
cell_13/comb_iter_0/right/separable_3x3_2/separable_conv2d/depthwise,CPU,885.5,1050.8,1.1866741953698474
cell_13/comb_iter_0/right/separable_3x3_2/separable_conv2d,CPU,22020.9,18695.3,0.8489798327952081
cell_13/comb_iter_0/combine/add,CPU,294.9,339.5,1.1512377076975246
cell_13/comb_iter_1/left/Relu,OpenCL,878.2,3155.3,3.5929173309041222
cell_13/comb_iter_1/left/separable_5x5_1/separable_conv2d/depthwise,OpenCL,1516.8,1763.0,1.1623154008438819
cell_13/comb_iter_1/left/separable_5x5_1/separable_conv2d,OpenCL,7037.7,7106.0,1.0097048751722864
cell_13/comb_iter_1/left/separable_5x5_2/separable_conv2d/depthwise,OpenCL,1533.2,2612.8,1.7041481867988522
cell_13/comb_iter_1/left/separable_5x5_2/separable_conv2d,OpenCL,7147.2,7228.4,1.0113610924557868
cell_13/comb_iter_1/right/Relu,OpenCL,848.375,934.9,1.101989096802711
cell_13/comb_iter_1/right/separable_3x3_1/separable_conv2d/depthwise,OpenCL,1219.2222222222222,1332.0,1.092499772168049
cell_13/comb_iter_1/right/separable_3x3_1/separable_conv2d,OpenCL,7148.6,7179.6,1.0043365134431916
cell_13/comb_iter_1/right/separable_3x3_2/separable_conv2d/depthwise,OpenCL,1208.0,1159.9,0.9601821192052981
cell_13/comb_iter_1/right/separable_3x3_2/separable_conv2d,OpenCL,7103.3,7255.2,1.021384426956485
cell_13/comb_iter_1/combine/add,OpenCL,994.7777777777778,969.9,0.9749916229196917
cell_13/comb_iter_2/left/AvgPool2D/AvgPool,CPU,1343.3,2906.9,2.163999106677585
cell_13/comb_iter_2/left/AvgPool2D/AvgPool___tr4cell_13/comb_iter_2/combine/add,CPU,175.55555555555554,866.4,4.9351898734177215
cell_13/prev_bn/FusedBatchNormV3___tr4cell_13/comb_iter_2/combine/add,OpenCL,919.3333333333334,2358.0,2.5649021029731687
cell_13/comb_iter_2/combine/add,CPU,159.55555555555554,493.4,3.0923398328690808
cell_13/comb_iter_3/left/AvgPool2D/AvgPool,CPU,1236.5,3353.6,2.7121714516781235
cell_13/comb_iter_3/right/AvgPool2D/AvgPool,CPU,1163.7,3567.1,3.065308928417977
cell_13/comb_iter_3/left/AvgPool2D/AvgPool___tr4cell_13/comb_iter_3/combine/add,CPU,251.11111111111111,1218.9,4.854026548672567
cell_13/comb_iter_3/right/AvgPool2D/AvgPool___tr4cell_13/comb_iter_3/combine/add,CPU,357.375,966.3,2.703882476390346
cell_13/comb_iter_3/combine/add,CPU,192.8,516.7,2.6799792531120334
cell_13/comb_iter_4/left/Relu,OpenCL,913.75,1224.5,1.3400820793433652
cell_13/comb_iter_4/left/separable_3x3_1/separable_conv2d/depthwise,OpenCL,1300.8,1099.6,0.8453259532595325
cell_13/comb_iter_4/left/separable_3x3_1/separable_conv2d,OpenCL,7126.0,7180.2,1.0076059500420993
cell_13/comb_iter_4/left/separable_3x3_2/separable_conv2d/depthwise,OpenCL,1290.9,1082.7,0.8387171740646061
cell_13/comb_iter_4/left/separable_3x3_2/separable_conv2d,OpenCL,7140.7,7126.3,0.9979833909840773
cell_13/comb_iter_4/combine/add,OpenCL,999.4444444444445,1033.6,1.0341745414118955
cell_13/comb_iter_2/combine/add___tr4cell_13/cell_output/concat,CPU,198.1,368.5,1.8601716304896518
cell_13/comb_iter_3/combine/add___tr4cell_13/cell_output/concat,CPU,236.3,375.9,1.5907744392721115
cell_13/cell_output/concat,CPU,1183.7,1046.3,0.8839232913745037
cell_15/Relu,OpenCL,2931.2,3252.2,1.1095114628820961
cell_15/prev_1x1/Conv2D,OpenCL,39551.5,39835.5,1.0071805114850259
cell_14/Relu,OpenCL,3422.6,3340.3,0.9759539531350436
cell_14/prev_1x1/Conv2D,OpenCL,39490.6,40015.2,1.0132841739553209
cell_14/Relu_1,OpenCL,3008.7,2689.1,0.8937747199787284
cell_14/1x1/Conv2D,OpenCL,40405.5,39019.1,0.965687839526797
cell_14/comb_iter_0/left/Relu,CPU,84.2,288.4,3.425178147268408
cell_14/comb_iter_0/left/separable_5x5_1/separable_conv2d/depthwise,CPU,2974.8,8500.2,2.8574021782977006
cell_14/comb_iter_0/left/separable_5x5_1/separable_conv2d,CPU,21046.7,37190.3,1.7670371127065052
cell_14/comb_iter_0/left/separable_5x5_2/separable_conv2d/depthwise,CPU,2864.5,4996.0,1.7441089195322046
cell_14/comb_iter_0/left/separable_5x5_2/separable_conv2d,CPU,21190.5,21550.7,1.0169981831481087
cell_14/comb_iter_0/right/Relu,CPU,168.22222222222223,199.1,1.1835535006605018
cell_14/comb_iter_0/right/separable_3x3_1/separable_conv2d/depthwise,CPU,927.1,1285.0,1.3860424981123936
cell_14/comb_iter_0/right/separable_3x3_1/separable_conv2d,CPU,21665.6,20769.5,0.9586395022524187
cell_14/comb_iter_0/right/separable_3x3_2/separable_conv2d/depthwise,CPU,877.3,1040.8,1.1863672631938904
cell_14/comb_iter_0/right/separable_3x3_2/separable_conv2d,CPU,21863.7,18718.6,0.8561496910404002
cell_14/comb_iter_0/combine/add,CPU,294.2,325.4,1.106050305914344
cell_14/comb_iter_1/left/Relu,OpenCL,1028.3333333333333,1539.9,1.4974716369529986
cell_14/comb_iter_1/left/separable_5x5_1/separable_conv2d/depthwise,OpenCL,1624.4,1718.0,1.0576212755478946
cell_14/comb_iter_1/left/separable_5x5_1/separable_conv2d,OpenCL,7143.1,7632.4,1.0684996710111856
cell_14/comb_iter_1/left/separable_5x5_2/separable_conv2d/depthwise,OpenCL,1634.9,2707.9,1.6563092543886475
cell_14/comb_iter_1/left/separable_5x5_2/separable_conv2d,OpenCL,7129.8,7318.1,1.0264102779881623
cell_14/comb_iter_1/right/Relu,OpenCL,1073.7,852.9,0.7943559653534507
cell_14/comb_iter_1/right/separable_3x3_1/separable_conv2d/depthwise,OpenCL,1252.6666666666667,1132.4,0.9039914848323577
cell_14/comb_iter_1/right/separable_3x3_1/separable_conv2d,OpenCL,7359.9,7160.4,0.9728936534463783
cell_14/comb_iter_1/right/separable_3x3_2/separable_conv2d/depthwise,OpenCL,1422.7142857142858,1157.8,0.813796565920273
cell_14/comb_iter_1/right/separable_3x3_2/separable_conv2d,OpenCL,7219.8,7182.3,0.9948059503033325
cell_14/comb_iter_1/combine/add,OpenCL,1094.5555555555557,950.5,0.8683889960410109
cell_14/comb_iter_2/left/AvgPool2D/AvgPool,CPU,1337.8,2082.4,1.5565854387800868
cell_14/comb_iter_2/left/AvgPool2D/AvgPool___tr4cell_14/comb_iter_2/combine/add,CPU,194.375,729.5,3.753054662379421
cell_14/prev_bn/FusedBatchNormV3___tr4cell_14/comb_iter_2/combine/add,OpenCL,975.4444444444445,1218.5,1.2491741656225082
cell_14/comb_iter_2/combine/add,CPU,150.2,486.4,3.2383488681757657
cell_14/comb_iter_3/left/AvgPool2D/AvgPool,CPU,1163.1,1632.8,1.4038345800017196
cell_14/comb_iter_3/right/AvgPool2D/AvgPool,CPU,1087.6,1755.1,1.6137366678926077
cell_14/comb_iter_3/left/AvgPool2D/AvgPool___tr4cell_14/comb_iter_3/combine/add,CPU,191.85714285714286,917.7,4.783246463142219
cell_14/comb_iter_3/right/AvgPool2D/AvgPool___tr4cell_14/comb_iter_3/combine/add,CPU,259.875,691.1,2.6593554593554596
cell_14/comb_iter_3/combine/add,CPU,182.2,347.0,1.9045005488474205
cell_14/comb_iter_4/left/Relu,OpenCL,1129.3333333333333,1138.0,1.0076741440377806
cell_14/comb_iter_4/left/separable_3x3_1/separable_conv2d/depthwise,OpenCL,1337.3,1048.2,0.7838181410304346
cell_14/comb_iter_4/left/separable_3x3_1/separable_conv2d,OpenCL,7167.2,6917.7,0.9651886371246791
cell_14/comb_iter_4/left/separable_3x3_2/separable_conv2d/depthwise,OpenCL,1284.3,924.4,0.7197695242544577
cell_14/comb_iter_4/left/separable_3x3_2/separable_conv2d,OpenCL,7122.9,6926.8,0.9724690786056241
cell_14/comb_iter_4/combine/add,OpenCL,1011.3333333333334,856.6,0.8470006591957812
cell_14/comb_iter_2/combine/add___tr4cell_14/cell_output/concat,CPU,161.44444444444446,379.4,2.3500344115622847
cell_14/comb_iter_3/combine/add___tr4cell_14/cell_output/concat,CPU,192.0,280.8,1.4625000000000001
cell_14/cell_output/concat,CPU,1145.8,1001.8,0.8743236166870308
cell_15/Relu_1,OpenCL,2916.5,2673.4,0.9166466655237443
cell_15/1x1/Conv2D,OpenCL,41286.7,40745.3,0.9868868182731971
cell_15/comb_iter_0/left/Relu,CPU,86.4,282.6,3.2708333333333335
cell_15/comb_iter_0/left/separable_5x5_1/separable_conv2d/depthwise,CPU,2988.8,8501.7,2.844519539614561
cell_15/comb_iter_0/left/separable_5x5_1/separable_conv2d,CPU,21081.5,42395.6,2.0110333704907144
cell_15/comb_iter_0/left/separable_5x5_2/separable_conv2d/depthwise,CPU,2813.1,6058.3,2.153602786961004
cell_15/comb_iter_0/left/separable_5x5_2/separable_conv2d,CPU,21158.1,21594.8,1.0206398495138977
cell_15/comb_iter_0/right/Relu,CPU,183.5,224.0,1.220708446866485
cell_15/comb_iter_0/right/separable_3x3_1/separable_conv2d/depthwise,CPU,966.5,1288.9,1.3335747542679772
cell_15/comb_iter_0/right/separable_3x3_1/separable_conv2d,CPU,21364.1,19531.9,0.9142393079979968
cell_15/comb_iter_0/right/separable_3x3_2/separable_conv2d/depthwise,CPU,896.4,1062.8,1.1856314145470772
cell_15/comb_iter_0/right/separable_3x3_2/separable_conv2d,CPU,21974.1,18574.3,0.8452814904819765
cell_15/comb_iter_0/combine/add,CPU,288.9,327.6,1.133956386292835
cell_15/comb_iter_1/left/Relu,OpenCL,1069.8,1401.4,1.3099644793419332
cell_15/comb_iter_1/left/separable_5x5_1/separable_conv2d/depthwise,OpenCL,1643.6,1441.6,0.8770990508639571
cell_15/comb_iter_1/left/separable_5x5_1/separable_conv2d,OpenCL,7115.3,7490.5,1.0527314378873693
cell_15/comb_iter_1/left/separable_5x5_2/separable_conv2d/depthwise,OpenCL,1641.0,1518.1,0.9251066422912857
cell_15/comb_iter_1/left/separable_5x5_2/separable_conv2d,OpenCL,7327.6,7282.8,0.9938861291555215
cell_15/comb_iter_1/right/Relu,OpenCL,927.25,819.5,0.8837961714747911
cell_15/comb_iter_1/right/separable_3x3_1/separable_conv2d/depthwise,OpenCL,1281.3,1052.9,0.8217435417154454
cell_15/comb_iter_1/right/separable_3x3_1/separable_conv2d,OpenCL,7219.5,7200.9,0.9974236442966964
cell_15/comb_iter_1/right/separable_3x3_2/separable_conv2d/depthwise,OpenCL,1347.857142857143,2189.5,1.6244303126656068
cell_15/comb_iter_1/right/separable_3x3_2/separable_conv2d,OpenCL,7138.9,7057.0,0.9885276443149505
cell_15/comb_iter_1/combine/add,OpenCL,982.5555555555555,2020.4,2.0562704964378606
cell_15/comb_iter_2/left/AvgPool2D/AvgPool,CPU,1344.5,3290.8,2.4476013387876536
cell_15/comb_iter_2/left/AvgPool2D/AvgPool___tr4cell_15/comb_iter_2/combine/add,CPU,166.44444444444446,974.5,5.854806408544726
cell_15/prev_bn/FusedBatchNormV3___tr4cell_15/comb_iter_2/combine/add,OpenCL,958.0,1062.3,1.1088726513569938
cell_15/comb_iter_2/combine/add,CPU,160.3,485.6,3.0293200249532126
cell_15/comb_iter_3/left/AvgPool2D/AvgPool,CPU,1213.7,1391.2,1.146247013265222
cell_15/comb_iter_3/right/AvgPool2D/AvgPool,CPU,1177.8,1547.0,1.3134657836644592
cell_15/comb_iter_3/left/AvgPool2D/AvgPool___tr4cell_15/comb_iter_3/combine/add,CPU,252.66666666666666,872.0,3.4511873350923485
cell_15/comb_iter_3/right/AvgPool2D/AvgPool___tr4cell_15/comb_iter_3/combine/add,CPU,351.3333333333333,657.3,1.8708728652751423
cell_15/comb_iter_3/combine/add,CPU,180.6,332.0,1.8383167220376524
cell_15/comb_iter_4/left/Relu,OpenCL,969.6666666666666,947.4,0.97703678239945
cell_15/comb_iter_4/left/separable_3x3_1/separable_conv2d/depthwise,OpenCL,1271.5,1149.9,0.9043649233189147
cell_15/comb_iter_4/left/separable_3x3_1/separable_conv2d,OpenCL,7106.0,7120.6,1.0020546017450043
cell_15/comb_iter_4/left/separable_3x3_2/separable_conv2d/depthwise,OpenCL,1257.6,1239.2,0.9853689567430026
cell_15/comb_iter_4/left/separable_3x3_2/separable_conv2d,OpenCL,7166.2,7131.5,0.995157824230415
cell_15/comb_iter_4/combine/add,OpenCL,1046.2222222222222,984.6,0.9411002548853017
cell_15/comb_iter_2/combine/add___tr4cell_15/cell_output/concat,CPU,198.33333333333334,374.9,1.890252100840336
cell_15/comb_iter_3/combine/add___tr4cell_15/cell_output/concat,CPU,255.2,290.7,1.1391065830721003
cell_15/cell_output/concat,CPU,1155.6,1074.7,0.929993077189339
cell_17/Relu,OpenCL,2916.7,3320.5,1.1384441320670622
cell_17/prev_1x1/Conv2D,OpenCL,41120.6,41123.7,1.0000753880050388
cell_16/Relu,OpenCL,3323.1,3151.5,0.948361469712016
cell_16/prev_1x1/Conv2D,OpenCL,41919.1,42752.5,1.0198811520285502
cell_16/Relu_1,OpenCL,3101.4,2652.8,0.8553556458373638
cell_16/1x1/Conv2D,OpenCL,41306.5,42671.5,1.033045646568942
cell_16/comb_iter_0/left/Relu,CPU,86.8,310.1,3.5725806451612905
cell_16/comb_iter_0/left/separable_5x5_1/separable_conv2d/depthwise,CPU,2966.0,8473.3,2.8568105192178015
cell_16/comb_iter_0/left/separable_5x5_1/separable_conv2d,CPU,21072.9,41327.7,1.9611776262403369
cell_16/comb_iter_0/left/separable_5x5_2/separable_conv2d/depthwise,CPU,2822.2,7428.4,2.6321309616611153
cell_16/comb_iter_0/left/separable_5x5_2/separable_conv2d,CPU,21263.8,22482.5,1.0573133682596714
cell_16/comb_iter_0/right/Relu,CPU,178.88888888888889,221.1,1.2359627329192546
cell_16/comb_iter_0/right/separable_3x3_1/separable_conv2d/depthwise,CPU,928.6,1326.8,1.428817574843851
cell_16/comb_iter_0/right/separable_3x3_1/separable_conv2d,CPU,21539.2,20539.8,0.9536008765413757
cell_16/comb_iter_0/right/separable_3x3_2/separable_conv2d/depthwise,CPU,871.3,1046.5,1.2010788476988408
cell_16/comb_iter_0/right/separable_3x3_2/separable_conv2d,CPU,21731.4,18638.0,0.8576529814001859
cell_16/comb_iter_0/combine/add,CPU,285.0,341.8,1.199298245614035
cell_16/comb_iter_1/left/Relu,OpenCL,1030.7,1506.8,1.46191908411759
cell_16/comb_iter_1/left/separable_5x5_1/separable_conv2d/depthwise,OpenCL,1648.3,1614.9,0.9797366984165504
cell_16/comb_iter_1/left/separable_5x5_1/separable_conv2d,OpenCL,7135.8,7471.6,1.0470584937918663
cell_16/comb_iter_1/left/separable_5x5_2/separable_conv2d/depthwise,OpenCL,1612.4,2729.6,1.692880178615728
cell_16/comb_iter_1/left/separable_5x5_2/separable_conv2d,OpenCL,7138.4,7458.4,1.0448279726549368
cell_16/comb_iter_1/right/Relu,OpenCL,1061.7,2481.5,2.3372892530846756
cell_16/comb_iter_1/right/separable_3x3_1/separable_conv2d/depthwise,OpenCL,1281.1,1162.2,0.9071891343376787
cell_16/comb_iter_1/right/separable_3x3_1/separable_conv2d,OpenCL,7227.8,7195.9,0.9955864855142643
cell_16/comb_iter_1/right/separable_3x3_2/separable_conv2d/depthwise,OpenCL,1608.75,1125.5,0.6996114996114996
cell_16/comb_iter_1/right/separable_3x3_2/separable_conv2d,OpenCL,7143.7,7158.0,1.0020017637918726
cell_16/comb_iter_1/combine/add,OpenCL,1161.9,1107.0,0.9527498063516653
cell_16/comb_iter_2/left/AvgPool2D/AvgPool,CPU,1339.6,3202.4,2.3905643475664378
cell_16/comb_iter_2/left/AvgPool2D/AvgPool___tr4cell_16/comb_iter_2/combine/add,CPU,191.625,942.2,4.91689497716895
cell_16/prev_bn/FusedBatchNormV3___tr4cell_16/comb_iter_2/combine/add,OpenCL,1094.6,1215.6,1.1105426639868445
cell_16/comb_iter_2/combine/add,CPU,152.22222222222223,503.6,3.3083211678832116
cell_16/comb_iter_3/left/AvgPool2D/AvgPool,CPU,1144.9,1291.2,1.1277840859463708
cell_16/comb_iter_3/right/AvgPool2D/AvgPool,CPU,1099.8,1453.5,1.3216039279869067
cell_16/comb_iter_3/left/AvgPool2D/AvgPool___tr4cell_16/comb_iter_3/combine/add,CPU,188.71428571428572,857.0,4.541256623769871
cell_16/comb_iter_3/right/AvgPool2D/AvgPool___tr4cell_16/comb_iter_3/combine/add,CPU,261.875,641.1,2.448114558472554
cell_16/comb_iter_3/combine/add,CPU,179.9,326.4,1.8143413007226235
cell_16/comb_iter_4/left/Relu,OpenCL,721.4285714285714,1240.0,1.7188118811881188
cell_16/comb_iter_4/left/separable_3x3_1/separable_conv2d/depthwise,OpenCL,1241.3333333333333,2288.1,1.8432599355531687
cell_16/comb_iter_4/left/separable_3x3_1/separable_conv2d,OpenCL,7120.9,6967.5,0.9784577792133018
cell_16/comb_iter_4/left/separable_3x3_2/separable_conv2d/depthwise,OpenCL,1272.8,1144.7,0.8993557510999373
cell_16/comb_iter_4/left/separable_3x3_2/separable_conv2d,OpenCL,7128.9,7082.2,0.9934491997362848
cell_16/comb_iter_4/combine/add,OpenCL,1103.4,894.0,0.8102229472539423
cell_16/comb_iter_2/combine/add___tr4cell_16/cell_output/concat,CPU,164.8,370.7,2.249393203883495
cell_16/comb_iter_3/combine/add___tr4cell_16/cell_output/concat,CPU,196.9,285.6,1.4504824784154393
cell_16/cell_output/concat,CPU,1118.4,999.2,0.8934191702432045
cell_17/Relu_1,OpenCL,2930.0,3025.9,1.0327303754266213
cell_17/1x1/Conv2D,OpenCL,41929.6,41741.5,0.9955139090284668
cell_17/comb_iter_0/left/Relu,OpenCL,1198.111111111111,989.2,0.8256329407400539
cell_17/comb_iter_0/left/separable_5x5_1/separable_conv2d/depthwise,OpenCL,1564.7,1314.2,0.8399054131782451
cell_17/comb_iter_0/left/separable_5x5_1/separable_conv2d,OpenCL,7080.1,7014.0,0.9906639736726882
cell_17/comb_iter_0/left/separable_5x5_2/separable_conv2d/depthwise,OpenCL,1576.8,1609.8,1.0209284627092847
cell_17/comb_iter_0/left/separable_5x5_2/separable_conv2d,OpenCL,7219.7,7006.8,0.9705112400792277
cell_17/comb_iter_0/right/Relu,OpenCL,973.6666666666666,842.5,0.8652858610065046
cell_17/comb_iter_0/right/separable_3x3_1/separable_conv2d/depthwise,OpenCL,1265.7,1360.2,1.074662242237497
cell_17/comb_iter_0/right/separable_3x3_1/separable_conv2d,OpenCL,7145.0,7175.0,1.0041987403778867
cell_17/comb_iter_0/right/separable_3x3_2/separable_conv2d/depthwise,OpenCL,1253.8,1046.8,0.8349018982293827
cell_17/comb_iter_0/right/separable_3x3_2/separable_conv2d,OpenCL,7120.8,7026.4,0.9867430625772384
cell_17/comb_iter_0/combine/add,OpenCL,1005.5000000000001,1965.9,1.9551466931874688
cell_17/comb_iter_1/left/Relu,OpenCL,996.2,1690.9,1.6973499297329853
cell_17/comb_iter_1/left/separable_5x5_1/separable_conv2d/depthwise,OpenCL,1635.2,1804.2,1.1033512720156555
cell_17/comb_iter_1/left/separable_5x5_1/separable_conv2d,OpenCL,7061.4,7535.4,1.0671254991927945
cell_17/comb_iter_1/left/separable_5x5_2/separable_conv2d/depthwise,OpenCL,1621.4,1445.0,0.8912051313679535
cell_17/comb_iter_1/left/separable_5x5_2/separable_conv2d,OpenCL,7156.5,7237.0,1.0112485153357087
cell_17/comb_iter_1/right/Relu,OpenCL,1030.9,898.8,0.8718595402075855
cell_17/comb_iter_1/right/separable_3x3_1/separable_conv2d/depthwise,OpenCL,1229.5555555555557,1085.1,0.8825140068678835
cell_17/comb_iter_1/right/separable_3x3_1/separable_conv2d,OpenCL,7215.4,7014.0,0.972087479557613
cell_17/comb_iter_1/right/separable_3x3_2/separable_conv2d/depthwise,OpenCL,1223.857142857143,1111.6,0.908275942570328
cell_17/comb_iter_1/right/separable_3x3_2/separable_conv2d,OpenCL,7116.1,6999.2,0.9835724624443163
cell_17/comb_iter_1/combine/add,OpenCL,1094.4444444444443,889.4,0.8126497461928934
cell_17/comb_iter_2/left/AvgPool2D/AvgPool,OpenCL,1689.1,2258.4,1.3370433958913033
cell_17/comb_iter_2/left/AvgPool2D/AvgPool___tr4cell_17/comb_iter_2/combine/add,OpenCL,907.2222222222222,742.7,0.8186527862829149
cell_17/prev_bn/FusedBatchNormV3___tr4cell_17/comb_iter_2/combine/add,OpenCL,1027.3,1199.1,1.167234498199163
cell_17/comb_iter_2/combine/add,OpenCL,1103.5,1568.3,1.4212052560036248
cell_17/comb_iter_3/left/AvgPool2D/AvgPool,CPU,1270.5,1389.9,1.0939787485242032
cell_17/comb_iter_3/right/AvgPool2D/AvgPool,CPU,1182.3,1527.7,1.292142434238349
cell_17/comb_iter_3/left/AvgPool2D/AvgPool___tr4cell_17/comb_iter_3/combine/add,CPU,229.3,972.5,4.2411687745311815
cell_17/comb_iter_3/right/AvgPool2D/AvgPool___tr4cell_17/comb_iter_3/combine/add,CPU,320.4,744.6,2.3239700374531838
cell_17/comb_iter_3/combine/add,CPU,178.3,370.1,2.075715086932137
cell_17/comb_iter_4/left/Relu,CPU,153.8,182.5,1.1866059817945382
cell_17/comb_iter_4/left/separable_3x3_1/separable_conv2d/depthwise,CPU,862.6,1686.2,1.9547878506839786
cell_17/comb_iter_4/left/separable_3x3_1/separable_conv2d,CPU,22032.8,39471.2,1.7914745288842089
cell_17/comb_iter_4/left/separable_3x3_2/separable_conv2d/depthwise,CPU,906.8,2051.2,2.262020291133657
cell_17/comb_iter_4/left/separable_3x3_2/separable_conv2d,CPU,22016.9,23734.5,1.0780127992587512
cell_17/comb_iter_4/combine/add,CPU,293.8,339.8,1.156569094622192
cell_17/comb_iter_2/combine/add___tr4cell_17/cell_output/concat,OpenCL,953.6666666666666,718.2,0.7530933240125831
cell_17/comb_iter_3/combine/add___tr4cell_17/cell_output/concat,CPU,195.7,233.1,1.1911088400613183
cell_17/cell_output/concat,CPU,1160.9,1037.7,0.8938754414678266
final_layer/Relu,CPU,1107.5,987.5,0.891647855530474
final_layer/Mean/reduction_indices,CPU,1.0,0.4,0.4
final_layer/Relu___tr4final_layer/Mean,CPU,5276.2,5688.2,1.078086501648914
final_layer/Mean,CPU,4385.2,5293.5,1.2071285232144486
final_layer/FC/weights,CPU,0.0,0.4,0
final_layer/FC/MatMul,CPU,22240.88888888889,28433.8,1.2784471044322767
final_layer/FC/biases,CPU,0.0,0.6,0
final_layer/FC/BiasAdd,CPU,24.6,25.2,1.024390243902439
final_layer/predictions,CPU,17.333333333333332,20.2,1.1653846153846155
