conv0/Conv2D,CPU,1360.111111111111,1602.6,1.1782860877379298
cell_stem_0/Relu,OpenCL,377.6666666666667,1197.7,3.171315092674316
cell_stem_0/1x1/Conv2D,OpenCL,549.1428571428571,997.5,1.8164672216441209
cell_stem_0/comb_iter_1/left/MaxPool2D/MaxPool,OpenCL,399.4,1735.2,4.344516775162744
cell_stem_0/comb_iter_1/right/Relu,OpenCL,427.125,879.7,2.05958443078724
cell_stem_0/comb_iter_1/right/separable_7x7_1/separable_conv2d/depthwise,OpenCL,2492.3,3665.5,1.4707298479316293
cell_stem_0/comb_iter_1/right/separable_7x7_1/separable_conv2d,OpenCL,417.0,883.1,2.117745803357314
cell_stem_0/comb_iter_1/right/separable_7x7_2/separable_conv2d/depthwise,OpenCL,495.8888888888889,1002.1,2.0208155948913284
cell_stem_0/comb_iter_1/right/separable_7x7_2/separable_conv2d,OpenCL,444.42857142857144,892.1,2.0072966891674704
cell_stem_0/comb_iter_1/left/MaxPool2D/MaxPool___tr4cell_stem_0/comb_iter_1/combine/add,OpenCL,378.0,762.4,2.016931216931217
cell_stem_0/comb_iter_1/right/bn_sep_7x7_2/FusedBatchNormV3___tr4cell_stem_0/comb_iter_1/combine/add,OpenCL,350.3333333333333,734.9,2.0977164605137966
cell_stem_0/comb_iter_1/combine/add,OpenCL,361.55555555555554,784.8,2.1706207744314687
cell_stem_0/comb_iter_2/left/AvgPool2D/AvgPool,CPU,183.8,167.3,0.9102285092491839
cell_stem_0/comb_iter_2/right/Relu,CPU,278.875,440.2,1.5784849843119677
cell_stem_0/comb_iter_2/right/separable_5x5_1/separable_conv2d/depthwise,CPU,507.0,543.4,1.0717948717948718
cell_stem_0/comb_iter_2/right/separable_5x5_1/separable_conv2d,CPU,157.7,190.0,1.2048192771084338
cell_stem_0/comb_iter_2/right/separable_5x5_2/separable_conv2d/depthwise,CPU,150.4,154.7,1.0285904255319147
cell_stem_0/comb_iter_2/right/separable_5x5_2/separable_conv2d,CPU,53.0,59.7,1.1264150943396227
cell_stem_0/comb_iter_2/left/AvgPool2D/AvgPool___tr4cell_stem_0/comb_iter_2/combine/add,CPU,41.8,42.3,1.0119617224880382
cell_stem_0/comb_iter_2/right/bn_sep_5x5_2/FusedBatchNormV3___tr4cell_stem_0/comb_iter_2/combine/add,CPU,34.8,69.9,2.0086206896551726
cell_stem_0/comb_iter_2/combine/add,CPU,19.9,22.4,1.1256281407035176
cell_stem_0/comb_iter_0/left/Relu,CPU,76.8,112.6,1.4661458333333333
cell_stem_0/comb_iter_0/left/separable_5x5_1/separable_conv2d/depthwise,CPU,200.4,282.9,1.4116766467065867
cell_stem_0/comb_iter_0/left/separable_5x5_1/separable_conv2d,CPU,53.7,75.8,1.4115456238361266
cell_stem_0/comb_iter_0/left/separable_5x5_2/separable_conv2d/depthwise,CPU,144.33333333333334,148.6,1.0295612009237873
cell_stem_0/comb_iter_0/left/separable_5x5_2/separable_conv2d,CPU,49.666666666666664,50.7,1.020805369127517
cell_stem_0/comb_iter_0/right/Relu,CPU,274.2,454.8,1.6586433260393874
cell_stem_0/comb_iter_0/right/separable_7x7_1/separable_conv2d/depthwise,CPU,732.6,866.1,1.1822276822276823
cell_stem_0/comb_iter_0/right/separable_7x7_1/separable_conv2d,CPU,156.3,190.5,1.218809980806142
cell_stem_0/comb_iter_0/right/separable_7x7_2/separable_conv2d/depthwise,CPU,267.6,275.3,1.0287742899850523
cell_stem_0/comb_iter_0/right/separable_7x7_2/separable_conv2d,CPU,53.3,67.3,1.2626641651031896
cell_stem_0/comb_iter_0/combine/add,CPU,22.11111111111111,20.1,0.9090452261306533
cell_stem_0/comb_iter_3/right/AvgPool2D/AvgPool,OpenCL,385.25,705.7,1.8317975340687866
cell_stem_0/comb_iter_3/right/AvgPool2D/AvgPool___tr4cell_stem_0/comb_iter_3/combine/add,OpenCL,363.8888888888889,577.6,1.587297709923664
cell_stem_0/comb_iter_3/combine/add,OpenCL,347.8,571.8,1.6440483036227715
cell_stem_0/comb_iter_4/left/Relu,CPU,19.4,21.6,1.1134020618556704
cell_stem_0/comb_iter_4/left/separable_3x3_1/separable_conv2d/depthwise,CPU,66.5,86.0,1.2932330827067668
cell_stem_0/comb_iter_4/left/separable_3x3_1/separable_conv2d,CPU,49.8,64.1,1.28714859437751
cell_stem_0/comb_iter_4/left/separable_3x3_2/separable_conv2d/depthwise,CPU,62.1,63.2,1.0177133655394526
cell_stem_0/comb_iter_4/left/separable_3x3_2/separable_conv2d,CPU,48.4,52.7,1.0888429752066116
cell_stem_0/comb_iter_4/right/MaxPool2D/MaxPool,CPU,201.55555555555554,219.2,1.0875413450937155
cell_stem_0/comb_iter_4/left/bn_sep_3x3_2/FusedBatchNormV3___tr4cell_stem_0/comb_iter_4/combine/add,CPU,35.7,58.1,1.6274509803921569
cell_stem_0/comb_iter_4/right/MaxPool2D/MaxPool___tr4cell_stem_0/comb_iter_4/combine/add,CPU,36.0,43.3,1.2027777777777777
cell_stem_0/comb_iter_4/combine/add,CPU,20.555555555555557,31.8,1.547027027027027
cell_stem_0/cell_output/concat,CPU,198.1,404.7,2.0429076224129226
cell_stem_1/Relu_1,OpenCL,1374.6666666666667,699.9,0.5091416100872939
cell_stem_1/Relu_1___tr4cell_stem_1/1x1/Conv2D,OpenCL,480.8888888888889,578.8,1.203604436229205
cell_stem_1/1x1/Conv2D,OpenCL,402.0,643.5,1.6007462686567164
cell_stem_1/comb_iter_1/left/MaxPool2D/MaxPool,CPU,49.3,84.8,1.720081135902637
cell_stem_1/Relu,CPU,283.1,418.0,1.4765100671140938
cell_stem_1/AvgPool2D,CPU,254.2,265.3,1.0436664044059796
cell_stem_1/path1_conv/Conv2D,CPU,163.7,178.6,1.0910201588271229
cell_stem_1/Pad/paddings,CPU,0.0,0.3,0
cell_stem_1/Pad_Gather_Index,CPU,0.0,0.2,0
cell_stem_1/Pad_Gather,CPU,0.0,0.1,0
cell_stem_1/Pad,CPU,468.375,668.8,1.4279156658660261
cell_stem_1/strided_slice/stack,CPU,0.8888888888888888,0.3,0.3375
cell_stem_1/strided_slice/stack_1,CPU,0.9,0.3,0.3333333333333333
cell_stem_1/strided_slice/stack_2,CPU,0.0,0.3,0
cell_stem_1/Pad___tr4cell_stem_1/strided_slice,CPU,429.6666666666667,553.5,1.2882079131109387
cell_stem_1/strided_slice,CPU,601.4,603.1,1.0028267376122382
cell_stem_1/strided_slice___tr4cell_stem_1/AvgPool2D_1,CPU,634.3,742.8,1.1710547059750906
cell_stem_1/AvgPool2D_1,CPU,207.0,265.8,1.2840579710144928
cell_stem_1/path2_conv/Conv2D,CPU,161.0,180.5,1.1211180124223603
cell_stem_1/concat,CPU,92.6,153.4,1.65658747300216
cell_stem_1/final_path_bn/FusedBatchNormV3,CPU,31.7,49.5,1.5615141955835963
cell_stem_1/comb_iter_1/right/Relu,CPU,32.4,53.8,1.6604938271604939
cell_stem_1/comb_iter_1/right/separable_7x7_1/separable_conv2d/depthwise,CPU,135.22222222222223,136.6,1.010188989317995
cell_stem_1/comb_iter_1/right/separable_7x7_1/separable_conv2d,CPU,45.0,46.5,1.0333333333333334
cell_stem_1/comb_iter_1/right/separable_7x7_2/separable_conv2d/depthwise,CPU,128.0,129.2,1.009375
cell_stem_1/comb_iter_1/right/separable_7x7_2/separable_conv2d,CPU,42.5,44.4,1.0447058823529412
cell_stem_1/comb_iter_1/left/MaxPool2D/MaxPool___tr4cell_stem_1/comb_iter_1/combine/add,CPU,27.8,41.8,1.503597122302158
cell_stem_1/comb_iter_1/right/bn_sep_7x7_2/FusedBatchNormV3___tr4cell_stem_1/comb_iter_1/combine/add,CPU,16.666666666666668,35.2,2.112
cell_stem_1/comb_iter_1/combine/add,CPU,13.4,27.8,2.074626865671642
cell_stem_1/comb_iter_2/left/AvgPool2D/AvgPool,CPU,91.22222222222223,84.7,0.9285018270401949
cell_stem_1/comb_iter_2/right/Relu,CPU,35.44444444444444,53.4,1.5065830721003135
cell_stem_1/comb_iter_2/right/separable_5x5_1/separable_conv2d/depthwise,CPU,82.2,83.4,1.0145985401459854
cell_stem_1/comb_iter_2/right/separable_5x5_1/separable_conv2d,CPU,43.3,49.2,1.1362586605080833
cell_stem_1/comb_iter_2/right/separable_5x5_2/separable_conv2d/depthwise,CPU,63.5,63.4,0.9984251968503937
cell_stem_1/comb_iter_2/right/separable_5x5_2/separable_conv2d,CPU,41.8,45.3,1.0837320574162679
cell_stem_1/comb_iter_2/left/AvgPool2D/AvgPool___tr4cell_stem_1/comb_iter_2/combine/add,CPU,26.0,36.1,1.3884615384615384
cell_stem_1/comb_iter_2/right/bn_sep_5x5_2/FusedBatchNormV3___tr4cell_stem_1/comb_iter_2/combine/add,CPU,16.7,32.5,1.9461077844311379
cell_stem_1/comb_iter_2/combine/add,CPU,11.8,28.1,2.3813559322033897
cell_stem_1/comb_iter_0/left/Relu,CPU,34.111111111111114,73.6,2.1576547231270355
cell_stem_1/comb_iter_0/left/separable_5x5_1/separable_conv2d/depthwise,CPU,72.7,126.6,1.7414030261348004
cell_stem_1/comb_iter_0/left/separable_5x5_1/separable_conv2d,CPU,42.8,53.4,1.2476635514018692
cell_stem_1/comb_iter_0/left/separable_5x5_2/separable_conv2d/depthwise,CPU,63.1,64.2,1.01743264659271
cell_stem_1/comb_iter_0/left/separable_5x5_2/separable_conv2d,CPU,42.3,45.6,1.0780141843971631
cell_stem_1/comb_iter_0/right/Relu,CPU,33.6,74.7,2.2232142857142856
cell_stem_1/comb_iter_0/right/separable_7x7_1/separable_conv2d/depthwise,CPU,121.8,154.6,1.2692939244663382
cell_stem_1/comb_iter_0/right/separable_7x7_1/separable_conv2d,CPU,42.55555555555556,55.5,1.304177545691906
cell_stem_1/comb_iter_0/right/separable_7x7_2/separable_conv2d/depthwise,CPU,128.9,129.8,1.0069821567106285
cell_stem_1/comb_iter_0/right/separable_7x7_2/separable_conv2d,CPU,41.9,56.5,1.3484486873508355
cell_stem_1/comb_iter_0/combine/add,CPU,11.4,19.3,1.6929824561403508
cell_stem_1/comb_iter_3/right/AvgPool2D/AvgPool,OpenCL,376.1,1055.1,2.805370911991491
cell_stem_1/comb_iter_3/right/AvgPool2D/AvgPool___tr4cell_stem_1/comb_iter_3/combine/add,OpenCL,338.125,1255.2,3.712236598890943
cell_stem_1/comb_iter_3/combine/add,OpenCL,389.77777777777777,797.2,2.0452679589509692
cell_stem_1/comb_iter_4/left/Relu,CPU,10.2,12.9,1.2647058823529413
cell_stem_1/comb_iter_4/left/separable_3x3_1/separable_conv2d/depthwise,CPU,31.4,34.6,1.101910828025478
cell_stem_1/comb_iter_4/left/separable_3x3_1/separable_conv2d,CPU,43.7,47.9,1.0961098398169336
cell_stem_1/comb_iter_4/left/separable_3x3_2/separable_conv2d/depthwise,CPU,29.0,29.7,1.0241379310344827
cell_stem_1/comb_iter_4/left/separable_3x3_2/separable_conv2d,CPU,43.0,45.2,1.0511627906976744
cell_stem_1/comb_iter_4/right/MaxPool2D/MaxPool,CPU,55.2,75.3,1.3641304347826086
cell_stem_1/comb_iter_4/left/bn_sep_3x3_2/FusedBatchNormV3___tr4cell_stem_1/comb_iter_4/combine/add,CPU,19.0,43.0,2.263157894736842
cell_stem_1/comb_iter_4/right/MaxPool2D/MaxPool___tr4cell_stem_1/comb_iter_4/combine/add,CPU,21.8,31.4,1.440366972477064
cell_stem_1/comb_iter_4/combine/add,CPU,12.4,26.6,2.1451612903225805
cell_stem_1/cell_output/concat,CPU,68.2,149.3,2.1891495601173023
cell_1/Relu,CPU,28.555555555555557,44.2,1.5478599221789884
cell_1/Relu___tr4cell_1/prev_1x1/Conv2D,CPU,50.888888888888886,93.0,1.827510917030568
cell_1/prev_1x1/Conv2D,CPU,229.5,244.0,1.0631808278867103
cell_0/Relu,CPU,80.1,140.1,1.749063670411985
cell_0/Relu___tr4cell_0/AvgPool2D,CPU,131.1,254.6,1.9420289855072463
cell_0/AvgPool2D,CPU,43.0,98.4,2.288372093023256
cell_0/path1_conv/Conv2D,CPU,77.7,105.5,1.3577863577863578
cell_0/Pad/paddings,CPU,0.0,0.6,0
cell_0/Pad,CPU,85.8,259.6,3.025641025641026
cell_0/strided_slice/stack,CPU,1.0,0.5,0.5
cell_0/strided_slice/stack_1,CPU,0.0,0.5,0
cell_0/strided_slice/stack_2,CPU,0.0,0.3,0
cell_0/strided_slice,CPU,230.7,250.2,1.0845253576072822
cell_0/strided_slice___tr4cell_0/AvgPool2D_1,CPU,102.75,282.6,2.75036496350365
cell_0/AvgPool2D_1,CPU,34.6,74.9,2.1647398843930636
cell_0/path2_conv/Conv2D,CPU,73.2,84.1,1.1489071038251364
cell_0/concat,CPU,55.5,96.0,1.7297297297297298
cell_0/final_path_bn/FusedBatchNormV3,CPU,14.6,30.1,2.0616438356164384
cell_0/Relu_1,OpenCL,346.9,755.6,2.1781493225713464
cell_0/Relu_1___tr4cell_0/1x1/Conv2D,OpenCL,344.0,642.6,1.8680232558139536
cell_0/1x1/Conv2D,OpenCL,361.0,739.1,2.0473684210526315
cell_0/comb_iter_0/left/Relu,CPU,16.0,27.9,1.74375
cell_0/comb_iter_0/left/separable_5x5_1/separable_conv2d/depthwise,CPU,126.9,146.2,1.152088258471237
cell_0/comb_iter_0/left/separable_5x5_1/separable_conv2d,CPU,117.8,121.8,1.033955857385399
cell_0/comb_iter_0/left/separable_5x5_2/separable_conv2d/depthwise,CPU,120.8,122.6,1.0149006622516556
cell_0/comb_iter_0/left/separable_5x5_2/separable_conv2d,CPU,116.66666666666667,121.3,1.0397142857142856
cell_0/comb_iter_0/right/Relu,CPU,18.4,21.1,1.1467391304347827
cell_0/comb_iter_0/right/separable_3x3_1/separable_conv2d/depthwise,CPU,54.3,77.0,1.41804788213628
cell_0/comb_iter_0/right/separable_3x3_1/separable_conv2d,CPU,115.8,124.6,1.075993091537133
cell_0/comb_iter_0/right/separable_3x3_2/separable_conv2d/depthwise,CPU,52.5,54.9,1.0457142857142856
cell_0/comb_iter_0/right/separable_3x3_2/separable_conv2d,CPU,115.4,125.1,1.084055459272097
cell_0/comb_iter_0/combine/add,CPU,17.5,24.3,1.3885714285714286
cell_0/comb_iter_1/left/Relu,CPU,18.11111111111111,24.6,1.3582822085889572
cell_0/comb_iter_1/left/separable_5x5_1/separable_conv2d/depthwise,CPU,121.66666666666667,138.1,1.135068493150685
cell_0/comb_iter_1/left/separable_5x5_1/separable_conv2d,CPU,117.2,129.7,1.106655290102389
cell_0/comb_iter_1/left/separable_5x5_2/separable_conv2d/depthwise,CPU,121.9,126.0,1.0336341263330597
cell_0/comb_iter_1/left/separable_5x5_2/separable_conv2d,CPU,115.8,125.4,1.0829015544041452
cell_0/comb_iter_1/right/Relu,CPU,16.88888888888889,30.7,1.8177631578947369
cell_0/comb_iter_1/right/separable_3x3_1/separable_conv2d/depthwise,CPU,58.1,67.1,1.154905335628227
cell_0/comb_iter_1/right/separable_3x3_1/separable_conv2d,CPU,115.8,123.1,1.0630397236614852
cell_0/comb_iter_1/right/separable_3x3_2/separable_conv2d/depthwise,CPU,52.7,55.2,1.047438330170778
cell_0/comb_iter_1/right/separable_3x3_2/separable_conv2d,CPU,116.0,122.2,1.053448275862069
cell_0/comb_iter_1/combine/add,CPU,15.4,26.6,1.7272727272727273
cell_0/comb_iter_2/left/AvgPool2D/AvgPool,OpenCL,362.44444444444446,654.3,1.8052421827099936
cell_0/comb_iter_2/left/AvgPool2D/AvgPool___tr4cell_0/comb_iter_2/combine/add,OpenCL,342.5,905.6,2.644087591240876
cell_0/final_path_bn/FusedBatchNormV3___tr4cell_0/comb_iter_2/combine/add,CPU,17.22222222222222,32.4,1.8812903225806452
cell_0/comb_iter_2/combine/add,OpenCL,357.3,682.4,1.9098796529527007
cell_0/comb_iter_3/left/AvgPool2D/AvgPool,OpenCL,361.6666666666667,857.7,2.371520737327189
cell_0/comb_iter_3/right/AvgPool2D/AvgPool,OpenCL,353.875,1195.3,3.377746379371247
cell_0/comb_iter_3/left/AvgPool2D/AvgPool___tr4cell_0/comb_iter_3/combine/add,OpenCL,350.6,1177.9,3.3596691386195094
cell_0/comb_iter_3/right/AvgPool2D/AvgPool___tr4cell_0/comb_iter_3/combine/add,OpenCL,334.0,1105.9,3.3110778443113773
cell_0/comb_iter_3/combine/add,OpenCL,350.3,670.4,1.913788181558664
cell_0/comb_iter_4/left/Relu,CPU,16.8,26.7,1.5892857142857142
cell_0/comb_iter_4/left/separable_3x3_1/separable_conv2d/depthwise,CPU,53.1,67.2,1.265536723163842
cell_0/comb_iter_4/left/separable_3x3_1/separable_conv2d,CPU,117.3,138.2,1.1781756180733163
cell_0/comb_iter_4/left/separable_3x3_2/separable_conv2d/depthwise,CPU,52.9,53.9,1.0189035916824196
cell_0/comb_iter_4/left/separable_3x3_2/separable_conv2d,CPU,116.9,122.0,1.0436270316509837
cell_0/comb_iter_4/combine/add,CPU,17.1,48.9,2.859649122807017
cell_0/comb_iter_2/combine/add___tr4cell_0/cell_output/concat,OpenCL,359.9,628.1,1.7452070019449848
cell_0/comb_iter_3/combine/add___tr4cell_0/cell_output/concat,OpenCL,336.0,1128.4,3.3583333333333334
cell_0/cell_output/concat,CPU,92.4,187.6,2.0303030303030303
cell_1/Relu_1,OpenCL,406.7,787.5,1.93631669535284
cell_1/1x1/Conv2D,OpenCL,643.2222222222222,959.1,1.4910865434444638
cell_1/comb_iter_0/left/Relu,CPU,17.5,34.7,1.982857142857143
cell_1/comb_iter_0/left/separable_5x5_1/separable_conv2d/depthwise,CPU,127.90000000000002,146.1,1.1422986708365908
cell_1/comb_iter_0/left/separable_5x5_1/separable_conv2d,CPU,116.3,126.2,1.0851246775580397
cell_1/comb_iter_0/left/separable_5x5_2/separable_conv2d/depthwise,CPU,121.6,122.9,1.0106907894736843
cell_1/comb_iter_0/left/separable_5x5_2/separable_conv2d,CPU,115.2,124.4,1.0798611111111112
cell_1/comb_iter_0/right/Relu,CPU,19.0,25.1,1.3210526315789475
cell_1/comb_iter_0/right/separable_3x3_1/separable_conv2d/depthwise,CPU,62.1,59.9,0.964573268921095
cell_1/comb_iter_0/right/separable_3x3_1/separable_conv2d,CPU,115.6,120.9,1.045847750865052
cell_1/comb_iter_0/right/separable_3x3_2/separable_conv2d/depthwise,CPU,53.1,57.2,1.0772128060263653
cell_1/comb_iter_0/right/separable_3x3_2/separable_conv2d,CPU,116.3,124.8,1.0730868443680137
cell_1/comb_iter_0/combine/add,CPU,16.7,32.0,1.9161676646706587
cell_1/comb_iter_1/left/Relu,CPU,15.7,15.3,0.9745222929936307
cell_1/comb_iter_1/left/separable_5x5_1/separable_conv2d/depthwise,CPU,121.6,126.2,1.037828947368421
cell_1/comb_iter_1/left/separable_5x5_1/separable_conv2d,CPU,116.2,122.7,1.0559380378657488
cell_1/comb_iter_1/left/separable_5x5_2/separable_conv2d/depthwise,CPU,121.2,123.1,1.0156765676567656
cell_1/comb_iter_1/left/separable_5x5_2/separable_conv2d,CPU,116.7,124.4,1.065981148243359
cell_1/comb_iter_1/right/Relu,CPU,17.333333333333332,27.6,1.5923076923076924
cell_1/comb_iter_1/right/separable_3x3_1/separable_conv2d/depthwise,CPU,61.2,55.9,0.9133986928104575
cell_1/comb_iter_1/right/separable_3x3_1/separable_conv2d,CPU,115.6,121.1,1.0475778546712802
cell_1/comb_iter_1/right/separable_3x3_2/separable_conv2d/depthwise,CPU,52.3,53.7,1.026768642447419
cell_1/comb_iter_1/right/separable_3x3_2/separable_conv2d,CPU,115.2,121.9,1.0581597222222223
cell_1/comb_iter_1/combine/add,CPU,15.9,24.4,1.5345911949685533
cell_1/comb_iter_2/left/AvgPool2D/AvgPool,OpenCL,353.22222222222223,1367.9,3.872632903428751
cell_1/comb_iter_2/left/AvgPool2D/AvgPool___tr4cell_1/comb_iter_2/combine/add,OpenCL,350.5,1363.0,3.8887303851640516
cell_1/prev_bn/FusedBatchNormV3___tr4cell_1/comb_iter_2/combine/add,CPU,18.6,24.8,1.3333333333333333
cell_1/comb_iter_2/combine/add,OpenCL,341.3,1125.8,3.2985643129211835
cell_1/comb_iter_3/left/AvgPool2D/AvgPool,CPU,82.6,86.0,1.0411622276029056
cell_1/comb_iter_3/right/AvgPool2D/AvgPool,CPU,82.2,83.7,1.0182481751824817
cell_1/comb_iter_3/left/AvgPool2D/AvgPool___tr4cell_1/comb_iter_3/combine/add,CPU,16.1,24.8,1.5403726708074532
cell_1/comb_iter_3/right/AvgPool2D/AvgPool___tr4cell_1/comb_iter_3/combine/add,CPU,15.9,26.3,1.6540880503144655
cell_1/comb_iter_3/combine/add,CPU,17.8,29.3,1.646067415730337
cell_1/comb_iter_4/left/Relu,CPU,16.7,34.1,2.0419161676646707
cell_1/comb_iter_4/left/separable_3x3_1/separable_conv2d/depthwise,CPU,53.8,69.4,1.2899628252788107
cell_1/comb_iter_4/left/separable_3x3_1/separable_conv2d,CPU,116.1,125.9,1.0844099913867358
cell_1/comb_iter_4/left/separable_3x3_2/separable_conv2d/depthwise,CPU,52.4,54.3,1.0362595419847327
cell_1/comb_iter_4/left/separable_3x3_2/separable_conv2d,CPU,116.0,130.2,1.1224137931034481
cell_1/comb_iter_4/combine/add,CPU,15.555555555555555,59.4,3.8185714285714285
cell_1/comb_iter_2/combine/add___tr4cell_1/cell_output/concat,OpenCL,349.0,1186.4,3.3994269340974212
cell_1/comb_iter_3/combine/add___tr4cell_1/cell_output/concat,CPU,26.2,33.9,1.2938931297709924
cell_1/cell_output/concat,CPU,84.25,208.9,2.4795252225519286
cell_3/Relu,CPU,145.88888888888889,185.8,1.2735719725818737
cell_3/prev_1x1/Conv2D,CPU,942.8,1018.5,1.0802927450148494
cell_2/Relu,CPU,148.55555555555554,254.8,1.7151832460732988
cell_2/prev_1x1/Conv2D,CPU,941.2,1108.3,1.177539311517212
cell_2/Relu_1,OpenCL,339.125,776.6,2.2900110578695174
cell_2/1x1/Conv2D,OpenCL,619.5555555555555,914.6,1.476219512195122
cell_2/comb_iter_0/left/Relu,CPU,17.4,35.3,2.028735632183908
cell_2/comb_iter_0/left/separable_5x5_1/separable_conv2d/depthwise,CPU,129.4,155.4,1.2009273570324575
cell_2/comb_iter_0/left/separable_5x5_1/separable_conv2d,CPU,117.2,140.8,1.2013651877133107
cell_2/comb_iter_0/left/separable_5x5_2/separable_conv2d/depthwise,CPU,121.8,122.8,1.0082101806239738
cell_2/comb_iter_0/left/separable_5x5_2/separable_conv2d,CPU,115.88888888888889,123.9,1.0691275167785235
cell_2/comb_iter_0/right/Relu,CPU,18.4,36.5,1.9836956521739133
cell_2/comb_iter_0/right/separable_3x3_1/separable_conv2d/depthwise,CPU,62.8,67.5,1.0748407643312103
cell_2/comb_iter_0/right/separable_3x3_1/separable_conv2d,CPU,117.5,126.3,1.0748936170212766
cell_2/comb_iter_0/right/separable_3x3_2/separable_conv2d/depthwise,CPU,53.4,55.0,1.0299625468164795
cell_2/comb_iter_0/right/separable_3x3_2/separable_conv2d,CPU,115.7,126.8,1.0959377700950734
cell_2/comb_iter_0/combine/add,CPU,16.9,32.0,1.8934911242603552
cell_2/comb_iter_1/left/Relu,CPU,15.3,18.9,1.2352941176470587
cell_2/comb_iter_1/left/separable_5x5_1/separable_conv2d/depthwise,CPU,121.55555555555556,138.6,1.1402193784277879
cell_2/comb_iter_1/left/separable_5x5_1/separable_conv2d,CPU,116.9,126.8,1.0846877673224977
cell_2/comb_iter_1/left/separable_5x5_2/separable_conv2d/depthwise,CPU,123.0,122.8,0.9983739837398373
cell_2/comb_iter_1/left/separable_5x5_2/separable_conv2d,CPU,116.1,129.5,1.11541774332472
cell_2/comb_iter_1/right/Relu,CPU,16.8,34.4,2.0476190476190474
cell_2/comb_iter_1/right/separable_3x3_1/separable_conv2d/depthwise,CPU,61.2,70.0,1.1437908496732025
cell_2/comb_iter_1/right/separable_3x3_1/separable_conv2d,CPU,116.8,127.4,1.0907534246575343
cell_2/comb_iter_1/right/separable_3x3_2/separable_conv2d/depthwise,CPU,51.0,54.8,1.0745098039215686
cell_2/comb_iter_1/right/separable_3x3_2/separable_conv2d,CPU,115.5,127.5,1.103896103896104
cell_2/comb_iter_1/combine/add,CPU,15.8,33.8,2.1392405063291138
cell_2/comb_iter_2/left/AvgPool2D/AvgPool,OpenCL,357.77777777777777,979.5,2.7377329192546584
cell_2/comb_iter_2/left/AvgPool2D/AvgPool___tr4cell_2/comb_iter_2/combine/add,OpenCL,347.3,1715.6,4.939821479988482
cell_2/prev_bn/FusedBatchNormV3___tr4cell_2/comb_iter_2/combine/add,CPU,17.8,40.4,2.2696629213483144
cell_2/comb_iter_2/combine/add,OpenCL,346.0,1506.5,4.354046242774566
cell_2/comb_iter_3/left/AvgPool2D/AvgPool,OpenCL,350.1111111111111,824.9,2.356109171691527
cell_2/comb_iter_3/right/AvgPool2D/AvgPool,OpenCL,366.25,931.2,2.542525597269625
cell_2/comb_iter_3/left/AvgPool2D/AvgPool___tr4cell_2/comb_iter_3/combine/add,OpenCL,346.8888888888889,684.7,1.9738308776425368
cell_2/comb_iter_3/right/AvgPool2D/AvgPool___tr4cell_2/comb_iter_3/combine/add,OpenCL,340.55555555555554,699.7,2.054584013050571
cell_2/comb_iter_3/combine/add,OpenCL,351.0,654.1,1.8635327635327636
cell_2/comb_iter_4/left/Relu,CPU,16.4,34.1,2.079268292682927
cell_2/comb_iter_4/left/separable_3x3_1/separable_conv2d/depthwise,CPU,54.2,72.4,1.3357933579335795
cell_2/comb_iter_4/left/separable_3x3_1/separable_conv2d,CPU,116.3,124.2,1.0679277730008598
cell_2/comb_iter_4/left/separable_3x3_2/separable_conv2d/depthwise,CPU,52.4,54.9,1.047709923664122
cell_2/comb_iter_4/left/separable_3x3_2/separable_conv2d,CPU,116.1,128.8,1.1093884582256677
cell_2/comb_iter_4/combine/add,CPU,15.777777777777779,54.0,3.4225352112676055
cell_2/comb_iter_2/combine/add___tr4cell_2/cell_output/concat,OpenCL,346.1,782.5,2.260907252239237
cell_2/comb_iter_3/combine/add___tr4cell_2/cell_output/concat,OpenCL,345.6666666666667,770.4,2.228736740597878
cell_2/cell_output/concat,CPU,88.3,187.7,2.1257078142695356
cell_3/Relu_1,OpenCL,409.8888888888889,730.6,1.7824342640281918
cell_3/1x1/Conv2D,OpenCL,661.1,837.2,1.266374224776887
cell_3/comb_iter_0/left/Relu,CPU,17.5,35.2,2.0114285714285716
cell_3/comb_iter_0/left/separable_5x5_1/separable_conv2d/depthwise,CPU,127.1,139.3,1.0959874114870183
cell_3/comb_iter_0/left/separable_5x5_1/separable_conv2d,CPU,117.3,125.6,1.0707587382779198
cell_3/comb_iter_0/left/separable_5x5_2/separable_conv2d/depthwise,CPU,121.4,122.5,1.0090609555189456
cell_3/comb_iter_0/left/separable_5x5_2/separable_conv2d,CPU,115.5,125.4,1.0857142857142859
cell_3/comb_iter_0/right/Relu,CPU,19.6,37.9,1.9336734693877549
cell_3/comb_iter_0/right/separable_3x3_1/separable_conv2d/depthwise,CPU,61.0,77.7,1.2737704918032788
cell_3/comb_iter_0/right/separable_3x3_1/separable_conv2d,CPU,116.3,127.7,1.0980223559759243
cell_3/comb_iter_0/right/separable_3x3_2/separable_conv2d/depthwise,CPU,52.3,56.2,1.0745697896749522
cell_3/comb_iter_0/right/separable_3x3_2/separable_conv2d,CPU,115.2,130.0,1.128472222222222
cell_3/comb_iter_0/combine/add,CPU,17.0,32.2,1.8941176470588237
cell_3/comb_iter_1/left/Relu,CPU,15.9,19.5,1.2264150943396226
cell_3/comb_iter_1/left/separable_5x5_1/separable_conv2d/depthwise,CPU,121.5,139.3,1.1465020576131688
cell_3/comb_iter_1/left/separable_5x5_1/separable_conv2d,CPU,115.9,139.2,1.2010353753235545
cell_3/comb_iter_1/left/separable_5x5_2/separable_conv2d/depthwise,CPU,121.9,123.5,1.0131255127153405
cell_3/comb_iter_1/left/separable_5x5_2/separable_conv2d,CPU,116.1,135.9,1.1705426356589148
cell_3/comb_iter_1/right/Relu,CPU,17.8,34.0,1.9101123595505618
cell_3/comb_iter_1/right/separable_3x3_1/separable_conv2d/depthwise,CPU,60.2,72.6,1.2059800664451825
cell_3/comb_iter_1/right/separable_3x3_1/separable_conv2d,CPU,116.0,130.3,1.1232758620689656
cell_3/comb_iter_1/right/separable_3x3_2/separable_conv2d/depthwise,CPU,52.1,55.0,1.055662188099808
cell_3/comb_iter_1/right/separable_3x3_2/separable_conv2d,CPU,116.4,124.8,1.0721649484536082
cell_3/comb_iter_1/combine/add,CPU,15.7,32.1,2.0445859872611467
cell_3/comb_iter_2/left/AvgPool2D/AvgPool,OpenCL,358.44444444444446,1206.9,3.3670489770613763
cell_3/comb_iter_2/left/AvgPool2D/AvgPool___tr4cell_3/comb_iter_2/combine/add,OpenCL,346.0,894.7,2.5858381502890175
cell_3/prev_bn/FusedBatchNormV3___tr4cell_3/comb_iter_2/combine/add,CPU,18.6,43.5,2.3387096774193545
cell_3/comb_iter_2/combine/add,OpenCL,342.4,752.8,2.1985981308411215
cell_3/comb_iter_3/left/AvgPool2D/AvgPool,OpenCL,350.8,1258.8,3.588369441277081
cell_3/comb_iter_3/right/AvgPool2D/AvgPool,OpenCL,348.8,823.4,2.3606651376146788
cell_3/comb_iter_3/left/AvgPool2D/AvgPool___tr4cell_3/comb_iter_3/combine/add,OpenCL,337.0,1008.0,2.9910979228486645
cell_3/comb_iter_3/right/AvgPool2D/AvgPool___tr4cell_3/comb_iter_3/combine/add,OpenCL,341.5,1595.8,4.672913616398243
cell_3/comb_iter_3/combine/add,OpenCL,352.3,1348.1,3.8265682656826563
cell_3/comb_iter_4/left/Relu,CPU,17.6,39.3,2.232954545454545
cell_3/comb_iter_4/left/separable_3x3_1/separable_conv2d/depthwise,CPU,53.1,88.5,1.6666666666666665
cell_3/comb_iter_4/left/separable_3x3_1/separable_conv2d,CPU,115.8,127.6,1.1018998272884284
cell_3/comb_iter_4/left/separable_3x3_2/separable_conv2d/depthwise,CPU,53.0,55.7,1.0509433962264152
cell_3/comb_iter_4/left/separable_3x3_2/separable_conv2d,CPU,115.77777777777777,129.2,1.1159309021113244
cell_3/comb_iter_4/combine/add,CPU,16.11111111111111,58.5,3.6310344827586207
cell_3/comb_iter_2/combine/add___tr4cell_3/cell_output/concat,OpenCL,346.2,621.6,1.7954939341421146
cell_3/comb_iter_3/combine/add___tr4cell_3/cell_output/concat,OpenCL,340.25,1379.6,4.0546656869948565
cell_3/cell_output/concat,CPU,79.88888888888889,191.5,2.3970792767732965
reduction_cell_0/Relu_1,CPU,139.25,203.9,1.4642728904847397
reduction_cell_0/1x1/Conv2D,CPU,1546.8,1602.5,1.0360098267390743
reduction_cell_0/comb_iter_1/left/MaxPool2D/MaxPool,CPU,51.111111111111114,65.8,1.287391304347826
reduction_cell_0/Relu,OpenCL,364.55555555555554,1365.3,3.7451081987199024
reduction_cell_0/prev_1x1/Conv2D,OpenCL,884.0,1366.5,1.545814479638009
reduction_cell_0/comb_iter_1/right/Relu,CPU,33.2,73.6,2.2168674698795177
reduction_cell_0/comb_iter_1/right/separable_7x7_1/separable_conv2d/depthwise,CPU,155.4,188.0,1.2097812097812097
reduction_cell_0/comb_iter_1/right/separable_7x7_1/separable_conv2d,CPU,116.6,141.0,1.2092624356775301
reduction_cell_0/comb_iter_1/right/separable_7x7_2/separable_conv2d/depthwise,CPU,132.77777777777777,145.4,1.0950627615062762
reduction_cell_0/comb_iter_1/right/separable_7x7_2/separable_conv2d,CPU,114.4,121.7,1.0638111888111887
reduction_cell_0/comb_iter_1/left/MaxPool2D/MaxPool___tr4reduction_cell_0/comb_iter_1/combine/add,CPU,15.6,36.4,2.3333333333333335
reduction_cell_0/comb_iter_1/right/bn_sep_7x7_2/FusedBatchNormV3___tr4reduction_cell_0/comb_iter_1/combine/add,CPU,8.7,12.2,1.4022988505747127
reduction_cell_0/comb_iter_1/combine/add,CPU,14.5,25.0,1.7241379310344827
reduction_cell_0/comb_iter_2/left/AvgPool2D/AvgPool,OpenCL,355.2,1069.2,3.0101351351351355
reduction_cell_0/comb_iter_2/right/Relu,OpenCL,337.9,1023.7,3.0295945546019536
reduction_cell_0/comb_iter_2/right/separable_5x5_1/separable_conv2d/depthwise,OpenCL,375.5,853.8,2.2737683089214378
reduction_cell_0/comb_iter_2/right/separable_5x5_1/separable_conv2d,OpenCL,378.44444444444446,1158.7,3.06174398120963
reduction_cell_0/comb_iter_2/right/separable_5x5_2/separable_conv2d/depthwise,OpenCL,361.7,1107.5,3.0619297760575064
reduction_cell_0/comb_iter_2/right/separable_5x5_2/separable_conv2d,OpenCL,376.1111111111111,1018.7,2.70850812407681
reduction_cell_0/comb_iter_2/left/AvgPool2D/AvgPool___tr4reduction_cell_0/comb_iter_2/combine/add,OpenCL,345.55555555555554,775.9,2.245369774919614
reduction_cell_0/comb_iter_2/right/bn_sep_5x5_2/FusedBatchNormV3___tr4reduction_cell_0/comb_iter_2/combine/add,OpenCL,342.44444444444446,862.4,2.5183646982478907
reduction_cell_0/comb_iter_2/combine/add,OpenCL,354.2,722.6,2.0400903444381706
reduction_cell_0/comb_iter_0/left/Relu,CPU,30.77777777777778,66.5,2.160649819494585
reduction_cell_0/comb_iter_0/left/separable_5x5_1/separable_conv2d/depthwise,CPU,83.8,113.9,1.3591885441527447
reduction_cell_0/comb_iter_0/left/separable_5x5_1/separable_conv2d,CPU,114.0,120.4,1.056140350877193
reduction_cell_0/comb_iter_0/left/separable_5x5_2/separable_conv2d/depthwise,CPU,80.1,80.5,1.0049937578027466
reduction_cell_0/comb_iter_0/left/separable_5x5_2/separable_conv2d,CPU,114.0,120.1,1.0535087719298246
reduction_cell_0/comb_iter_0/right/Relu,CPU,31.4,72.7,2.315286624203822
reduction_cell_0/comb_iter_0/right/separable_7x7_1/separable_conv2d/depthwise,CPU,134.1,171.0,1.2751677852348995
reduction_cell_0/comb_iter_0/right/separable_7x7_1/separable_conv2d,CPU,115.0,123.2,1.071304347826087
reduction_cell_0/comb_iter_0/right/separable_7x7_2/separable_conv2d/depthwise,CPU,132.33333333333334,134.4,1.015617128463476
reduction_cell_0/comb_iter_0/right/separable_7x7_2/separable_conv2d,CPU,113.2,120.5,1.064487632508834
reduction_cell_0/comb_iter_0/combine/add,CPU,8.88888888888889,17.8,2.0025
reduction_cell_0/comb_iter_3/right/AvgPool2D/AvgPool,CPU,41.7,45.7,1.0959232613908874
reduction_cell_0/comb_iter_3/right/AvgPool2D/AvgPool___tr4reduction_cell_0/comb_iter_3/combine/add,CPU,8.3,14.8,1.783132530120482
reduction_cell_0/comb_iter_3/combine/add,CPU,11.1,19.4,1.7477477477477477
reduction_cell_0/comb_iter_4/left/Relu,CPU,8.0,12.4,1.55
reduction_cell_0/comb_iter_4/left/separable_3x3_1/separable_conv2d/depthwise,CPU,34.6,39.6,1.1445086705202312
reduction_cell_0/comb_iter_4/left/separable_3x3_1/separable_conv2d,CPU,113.5,118.3,1.0422907488986783
reduction_cell_0/comb_iter_4/left/separable_3x3_2/separable_conv2d/depthwise,CPU,34.0,36.2,1.0647058823529412
reduction_cell_0/comb_iter_4/left/separable_3x3_2/separable_conv2d,CPU,113.2,118.7,1.0485865724381624
reduction_cell_0/comb_iter_4/right/MaxPool2D/MaxPool,CPU,57.3,91.7,1.600349040139616
reduction_cell_0/comb_iter_4/left/bn_sep_3x3_2/FusedBatchNormV3___tr4reduction_cell_0/comb_iter_4/combine/add,CPU,9.4,14.8,1.574468085106383
reduction_cell_0/comb_iter_4/right/MaxPool2D/MaxPool___tr4reduction_cell_0/comb_iter_4/combine/add,CPU,10.1,17.0,1.6831683168316833
reduction_cell_0/comb_iter_4/combine/add,CPU,10.3,23.4,2.2718446601941746
reduction_cell_0/cell_output/concat,CPU,42.8,116.2,2.7149532710280377
cell_5/Relu,CPU,29.5,46.5,1.576271186440678
cell_5/Relu___tr4cell_5/prev_1x1/Conv2D,CPU,59.1,140.0,2.3688663282571913
cell_5/prev_1x1/Conv2D,CPU,453.9,515.6,1.1359330248953514
cell_4/Relu,CPU,139.6,190.0,1.3610315186246418
cell_4/AvgPool2D,CPU,172.2,149.1,0.8658536585365854
cell_4/path1_conv/Conv2D,CPU,207.7,340.1,1.6374578719306694
cell_4/Pad/paddings,CPU,0.0,0.2,0
cell_4/Pad_Gather_Index,CPU,0.0,0.2,0
cell_4/Pad_Gather,CPU,0.0,0.2,0
cell_4/Pad,CPU,352.9,565.8,1.6032870501558516
cell_4/strided_slice/stack,CPU,0.0,0.3,0
cell_4/strided_slice/stack_1,CPU,0.0,0.3,0
cell_4/strided_slice/stack_2,CPU,0.0,0.1,0
cell_4/Pad___tr4cell_4/strided_slice,CPU,430.6,780.9,1.8135160241523454
cell_4/strided_slice,CPU,253.6,256.5,1.011435331230284
cell_4/strided_slice___tr4cell_4/AvgPool2D_1,CPU,208.1,355.0,1.7059106198942817
cell_4/AvgPool2D_1,CPU,108.6,181.1,1.6675874769797423
cell_4/path2_conv/Conv2D,CPU,209.2,374.1,1.7882409177820269
cell_4/concat,CPU,10.2,18.3,1.7941176470588238
cell_4/final_path_bn/FusedBatchNormV3,CPU,10.7,17.3,1.6168224299065421
cell_4/Relu_1,OpenCL,373.44444444444446,878.8,2.353228205891104
cell_4/Relu_1___tr4cell_4/1x1/Conv2D,OpenCL,356.0,733.1,2.0592696629213485
cell_4/1x1/Conv2D,OpenCL,550.5,845.4,1.5356948228882834
cell_4/comb_iter_0/left/Relu,CPU,8.8,11.8,1.3409090909090908
cell_4/comb_iter_0/left/separable_5x5_1/separable_conv2d/depthwise,CPU,81.4,96.9,1.1904176904176904
cell_4/comb_iter_0/left/separable_5x5_1/separable_conv2d,CPU,114.77777777777777,114.9,1.0010648596321394
cell_4/comb_iter_0/left/separable_5x5_2/separable_conv2d/depthwise,CPU,79.9,78.2,0.9787234042553191
cell_4/comb_iter_0/left/separable_5x5_2/separable_conv2d,CPU,113.8,113.6,0.9982425307557118
cell_4/comb_iter_0/right/Relu,CPU,10.5,12.2,1.1619047619047618
cell_4/comb_iter_0/right/separable_3x3_1/separable_conv2d/depthwise,CPU,35.2,41.5,1.1789772727272727
cell_4/comb_iter_0/right/separable_3x3_1/separable_conv2d,CPU,115.3,124.3,1.0780572419774501
cell_4/comb_iter_0/right/separable_3x3_2/separable_conv2d/depthwise,CPU,33.333333333333336,37.0,1.1099999999999999
cell_4/comb_iter_0/right/separable_3x3_2/separable_conv2d,CPU,112.9,124.5,1.1027457927369353
cell_4/comb_iter_0/combine/add,CPU,9.6,10.6,1.1041666666666667
cell_4/comb_iter_1/left/Relu,CPU,8.0,9.4,1.175
cell_4/comb_iter_1/left/separable_5x5_1/separable_conv2d/depthwise,CPU,78.4,84.2,1.0739795918367347
cell_4/comb_iter_1/left/separable_5x5_1/separable_conv2d,CPU,112.3,131.0,1.1665182546749777
cell_4/comb_iter_1/left/separable_5x5_2/separable_conv2d/depthwise,CPU,79.0,82.0,1.0379746835443038
cell_4/comb_iter_1/left/separable_5x5_2/separable_conv2d,CPU,113.2,118.2,1.0441696113074206
cell_4/comb_iter_1/right/Relu,CPU,9.0,15.0,1.6666666666666667
cell_4/comb_iter_1/right/separable_3x3_1/separable_conv2d/depthwise,CPU,32.4,43.9,1.3549382716049383
cell_4/comb_iter_1/right/separable_3x3_1/separable_conv2d,CPU,112.2,119.3,1.0632798573975044
cell_4/comb_iter_1/right/separable_3x3_2/separable_conv2d/depthwise,CPU,32.6,35.7,1.0950920245398774
cell_4/comb_iter_1/right/separable_3x3_2/separable_conv2d,CPU,111.9,117.9,1.0536193029490617
cell_4/comb_iter_1/combine/add,CPU,8.11111111111111,13.8,1.7013698630136989
cell_4/comb_iter_2/left/AvgPool2D/AvgPool,OpenCL,363.9,665.8,1.8296235229458642
cell_4/comb_iter_2/left/AvgPool2D/AvgPool___tr4cell_4/comb_iter_2/combine/add,OpenCL,346.2,608.3,1.7570768341998844
cell_4/final_path_bn/FusedBatchNormV3___tr4cell_4/comb_iter_2/combine/add,CPU,9.88888888888889,14.1,1.4258426966292135
cell_4/comb_iter_2/combine/add,OpenCL,343.0,617.3,1.7997084548104956
cell_4/comb_iter_3/left/AvgPool2D/AvgPool,CPU,40.3,44.8,1.1116625310173698
cell_4/comb_iter_3/right/AvgPool2D/AvgPool,CPU,40.2,40.6,1.0099502487562189
cell_4/comb_iter_3/left/AvgPool2D/AvgPool___tr4cell_4/comb_iter_3/combine/add,CPU,8.6,14.2,1.6511627906976745
cell_4/comb_iter_3/right/AvgPool2D/AvgPool___tr4cell_4/comb_iter_3/combine/add,CPU,8.666666666666666,15.7,1.8115384615384615
cell_4/comb_iter_3/combine/add,CPU,10.0,24.2,2.42
cell_4/comb_iter_4/left/Relu,OpenCL,346.4,922.8,2.663972286374134
cell_4/comb_iter_4/left/separable_3x3_1/separable_conv2d/depthwise,OpenCL,365.22222222222223,1340.9,3.671463340432005
cell_4/comb_iter_4/left/separable_3x3_1/separable_conv2d,OpenCL,385.6,774.6,2.008817427385892
cell_4/comb_iter_4/left/separable_3x3_2/separable_conv2d/depthwise,OpenCL,373.7,843.6,2.2574257425742577
cell_4/comb_iter_4/left/separable_3x3_2/separable_conv2d,OpenCL,368.7,656.6,1.780851640900461
cell_4/comb_iter_4/combine/add,OpenCL,341.5,653.8,1.9144948755490483
cell_4/comb_iter_2/combine/add___tr4cell_4/cell_output/concat,OpenCL,341.7,543.1,1.5894059116183787
cell_4/comb_iter_3/combine/add___tr4cell_4/cell_output/concat,CPU,10.7,21.6,2.018691588785047
cell_4/cell_output/concat,CPU,39.6,82.2,2.0757575757575757
cell_5/Relu_1,OpenCL,386.8888888888889,729.7,1.8860712234348076
cell_5/1x1/Conv2D,OpenCL,664.1,884.0,1.3311248305978014
cell_5/comb_iter_0/left/Relu,CPU,9.3,19.8,2.129032258064516
cell_5/comb_iter_0/left/separable_5x5_1/separable_conv2d/depthwise,CPU,82.7,101.7,1.229746070133011
cell_5/comb_iter_0/left/separable_5x5_1/separable_conv2d,CPU,116.6,125.3,1.074614065180103
cell_5/comb_iter_0/left/separable_5x5_2/separable_conv2d/depthwise,CPU,78.1,80.5,1.030729833546735
cell_5/comb_iter_0/left/separable_5x5_2/separable_conv2d,CPU,113.2,119.0,1.0512367491166077
cell_5/comb_iter_0/right/Relu,CPU,10.0,10.2,1.02
cell_5/comb_iter_0/right/separable_3x3_1/separable_conv2d/depthwise,CPU,34.0,33.8,0.9941176470588234
cell_5/comb_iter_0/right/separable_3x3_1/separable_conv2d,CPU,113.44444444444444,114.6,1.0101860920666013
cell_5/comb_iter_0/right/separable_3x3_2/separable_conv2d/depthwise,CPU,33.4,32.8,0.9820359281437125
cell_5/comb_iter_0/right/separable_3x3_2/separable_conv2d,CPU,112.9,115.3,1.0212577502214348
cell_5/comb_iter_0/combine/add,CPU,9.2,16.8,1.8260869565217392
cell_5/comb_iter_1/left/Relu,CPU,8.3,7.9,0.9518072289156626
cell_5/comb_iter_1/left/separable_5x5_1/separable_conv2d/depthwise,CPU,79.3,81.6,1.0290037831021437
cell_5/comb_iter_1/left/separable_5x5_1/separable_conv2d,CPU,113.2,115.7,1.0220848056537102
cell_5/comb_iter_1/left/separable_5x5_2/separable_conv2d/depthwise,CPU,78.1,77.5,0.9923175416133163
cell_5/comb_iter_1/left/separable_5x5_2/separable_conv2d,CPU,113.2,114.8,1.0141342756183744
cell_5/comb_iter_1/right/Relu,CPU,9.1,10.0,1.098901098901099
cell_5/comb_iter_1/right/separable_3x3_1/separable_conv2d/depthwise,CPU,37.6,40.5,1.077127659574468
cell_5/comb_iter_1/right/separable_3x3_1/separable_conv2d,CPU,113.33333333333333,114.9,1.0138235294117648
cell_5/comb_iter_1/right/separable_3x3_2/separable_conv2d/depthwise,CPU,33.6,33.4,0.994047619047619
cell_5/comb_iter_1/right/separable_3x3_2/separable_conv2d,CPU,113.2,113.8,1.0053003533568905
cell_5/comb_iter_1/combine/add,CPU,7.333333333333333,9.6,1.309090909090909
cell_5/comb_iter_2/left/AvgPool2D/AvgPool,OpenCL,357.44444444444446,766.2,2.143549891202984
cell_5/comb_iter_2/left/AvgPool2D/AvgPool___tr4cell_5/comb_iter_2/combine/add,OpenCL,345.5,1309.5,3.790159189580318
cell_5/prev_bn/FusedBatchNormV3___tr4cell_5/comb_iter_2/combine/add,CPU,10.0,13.7,1.3699999999999999
cell_5/comb_iter_2/combine/add,OpenCL,354.75,997.1,2.810711768851304
cell_5/comb_iter_3/left/AvgPool2D/AvgPool,CPU,41.0,43.5,1.0609756097560976
cell_5/comb_iter_3/right/AvgPool2D/AvgPool,CPU,40.4,39.9,0.9876237623762376
cell_5/comb_iter_3/left/AvgPool2D/AvgPool___tr4cell_5/comb_iter_3/combine/add,CPU,9.2,9.6,1.0434782608695652
cell_5/comb_iter_3/right/AvgPool2D/AvgPool___tr4cell_5/comb_iter_3/combine/add,CPU,10.5,11.5,1.0952380952380953
cell_5/comb_iter_3/combine/add,CPU,10.0,12.9,1.29
cell_5/comb_iter_4/left/Relu,CPU,9.0,17.9,1.9888888888888887
cell_5/comb_iter_4/left/separable_3x3_1/separable_conv2d/depthwise,CPU,32.8,47.7,1.4542682926829271
cell_5/comb_iter_4/left/separable_3x3_1/separable_conv2d,CPU,114.6,119.8,1.0453752181500873
cell_5/comb_iter_4/left/separable_3x3_2/separable_conv2d/depthwise,CPU,33.7,37.3,1.1068249258160237
cell_5/comb_iter_4/left/separable_3x3_2/separable_conv2d,CPU,113.6,119.1,1.0484154929577465
cell_5/comb_iter_4/combine/add,CPU,7.888888888888889,32.3,4.094366197183098
cell_5/comb_iter_2/combine/add___tr4cell_5/cell_output/concat,OpenCL,346.9,1043.4,3.0077832228307875
cell_5/comb_iter_3/combine/add___tr4cell_5/cell_output/concat,CPU,12.9,13.6,1.0542635658914727
cell_5/cell_output/concat,CPU,38.8,103.3,2.662371134020619
cell_7/Relu,CPU,62.111111111111114,103.7,1.6695885509838997
cell_7/prev_1x1/Conv2D,CPU,884.6,973.0,1.0999321727334388
cell_6/Relu,CPU,53.9,93.9,1.7421150278293136
cell_6/prev_1x1/Conv2D,CPU,707.9,995.1,1.405707020765645
cell_6/Relu_1,OpenCL,345.0,715.1,2.072753623188406
cell_6/1x1/Conv2D,OpenCL,623.2222222222222,976.6,1.5670172936352293
cell_6/comb_iter_0/left/Relu,CPU,10.1,18.1,1.7920792079207923
cell_6/comb_iter_0/left/separable_5x5_1/separable_conv2d/depthwise,CPU,80.8,99.2,1.2277227722772277
cell_6/comb_iter_0/left/separable_5x5_1/separable_conv2d,CPU,115.1,119.6,1.0390964378801042
cell_6/comb_iter_0/left/separable_5x5_2/separable_conv2d/depthwise,CPU,79.3,80.0,1.008827238335435
cell_6/comb_iter_0/left/separable_5x5_2/separable_conv2d,CPU,112.2,130.2,1.160427807486631
cell_6/comb_iter_0/right/Relu,CPU,10.2,9.8,0.9607843137254903
cell_6/comb_iter_0/right/separable_3x3_1/separable_conv2d/depthwise,CPU,33.3,42.7,1.2822822822822826
cell_6/comb_iter_0/right/separable_3x3_1/separable_conv2d,CPU,113.8,117.7,1.0342706502636205
cell_6/comb_iter_0/right/separable_3x3_2/separable_conv2d/depthwise,CPU,33.6,35.6,1.0595238095238095
cell_6/comb_iter_0/right/separable_3x3_2/separable_conv2d,CPU,112.9,116.1,1.028343666961913
cell_6/comb_iter_0/combine/add,CPU,9.9,10.8,1.090909090909091
cell_6/comb_iter_1/left/Relu,CPU,7.8,8.6,1.1025641025641026
cell_6/comb_iter_1/left/separable_5x5_1/separable_conv2d/depthwise,CPU,79.0,87.2,1.1037974683544305
cell_6/comb_iter_1/left/separable_5x5_1/separable_conv2d,CPU,113.1,119.0,1.0521662245800176
cell_6/comb_iter_1/left/separable_5x5_2/separable_conv2d/depthwise,CPU,78.6,80.9,1.029262086513995
cell_6/comb_iter_1/left/separable_5x5_2/separable_conv2d,CPU,111.9,119.5,1.067917783735478
cell_6/comb_iter_1/right/Relu,CPU,9.0,15.4,1.7111111111111112
cell_6/comb_iter_1/right/separable_3x3_1/separable_conv2d/depthwise,CPU,32.6,44.7,1.3711656441717792
cell_6/comb_iter_1/right/separable_3x3_1/separable_conv2d,CPU,112.6,117.4,1.0426287744227354
cell_6/comb_iter_1/right/separable_3x3_2/separable_conv2d/depthwise,CPU,32.5,34.9,1.073846153846154
cell_6/comb_iter_1/right/separable_3x3_2/separable_conv2d,CPU,114.4,116.9,1.0218531468531469
cell_6/comb_iter_1/combine/add,CPU,8.222222222222221,12.9,1.5689189189189192
cell_6/comb_iter_2/left/AvgPool2D/AvgPool,CPU,44.2,56.0,1.2669683257918551
cell_6/comb_iter_2/left/AvgPool2D/AvgPool___tr4cell_6/comb_iter_2/combine/add,CPU,8.3,19.3,2.325301204819277
cell_6/prev_bn/FusedBatchNormV3___tr4cell_6/comb_iter_2/combine/add,CPU,9.4,15.7,1.6702127659574466
cell_6/comb_iter_2/combine/add,CPU,9.7,20.9,2.154639175257732
cell_6/comb_iter_3/left/AvgPool2D/AvgPool,OpenCL,360.875,929.2,2.5748527883616212
cell_6/comb_iter_3/right/AvgPool2D/AvgPool,OpenCL,363.3333333333333,936.7,2.578073394495413
cell_6/comb_iter_3/left/AvgPool2D/AvgPool___tr4cell_6/comb_iter_3/combine/add,OpenCL,343.1111111111111,1094.6,3.190220207253886
cell_6/comb_iter_3/right/AvgPool2D/AvgPool___tr4cell_6/comb_iter_3/combine/add,OpenCL,341.1111111111111,1599.7,4.689674267100978
cell_6/comb_iter_3/combine/add,OpenCL,362.77777777777777,880.4,2.4268300153139357
cell_6/comb_iter_4/left/Relu,CPU,9.0,16.4,1.822222222222222
cell_6/comb_iter_4/left/separable_3x3_1/separable_conv2d/depthwise,CPU,32.4,46.0,1.4197530864197532
cell_6/comb_iter_4/left/separable_3x3_1/separable_conv2d,CPU,112.8,119.6,1.0602836879432624
cell_6/comb_iter_4/left/separable_3x3_2/separable_conv2d/depthwise,CPU,33.3,37.0,1.1111111111111112
cell_6/comb_iter_4/left/separable_3x3_2/separable_conv2d,CPU,113.0,118.4,1.047787610619469
cell_6/comb_iter_4/combine/add,CPU,8.6,32.7,3.8023255813953494
cell_6/comb_iter_2/combine/add___tr4cell_6/cell_output/concat,CPU,13.2,23.6,1.787878787878788
cell_6/comb_iter_3/combine/add___tr4cell_6/cell_output/concat,OpenCL,347.9,1073.6,3.0859442368496692
cell_6/cell_output/concat,CPU,38.333333333333336,105.0,2.7391304347826084
cell_7/Relu_1,OpenCL,384.77777777777777,637.8,1.657580132832804
cell_7/1x1/Conv2D,OpenCL,647.7,882.3,1.3622047244094486
cell_7/comb_iter_0/left/Relu,CPU,9.0,18.3,2.033333333333333
cell_7/comb_iter_0/left/separable_5x5_1/separable_conv2d/depthwise,CPU,81.33333333333333,91.9,1.1299180327868854
cell_7/comb_iter_0/left/separable_5x5_1/separable_conv2d,CPU,115.2,120.3,1.0442708333333333
cell_7/comb_iter_0/left/separable_5x5_2/separable_conv2d/depthwise,CPU,79.1,80.6,1.0189633375474083
cell_7/comb_iter_0/left/separable_5x5_2/separable_conv2d,CPU,111.9,125.1,1.1179624664879355
cell_7/comb_iter_0/right/Relu,CPU,10.5,20.2,1.9238095238095236
cell_7/comb_iter_0/right/separable_3x3_1/separable_conv2d/depthwise,CPU,35.5,50.8,1.4309859154929576
cell_7/comb_iter_0/right/separable_3x3_1/separable_conv2d,CPU,114.0,121.8,1.068421052631579
cell_7/comb_iter_0/right/separable_3x3_2/separable_conv2d/depthwise,CPU,34.0,37.1,1.0911764705882354
cell_7/comb_iter_0/right/separable_3x3_2/separable_conv2d,CPU,112.9,118.4,1.0487156775907882
cell_7/comb_iter_0/combine/add,CPU,10.0,14.0,1.4
cell_7/comb_iter_1/left/Relu,CPU,7.9,9.0,1.1392405063291138
cell_7/comb_iter_1/left/separable_5x5_1/separable_conv2d/depthwise,CPU,79.0,105.7,1.3379746835443038
cell_7/comb_iter_1/left/separable_5x5_1/separable_conv2d,CPU,113.9,124.1,1.08955223880597
cell_7/comb_iter_1/left/separable_5x5_2/separable_conv2d/depthwise,CPU,80.2,82.5,1.0286783042394014
cell_7/comb_iter_1/left/separable_5x5_2/separable_conv2d,CPU,113.3,130.1,1.148278905560459
cell_7/comb_iter_1/right/Relu,CPU,10.444444444444445,18.3,1.7521276595744681
cell_7/comb_iter_1/right/separable_3x3_1/separable_conv2d/depthwise,CPU,40.2,45.9,1.1417910447761193
cell_7/comb_iter_1/right/separable_3x3_1/separable_conv2d,CPU,113.0,118.8,1.0513274336283185
cell_7/comb_iter_1/right/separable_3x3_2/separable_conv2d/depthwise,CPU,33.4,36.8,1.1017964071856288
cell_7/comb_iter_1/right/separable_3x3_2/separable_conv2d,CPU,112.22222222222223,119.9,1.0684158415841585
cell_7/comb_iter_1/combine/add,CPU,8.222222222222221,13.9,1.6905405405405407
cell_7/comb_iter_2/left/AvgPool2D/AvgPool,CPU,47.6,58.3,1.2247899159663864
cell_7/comb_iter_2/left/AvgPool2D/AvgPool___tr4cell_7/comb_iter_2/combine/add,CPU,8.2,19.0,2.3170731707317076
cell_7/prev_bn/FusedBatchNormV3___tr4cell_7/comb_iter_2/combine/add,CPU,10.4,23.8,2.2884615384615383
cell_7/comb_iter_2/combine/add,CPU,9.555555555555555,21.1,2.208139534883721
cell_7/comb_iter_3/left/AvgPool2D/AvgPool,OpenCL,359.5,1231.3,3.4250347705146034
cell_7/comb_iter_3/right/AvgPool2D/AvgPool,OpenCL,352.3,1000.8,2.8407607152994605
cell_7/comb_iter_3/left/AvgPool2D/AvgPool___tr4cell_7/comb_iter_3/combine/add,OpenCL,343.6,1366.0,3.975552968568102
cell_7/comb_iter_3/right/AvgPool2D/AvgPool___tr4cell_7/comb_iter_3/combine/add,OpenCL,335.8,853.1,2.5405002977963074
cell_7/comb_iter_3/combine/add,OpenCL,343.77777777777777,1211.3,3.52349709114415
cell_7/comb_iter_4/left/Relu,CPU,9.11111111111111,19.5,2.1402439024390243
cell_7/comb_iter_4/left/separable_3x3_1/separable_conv2d/depthwise,CPU,32.9,57.0,1.7325227963525838
cell_7/comb_iter_4/left/separable_3x3_1/separable_conv2d,CPU,112.7,119.2,1.0576752440106478
cell_7/comb_iter_4/left/separable_3x3_2/separable_conv2d/depthwise,CPU,33.0,36.7,1.1121212121212123
cell_7/comb_iter_4/left/separable_3x3_2/separable_conv2d,CPU,112.3,119.1,1.0605520926090828
cell_7/comb_iter_4/combine/add,CPU,8.333333333333334,33.5,4.02
cell_7/comb_iter_2/combine/add___tr4cell_7/cell_output/concat,CPU,14.2,24.0,1.6901408450704227
cell_7/comb_iter_3/combine/add___tr4cell_7/cell_output/concat,OpenCL,341.2,1343.9,3.9387456037514657
cell_7/cell_output/concat,CPU,40.0,103.4,2.585
reduction_cell_1/Relu_1,CPU,67.33333333333333,98.6,1.4643564356435643
reduction_cell_1/1x1/Conv2D,CPU,1481.6,1535.7,1.0365145788336934
reduction_cell_1/comb_iter_1/left/MaxPool2D/MaxPool,CPU,33.5,41.7,1.2447761194029852
reduction_cell_1/Relu,OpenCL,347.6,1153.3,3.31789413118527
reduction_cell_1/prev_1x1/Conv2D,OpenCL,970.9,1795.0,1.8488000823977753
reduction_cell_1/comb_iter_1/right/Relu,CPU,16.875,36.6,2.168888888888889
reduction_cell_1/comb_iter_1/right/separable_7x7_1/separable_conv2d/depthwise,CPU,104.1,119.8,1.1508165225744478
reduction_cell_1/comb_iter_1/right/separable_7x7_1/separable_conv2d,CPU,116.2,121.2,1.0430292598967297
reduction_cell_1/comb_iter_1/right/separable_7x7_2/separable_conv2d/depthwise,CPU,82.6,82.9,1.00363196125908
reduction_cell_1/comb_iter_1/right/separable_7x7_2/separable_conv2d,CPU,115.2,118.4,1.027777777777778
reduction_cell_1/comb_iter_1/left/MaxPool2D/MaxPool___tr4reduction_cell_1/comb_iter_1/combine/add,CPU,18.5,17.5,0.9459459459459459
reduction_cell_1/comb_iter_1/right/bn_sep_7x7_2/FusedBatchNormV3___tr4reduction_cell_1/comb_iter_1/combine/add,CPU,6.111111111111111,8.3,1.3581818181818184
reduction_cell_1/comb_iter_1/combine/add,CPU,9.5,16.8,1.7684210526315791
reduction_cell_1/comb_iter_2/left/AvgPool2D/AvgPool,CPU,48.9,49.9,1.0204498977505112
reduction_cell_1/comb_iter_2/right/Relu,CPU,15.666666666666666,29.1,1.8574468085106384
reduction_cell_1/comb_iter_2/right/separable_5x5_1/separable_conv2d/depthwise,CPU,60.8,76.0,1.25
reduction_cell_1/comb_iter_2/right/separable_5x5_1/separable_conv2d,CPU,113.7,119.3,1.0492524186455585
reduction_cell_1/comb_iter_2/right/separable_5x5_2/separable_conv2d/depthwise,CPU,60.2,57.1,0.9485049833887043
reduction_cell_1/comb_iter_2/right/separable_5x5_2/separable_conv2d,CPU,114.4,117.1,1.0236013986013985
reduction_cell_1/comb_iter_2/left/AvgPool2D/AvgPool___tr4reduction_cell_1/comb_iter_2/combine/add,CPU,7.6,14.7,1.9342105263157894
reduction_cell_1/comb_iter_2/right/bn_sep_5x5_2/FusedBatchNormV3___tr4reduction_cell_1/comb_iter_2/combine/add,CPU,6.1,8.5,1.3934426229508197
reduction_cell_1/comb_iter_2/combine/add,CPU,8.2,13.0,1.5853658536585367
reduction_cell_1/comb_iter_0/left/Relu,CPU,16.3,31.5,1.9325153374233128
reduction_cell_1/comb_iter_0/left/separable_5x5_1/separable_conv2d/depthwise,CPU,61.6,67.4,1.0941558441558443
reduction_cell_1/comb_iter_0/left/separable_5x5_1/separable_conv2d,CPU,115.0,119.1,1.0356521739130435
reduction_cell_1/comb_iter_0/left/separable_5x5_2/separable_conv2d/depthwise,CPU,60.1,58.8,0.9783693843594009
reduction_cell_1/comb_iter_0/left/separable_5x5_2/separable_conv2d,CPU,113.7,119.0,1.0466138962181177
reduction_cell_1/comb_iter_0/right/Relu,CPU,16.2,32.0,1.9753086419753088
reduction_cell_1/comb_iter_0/right/separable_7x7_1/separable_conv2d/depthwise,CPU,94.5,109.0,1.1534391534391535
reduction_cell_1/comb_iter_0/right/separable_7x7_1/separable_conv2d,CPU,114.5,120.2,1.0497816593886462
reduction_cell_1/comb_iter_0/right/separable_7x7_2/separable_conv2d/depthwise,CPU,83.3,82.7,0.9927971188475391
reduction_cell_1/comb_iter_0/right/separable_7x7_2/separable_conv2d,CPU,116.9,122.3,1.0461933276304534
reduction_cell_1/comb_iter_0/combine/add,CPU,5.571428571428571,9.9,1.776923076923077
reduction_cell_1/comb_iter_3/right/AvgPool2D/AvgPool,OpenCL,353.2,691.8,1.9586636466591165
reduction_cell_1/comb_iter_3/right/AvgPool2D/AvgPool___tr4reduction_cell_1/comb_iter_3/combine/add,OpenCL,337.9,760.7,2.2512577685705835
reduction_cell_1/comb_iter_3/combine/add,OpenCL,339.0,746.5,2.202064896755162
reduction_cell_1/comb_iter_4/left/Relu,CPU,4.2,5.8,1.380952380952381
reduction_cell_1/comb_iter_4/left/separable_3x3_1/separable_conv2d/depthwise,CPU,27.7,30.5,1.1010830324909748
reduction_cell_1/comb_iter_4/left/separable_3x3_1/separable_conv2d,CPU,113.6,130.0,1.1443661971830987
reduction_cell_1/comb_iter_4/left/separable_3x3_2/separable_conv2d/depthwise,CPU,25.9,28.0,1.0810810810810811
reduction_cell_1/comb_iter_4/left/separable_3x3_2/separable_conv2d,CPU,113.8,116.9,1.0272407732864675
reduction_cell_1/comb_iter_4/right/MaxPool2D/MaxPool,CPU,45.0,55.9,1.2422222222222221
reduction_cell_1/comb_iter_4/left/bn_sep_3x3_2/FusedBatchNormV3___tr4reduction_cell_1/comb_iter_4/combine/add,CPU,6.4,9.7,1.5156249999999998
reduction_cell_1/comb_iter_4/right/MaxPool2D/MaxPool___tr4reduction_cell_1/comb_iter_4/combine/add,CPU,7.0,8.9,1.2714285714285716
reduction_cell_1/comb_iter_4/combine/add,CPU,6.8,11.7,1.7205882352941175
reduction_cell_1/cell_output/concat,CPU,19.5,31.7,1.6256410256410256
cell_9/Relu,CPU,16.2,19.7,1.2160493827160495
cell_9/Relu___tr4cell_9/prev_1x1/Conv2D,CPU,32.1,76.2,2.3738317757009346
cell_9/prev_1x1/Conv2D,CPU,459.0,497.2,1.0832244008714598
cell_8/Relu,CPU,54.6,91.2,1.6703296703296704
cell_8/AvgPool2D,CPU,52.4,78.8,1.5038167938931297
cell_8/path1_conv/Conv2D,CPU,189.4,216.6,1.143611404435058
cell_8/Pad/paddings,CPU,0.0,0.3,0
cell_8/Pad_Gather_Index,CPU,0.0,0.3,0
cell_8/Pad_Gather,CPU,0.0,0.5,0
cell_8/Pad,CPU,161.3,170.4,1.0564166150030998
cell_8/strided_slice/stack,CPU,0.0,0.4,0
cell_8/strided_slice/stack_1,CPU,0.0,0.2,0
cell_8/strided_slice/stack_2,CPU,0.0,0.2,0
cell_8/Pad___tr4cell_8/strided_slice,CPU,110.66666666666667,224.3,2.0268072289156627
cell_8/strided_slice,CPU,120.1,125.6,1.0457951706910908
cell_8/strided_slice___tr4cell_8/AvgPool2D_1,CPU,68.3,168.1,2.4612005856515373
cell_8/AvgPool2D_1,CPU,33.6,50.4,1.5
cell_8/path2_conv/Conv2D,CPU,193.9,211.5,1.0907684373388344
cell_8/concat,CPU,5.1,9.9,1.9411764705882355
cell_8/final_path_bn/FusedBatchNormV3,CPU,6.7,8.2,1.2238805970149251
cell_8/Relu_1,OpenCL,352.9,686.0,1.9438934542363278
cell_8/Relu_1___tr4cell_8/1x1/Conv2D,OpenCL,335.4,584.6,1.7429934406678596
cell_8/1x1/Conv2D,OpenCL,695.7777777777778,1013.8,1.457074417119131
cell_8/comb_iter_0/left/Relu,CPU,5.1,6.9,1.3529411764705883
cell_8/comb_iter_0/left/separable_5x5_1/separable_conv2d/depthwise,CPU,61.888888888888886,73.0,1.1795332136445242
cell_8/comb_iter_0/left/separable_5x5_1/separable_conv2d,CPU,116.0,115.3,0.9939655172413793
cell_8/comb_iter_0/left/separable_5x5_2/separable_conv2d/depthwise,CPU,57.9,56.3,0.9723661485319516
cell_8/comb_iter_0/left/separable_5x5_2/separable_conv2d,CPU,114.2,114.7,1.0043782837127846
cell_8/comb_iter_0/right/Relu,CPU,6.3,5.3,0.8412698412698413
cell_8/comb_iter_0/right/separable_3x3_1/separable_conv2d/depthwise,CPU,26.7,34.1,1.2771535580524345
cell_8/comb_iter_0/right/separable_3x3_1/separable_conv2d,CPU,118.44444444444444,117.6,0.9928705440900563
cell_8/comb_iter_0/right/separable_3x3_2/separable_conv2d/depthwise,CPU,25.9,27.0,1.0424710424710426
cell_8/comb_iter_0/right/separable_3x3_2/separable_conv2d,CPU,114.2,116.8,1.0227670753064797
cell_8/comb_iter_0/combine/add,CPU,7.5,7.0,0.9333333333333333
cell_8/comb_iter_1/left/Relu,CPU,4.7,7.0,1.4893617021276595
cell_8/comb_iter_1/left/separable_5x5_1/separable_conv2d/depthwise,CPU,59.0,58.1,0.9847457627118644
cell_8/comb_iter_1/left/separable_5x5_1/separable_conv2d,CPU,114.3,117.5,1.0279965004374454
cell_8/comb_iter_1/left/separable_5x5_2/separable_conv2d/depthwise,CPU,59.3,57.4,0.9679595278246206
cell_8/comb_iter_1/left/separable_5x5_2/separable_conv2d,CPU,114.6,117.5,1.0253054101221641
cell_8/comb_iter_1/right/Relu,CPU,5.0,5.4,1.08
cell_8/comb_iter_1/right/separable_3x3_1/separable_conv2d/depthwise,CPU,25.9,27.3,1.0540540540540542
cell_8/comb_iter_1/right/separable_3x3_1/separable_conv2d,CPU,114.0,119.9,1.0517543859649123
cell_8/comb_iter_1/right/separable_3x3_2/separable_conv2d/depthwise,CPU,25.2,31.0,1.2301587301587302
cell_8/comb_iter_1/right/separable_3x3_2/separable_conv2d,CPU,114.6,131.1,1.143979057591623
cell_8/comb_iter_1/combine/add,CPU,6.5,9.5,1.4615384615384615
cell_8/comb_iter_2/left/AvgPool2D/AvgPool,CPU,27.9,35.8,1.2831541218637992
cell_8/comb_iter_2/left/AvgPool2D/AvgPool___tr4cell_8/comb_iter_2/combine/add,CPU,6.333333333333333,8.3,1.3105263157894738
cell_8/final_path_bn/FusedBatchNormV3___tr4cell_8/comb_iter_2/combine/add,CPU,6.3,14.6,2.3174603174603177
cell_8/comb_iter_2/combine/add,CPU,7.5,8.7,1.16
cell_8/comb_iter_3/left/AvgPool2D/AvgPool,CPU,23.0,25.4,1.1043478260869564
cell_8/comb_iter_3/right/AvgPool2D/AvgPool,CPU,22.4,22.8,1.017857142857143
cell_8/comb_iter_3/left/AvgPool2D/AvgPool___tr4cell_8/comb_iter_3/combine/add,CPU,6.2,8.8,1.4193548387096775
cell_8/comb_iter_3/right/AvgPool2D/AvgPool___tr4cell_8/comb_iter_3/combine/add,CPU,6.4,6.9,1.078125
cell_8/comb_iter_3/combine/add,CPU,6.8,10.7,1.5735294117647058
cell_8/comb_iter_4/left/Relu,OpenCL,339.5,699.3,2.0597938144329895
cell_8/comb_iter_4/left/separable_3x3_1/separable_conv2d/depthwise,OpenCL,367.4,1582.0,4.305933587370713
cell_8/comb_iter_4/left/separable_3x3_1/separable_conv2d,OpenCL,347.0,955.0,2.7521613832853027
cell_8/comb_iter_4/left/separable_3x3_2/separable_conv2d/depthwise,OpenCL,366.3,1338.9,3.6552006552006553
cell_8/comb_iter_4/left/separable_3x3_2/separable_conv2d,OpenCL,349.6,736.8,2.107551487414187
cell_8/comb_iter_4/combine/add,OpenCL,343.375,886.8,2.5825991991263195
cell_8/comb_iter_2/combine/add___tr4cell_8/cell_output/concat,CPU,7.8,8.9,1.1410256410256412
cell_8/comb_iter_3/combine/add___tr4cell_8/cell_output/concat,CPU,6.3,9.7,1.5396825396825395
cell_8/cell_output/concat,CPU,22.666666666666668,35.1,1.548529411764706
cell_9/Relu_1,OpenCL,476.75,727.5,1.5259570005243839
cell_9/1x1/Conv2D,OpenCL,987.1111111111111,1200.2,1.215871229176047
cell_9/comb_iter_0/left/Relu,CPU,5.3,10.6,2.0
cell_9/comb_iter_0/left/separable_5x5_1/separable_conv2d/depthwise,CPU,62.1,78.4,1.2624798711755234
cell_9/comb_iter_0/left/separable_5x5_1/separable_conv2d,CPU,115.8,121.0,1.0449050086355787
cell_9/comb_iter_0/left/separable_5x5_2/separable_conv2d/depthwise,CPU,58.7,58.2,0.9914821124361158
cell_9/comb_iter_0/left/separable_5x5_2/separable_conv2d,CPU,115.8,126.5,1.0924006908462867
cell_9/comb_iter_0/right/Relu,CPU,5.9,5.5,0.9322033898305084
cell_9/comb_iter_0/right/separable_3x3_1/separable_conv2d/depthwise,CPU,28.0,28.7,1.025
cell_9/comb_iter_0/right/separable_3x3_1/separable_conv2d,CPU,114.7,115.3,1.005231037489102
cell_9/comb_iter_0/right/separable_3x3_2/separable_conv2d/depthwise,CPU,26.0,25.4,0.9769230769230769
cell_9/comb_iter_0/right/separable_3x3_2/separable_conv2d,CPU,114.0,113.6,0.9964912280701754
cell_9/comb_iter_0/combine/add,CPU,6.571428571428571,8.4,1.2782608695652176
cell_9/comb_iter_1/left/Relu,CPU,4.6,4.7,1.0217391304347827
cell_9/comb_iter_1/left/separable_5x5_1/separable_conv2d/depthwise,CPU,59.111111111111114,61.8,1.0454887218045112
cell_9/comb_iter_1/left/separable_5x5_1/separable_conv2d,CPU,115.5,124.9,1.0813852813852813
cell_9/comb_iter_1/left/separable_5x5_2/separable_conv2d/depthwise,CPU,59.4,56.4,0.9494949494949495
cell_9/comb_iter_1/left/separable_5x5_2/separable_conv2d,CPU,113.8,115.0,1.0105448154657293
cell_9/comb_iter_1/right/Relu,CPU,5.5,6.2,1.1272727272727272
cell_9/comb_iter_1/right/separable_3x3_1/separable_conv2d/depthwise,CPU,26.1,28.8,1.103448275862069
cell_9/comb_iter_1/right/separable_3x3_1/separable_conv2d,CPU,114.9,116.7,1.0156657963446476
cell_9/comb_iter_1/right/separable_3x3_2/separable_conv2d/depthwise,CPU,25.9,25.7,0.9922779922779923
cell_9/comb_iter_1/right/separable_3x3_2/separable_conv2d,CPU,113.8,114.7,1.007908611599297
cell_9/comb_iter_1/combine/add,CPU,5.625,6.9,1.2266666666666668
cell_9/comb_iter_2/left/AvgPool2D/AvgPool,OpenCL,366.55555555555554,893.6,2.437829645347075
cell_9/comb_iter_2/left/AvgPool2D/AvgPool___tr4cell_9/comb_iter_2/combine/add,OpenCL,350.22222222222223,1616.3,4.615069796954314
cell_9/prev_bn/FusedBatchNormV3___tr4cell_9/comb_iter_2/combine/add,CPU,6.8,8.3,1.2205882352941178
cell_9/comb_iter_2/combine/add,OpenCL,364.6666666666667,755.3,2.0712065813528335
cell_9/comb_iter_3/left/AvgPool2D/AvgPool,CPU,22.8,25.8,1.131578947368421
cell_9/comb_iter_3/right/AvgPool2D/AvgPool,CPU,22.2,22.8,1.0270270270270272
cell_9/comb_iter_3/left/AvgPool2D/AvgPool___tr4cell_9/comb_iter_3/combine/add,CPU,5.9,6.6,1.11864406779661
cell_9/comb_iter_3/right/AvgPool2D/AvgPool___tr4cell_9/comb_iter_3/combine/add,CPU,6.8,6.3,0.9264705882352942
cell_9/comb_iter_3/combine/add,CPU,7.1,7.5,1.0563380281690142
cell_9/comb_iter_4/left/Relu,CPU,5.0,9.9,1.98
cell_9/comb_iter_4/left/separable_3x3_1/separable_conv2d/depthwise,CPU,26.1,42.4,1.6245210727969348
cell_9/comb_iter_4/left/separable_3x3_1/separable_conv2d,CPU,116.3,130.1,1.1186586414445399
cell_9/comb_iter_4/left/separable_3x3_2/separable_conv2d/depthwise,CPU,26.8,29.7,1.1082089552238805
cell_9/comb_iter_4/left/separable_3x3_2/separable_conv2d,CPU,114.4,122.0,1.0664335664335665
cell_9/comb_iter_4/combine/add,CPU,5.9,24.6,4.169491525423728
cell_9/comb_iter_2/combine/add___tr4cell_9/cell_output/concat,OpenCL,337.3,1564.9,4.6394900681885565
cell_9/comb_iter_3/combine/add___tr4cell_9/cell_output/concat,CPU,7.6,7.8,1.0263157894736843
cell_9/cell_output/concat,CPU,22.3,60.7,2.7219730941704037
cell_11/Relu,CPU,23.5,51.7,2.2
cell_11/prev_1x1/Conv2D,CPU,709.1,817.3,1.1525877873360597
cell_10/Relu,CPU,25.0,34.9,1.396
cell_10/prev_1x1/Conv2D,CPU,751.8,774.4,1.0300611864857676
cell_10/Relu_1,OpenCL,349.375,676.2,1.9354561717352416
cell_10/1x1/Conv2D,OpenCL,923.2,1160.9,1.2574740034662046
cell_10/comb_iter_0/left/Relu,CPU,4.777777777777778,11.2,2.344186046511628
cell_10/comb_iter_0/left/separable_5x5_1/separable_conv2d/depthwise,CPU,65.1,79.9,1.2273425499231954
cell_10/comb_iter_0/left/separable_5x5_1/separable_conv2d,CPU,115.6,122.7,1.0614186851211074
cell_10/comb_iter_0/left/separable_5x5_2/separable_conv2d/depthwise,CPU,59.3,58.0,0.9780775716694773
cell_10/comb_iter_0/left/separable_5x5_2/separable_conv2d,CPU,115.3,120.2,1.0424978317432785
cell_10/comb_iter_0/right/Relu,CPU,5.9,5.7,0.9661016949152542
cell_10/comb_iter_0/right/separable_3x3_1/separable_conv2d/depthwise,CPU,26.6,29.8,1.1203007518796992
cell_10/comb_iter_0/right/separable_3x3_1/separable_conv2d,CPU,113.7,117.0,1.029023746701847
cell_10/comb_iter_0/right/separable_3x3_2/separable_conv2d/depthwise,CPU,25.8,27.5,1.065891472868217
cell_10/comb_iter_0/right/separable_3x3_2/separable_conv2d,CPU,114.1,116.0,1.016652059596845
cell_10/comb_iter_0/combine/add,CPU,8.9,8.2,0.9213483146067415
cell_10/comb_iter_1/left/Relu,CPU,4.444444444444445,4.8,1.0799999999999998
cell_10/comb_iter_1/left/separable_5x5_1/separable_conv2d/depthwise,CPU,59.7,66.4,1.1122278056951425
cell_10/comb_iter_1/left/separable_5x5_1/separable_conv2d,CPU,113.6,120.4,1.0598591549295775
cell_10/comb_iter_1/left/separable_5x5_2/separable_conv2d/depthwise,CPU,59.2,56.4,0.9527027027027026
cell_10/comb_iter_1/left/separable_5x5_2/separable_conv2d,CPU,113.7,132.0,1.1609498680738786
cell_10/comb_iter_1/right/Relu,CPU,4.9,7.4,1.510204081632653
cell_10/comb_iter_1/right/separable_3x3_1/separable_conv2d/depthwise,CPU,28.6,30.2,1.0559440559440558
cell_10/comb_iter_1/right/separable_3x3_1/separable_conv2d,CPU,113.9,118.4,1.0395083406496928
cell_10/comb_iter_1/right/separable_3x3_2/separable_conv2d/depthwise,CPU,25.7,26.8,1.0428015564202335
cell_10/comb_iter_1/right/separable_3x3_2/separable_conv2d,CPU,113.5,117.2,1.0325991189427313
cell_10/comb_iter_1/combine/add,CPU,5.125,8.3,1.6195121951219513
cell_10/comb_iter_2/left/AvgPool2D/AvgPool,CPU,27.2,40.9,1.5036764705882353
cell_10/comb_iter_2/left/AvgPool2D/AvgPool___tr4cell_10/comb_iter_2/combine/add,CPU,6.7,13.1,1.9552238805970148
cell_10/prev_bn/FusedBatchNormV3___tr4cell_10/comb_iter_2/combine/add,CPU,6.1,10.8,1.7704918032786887
cell_10/comb_iter_2/combine/add,CPU,7.7,13.7,1.779220779220779
cell_10/comb_iter_3/left/AvgPool2D/AvgPool,OpenCL,358.55555555555554,1068.1,2.978896808180973
cell_10/comb_iter_3/right/AvgPool2D/AvgPool,OpenCL,350.6666666666667,1191.6,3.398098859315589
cell_10/comb_iter_3/left/AvgPool2D/AvgPool___tr4cell_10/comb_iter_3/combine/add,OpenCL,349.7,985.3,2.8175579067772376
cell_10/comb_iter_3/right/AvgPool2D/AvgPool___tr4cell_10/comb_iter_3/combine/add,OpenCL,336.4,1335.3,3.969381688466112
cell_10/comb_iter_3/combine/add,OpenCL,350.1111111111111,1219.5,3.483179942875278
cell_10/comb_iter_4/left/Relu,CPU,4.7,11.2,2.382978723404255
cell_10/comb_iter_4/left/separable_3x3_1/separable_conv2d/depthwise,CPU,25.9,43.6,1.6833976833976836
cell_10/comb_iter_4/left/separable_3x3_1/separable_conv2d,CPU,115.5,119.6,1.0354978354978355
cell_10/comb_iter_4/left/separable_3x3_2/separable_conv2d/depthwise,CPU,26.5,28.5,1.0754716981132075
cell_10/comb_iter_4/left/separable_3x3_2/separable_conv2d,CPU,114.7,119.8,1.044463818657367
cell_10/comb_iter_4/combine/add,CPU,6.111111111111111,24.5,4.00909090909091
cell_10/comb_iter_2/combine/add___tr4cell_10/cell_output/concat,CPU,8.1,16.8,2.0740740740740744
cell_10/comb_iter_3/combine/add___tr4cell_10/cell_output/concat,OpenCL,339.0,1434.1,4.230383480825958
cell_10/cell_output/concat,CPU,22.2,52.8,2.3783783783783785
cell_11/Relu_1,OpenCL,408.1,639.9,1.5679980396961528
cell_11/1x1/Conv2D,OpenCL,889.4,1097.8,1.2343152687204857
cell_11/comb_iter_0/left/Relu,CPU,5.0,11.0,2.2
cell_11/comb_iter_0/left/separable_5x5_1/separable_conv2d/depthwise,CPU,63.4,76.6,1.2082018927444795
cell_11/comb_iter_0/left/separable_5x5_1/separable_conv2d,CPU,116.8,121.1,1.0368150684931507
cell_11/comb_iter_0/left/separable_5x5_2/separable_conv2d/depthwise,CPU,59.4,59.0,0.9932659932659933
cell_11/comb_iter_0/left/separable_5x5_2/separable_conv2d,CPU,114.6,119.0,1.0383944153577662
cell_11/comb_iter_0/right/Relu,CPU,6.5,13.5,2.076923076923077
cell_11/comb_iter_0/right/separable_3x3_1/separable_conv2d/depthwise,CPU,26.5,41.6,1.569811320754717
cell_11/comb_iter_0/right/separable_3x3_1/separable_conv2d,CPU,114.7,133.7,1.16564952048823
cell_11/comb_iter_0/right/separable_3x3_2/separable_conv2d/depthwise,CPU,25.444444444444443,30.7,1.2065502183406114
cell_11/comb_iter_0/right/separable_3x3_2/separable_conv2d,CPU,114.3,119.9,1.0489938757655295
cell_11/comb_iter_0/combine/add,CPU,7.6,7.9,1.0394736842105263
cell_11/comb_iter_1/left/Relu,CPU,4.555555555555555,5.3,1.1634146341463414
cell_11/comb_iter_1/left/separable_5x5_1/separable_conv2d/depthwise,CPU,59.1,67.9,1.1489001692047378
cell_11/comb_iter_1/left/separable_5x5_1/separable_conv2d,CPU,114.4,126.3,1.104020979020979
cell_11/comb_iter_1/left/separable_5x5_2/separable_conv2d/depthwise,CPU,59.2,58.3,0.9847972972972971
cell_11/comb_iter_1/left/separable_5x5_2/separable_conv2d,CPU,115.88888888888889,119.2,1.0285714285714287
cell_11/comb_iter_1/right/Relu,CPU,5.666666666666667,9.7,1.7117647058823526
cell_11/comb_iter_1/right/separable_3x3_1/separable_conv2d/depthwise,CPU,26.0,32.3,1.2423076923076921
cell_11/comb_iter_1/right/separable_3x3_1/separable_conv2d,CPU,114.7,122.5,1.068003487358326
cell_11/comb_iter_1/right/separable_3x3_2/separable_conv2d/depthwise,CPU,25.2,28.8,1.142857142857143
cell_11/comb_iter_1/right/separable_3x3_2/separable_conv2d,CPU,114.1,117.9,1.0333041191936898
cell_11/comb_iter_1/combine/add,CPU,5.714285714285714,10.4,1.82
cell_11/comb_iter_2/left/AvgPool2D/AvgPool,CPU,26.7,37.2,1.3932584269662922
cell_11/comb_iter_2/left/AvgPool2D/AvgPool___tr4cell_11/comb_iter_2/combine/add,CPU,6.222222222222222,13.0,2.0892857142857144
cell_11/prev_bn/FusedBatchNormV3___tr4cell_11/comb_iter_2/combine/add,CPU,6.6,12.7,1.9242424242424243
cell_11/comb_iter_2/combine/add,CPU,7.222222222222222,12.5,1.7307692307692308
cell_11/comb_iter_3/left/AvgPool2D/AvgPool,OpenCL,345.0,1189.9,3.448985507246377
cell_11/comb_iter_3/right/AvgPool2D/AvgPool,OpenCL,350.8888888888889,1092.4,3.1132362254591515
cell_11/comb_iter_3/left/AvgPool2D/AvgPool___tr4cell_11/comb_iter_3/combine/add,OpenCL,339.8,1268.4,3.732783990582696
cell_11/comb_iter_3/right/AvgPool2D/AvgPool___tr4cell_11/comb_iter_3/combine/add,OpenCL,332.6666666666667,1272.3,3.8245490981963925
cell_11/comb_iter_3/combine/add,OpenCL,343.375,1025.4,2.9862395340371317
cell_11/comb_iter_4/left/Relu,CPU,4.9,10.7,2.1836734693877546
cell_11/comb_iter_4/left/separable_3x3_1/separable_conv2d/depthwise,CPU,25.0,38.3,1.5319999999999998
cell_11/comb_iter_4/left/separable_3x3_1/separable_conv2d,CPU,114.3,120.5,1.0542432195975504
cell_11/comb_iter_4/left/separable_3x3_2/separable_conv2d/depthwise,CPU,25.7,29.3,1.1400778210116733
cell_11/comb_iter_4/left/separable_3x3_2/separable_conv2d,CPU,113.44444444444444,118.6,1.0454456415279139
cell_11/comb_iter_4/combine/add,CPU,6.25,30.0,4.8
cell_11/comb_iter_2/combine/add___tr4cell_11/cell_output/concat,CPU,8.1,12.7,1.5679012345679013
cell_11/comb_iter_3/combine/add___tr4cell_11/cell_output/concat,OpenCL,337.5,1385.7,4.105777777777778
cell_11/cell_output/concat,CPU,22.88888888888889,49.6,2.166990291262136
final_layer/Relu,CPU,27.444444444444443,51.2,1.8655870445344132
final_layer/Mean/reduction_indices,CPU,0.0,0.4,0
final_layer/Relu___tr4final_layer/Mean,CPU,81.8,105.8,1.293398533007335
final_layer/Mean,CPU,61.2,71.8,1.1732026143790848
final_layer/FC/weights,CPU,0.0,0.3,0
final_layer/FC/MatMul,CPU,3446.4,4256.7,1.2351149025069637
final_layer/FC/biases,CPU,0.0,0.6,0
final_layer/FC/BiasAdd,CPU,16.2,29.0,1.7901234567901236
final_layer/predictions,CPU,10.88888888888889,11.6,1.0653061224489795
