conv0/Conv2D,CPU,3951.8888888888887,4036.1,1.0213090786403127
cell_stem_0/Relu,OpenCL,1178.0,1374.7,1.1669779286926996
cell_stem_0/1x1/Conv2D,OpenCL,1716.888888888889,1691.5,0.9852122702562774
cell_stem_0/comb_iter_1/left/MaxPool2D/MaxPool,OpenCL,857.875,1190.9,1.3881975812326972
cell_stem_0/comb_iter_1/right/Relu,OpenCL,1074.75,1492.4,1.3886020004652246
cell_stem_0/comb_iter_1/right/separable_7x7_1/separable_conv2d/depthwise,OpenCL,3875.6,4777.6,1.2327381566725153
cell_stem_0/comb_iter_1/right/separable_7x7_1/separable_conv2d,OpenCL,1002.4285714285714,1364.3,1.3609947270913496
cell_stem_0/comb_iter_1/right/separable_7x7_2/separable_conv2d/depthwise,OpenCL,1281.4444444444443,1402.4,1.0943900112720022
cell_stem_0/comb_iter_1/right/separable_7x7_2/separable_conv2d,OpenCL,882.6666666666666,1149.6,1.3024169184290029
cell_stem_0/comb_iter_1/left/MaxPool2D/MaxPool___tr4cell_stem_0/comb_iter_1/combine/add,OpenCL,258.42857142857144,841.0,3.2542841348811495
cell_stem_0/comb_iter_1/right/bn_sep_7x7_2/FusedBatchNormV3___tr4cell_stem_0/comb_iter_1/combine/add,OpenCL,217.14285714285714,842.1,3.8780921052631583
cell_stem_0/comb_iter_1/combine/add,OpenCL,517.5714285714286,995.5,1.92340601711289
cell_stem_0/comb_iter_2/left/AvgPool2D/AvgPool,OpenCL,721.6666666666666,1112.2,1.5411547344110856
cell_stem_0/comb_iter_2/right/Relu,OpenCL,1022.6666666666666,1663.5,1.6266297262059974
cell_stem_0/comb_iter_2/right/separable_5x5_1/separable_conv2d/depthwise,OpenCL,2476.5,2634.6,1.063840096910963
cell_stem_0/comb_iter_2/right/separable_5x5_1/separable_conv2d,OpenCL,983.2222222222222,1097.8,1.1165329415753193
cell_stem_0/comb_iter_2/right/separable_5x5_2/separable_conv2d/depthwise,OpenCL,1046.6666666666667,1198.9,1.1454458598726114
cell_stem_0/comb_iter_2/right/separable_5x5_2/separable_conv2d,OpenCL,856.1111111111111,1090.9,1.2742504866969502
cell_stem_0/comb_iter_2/left/AvgPool2D/AvgPool___tr4cell_stem_0/comb_iter_2/combine/add,OpenCL,309.0,766.2,2.479611650485437
cell_stem_0/comb_iter_2/right/bn_sep_5x5_2/FusedBatchNormV3___tr4cell_stem_0/comb_iter_2/combine/add,OpenCL,269.75,748.1,2.7733086190917517
cell_stem_0/comb_iter_2/combine/add,OpenCL,485.5,901.9,1.8576725025746652
cell_stem_0/comb_iter_0/left/Relu,CPU,370.0,391.5,1.058108108108108
cell_stem_0/comb_iter_0/left/separable_5x5_1/separable_conv2d/depthwise,CPU,848.1,920.1,1.0848956490979837
cell_stem_0/comb_iter_0/left/separable_5x5_1/separable_conv2d,CPU,186.1,209.9,1.1278882321332617
cell_stem_0/comb_iter_0/left/separable_5x5_2/separable_conv2d/depthwise,CPU,645.6,693.3,1.073884758364312
cell_stem_0/comb_iter_0/left/separable_5x5_2/separable_conv2d,CPU,173.1,223.3,1.2900057770075102
cell_stem_0/comb_iter_0/right/Relu,CPU,915.2,1766.1,1.9297421328671327
cell_stem_0/comb_iter_0/right/separable_7x7_1/separable_conv2d/depthwise,CPU,2829.1,3085.3,1.0905588349651834
cell_stem_0/comb_iter_0/right/separable_7x7_1/separable_conv2d,CPU,1041.8,1166.7,1.1198886542522557
cell_stem_0/comb_iter_0/right/separable_7x7_2/separable_conv2d/depthwise,CPU,1196.1,1211.5,1.0128751776607308
cell_stem_0/comb_iter_0/right/separable_7x7_2/separable_conv2d,CPU,187.5,219.8,1.1722666666666668
cell_stem_0/comb_iter_0/combine/add,CPU,96.1,82.8,0.8616024973985432
cell_stem_0/comb_iter_3/right/AvgPool2D/AvgPool,CPU,354.2,369.2,1.0423489553924337
cell_stem_0/comb_iter_3/right/AvgPool2D/AvgPool___tr4cell_stem_0/comb_iter_3/combine/add,CPU,95.2,120.8,1.26890756302521
cell_stem_0/comb_iter_3/combine/add,CPU,61.8,158.3,2.561488673139159
cell_stem_0/comb_iter_4/left/Relu,CPU,52.4,48.4,0.9236641221374046
cell_stem_0/comb_iter_4/left/separable_3x3_1/separable_conv2d/depthwise,CPU,210.8,226.3,1.0735294117647058
cell_stem_0/comb_iter_4/left/separable_3x3_1/separable_conv2d,CPU,180.6,207.3,1.147840531561462
cell_stem_0/comb_iter_4/left/separable_3x3_2/separable_conv2d/depthwise,CPU,202.9,210.9,1.0394282897979301
cell_stem_0/comb_iter_4/left/separable_3x3_2/separable_conv2d,CPU,129.2,136.7,1.0580495356037152
cell_stem_0/comb_iter_4/right/MaxPool2D/MaxPool,CPU,529.0,539.8,1.0204158790170132
cell_stem_0/comb_iter_4/left/bn_sep_3x3_2/FusedBatchNormV3___tr4cell_stem_0/comb_iter_4/combine/add,CPU,170.11111111111111,187.3,1.1010450685826259
cell_stem_0/comb_iter_4/right/MaxPool2D/MaxPool___tr4cell_stem_0/comb_iter_4/combine/add,CPU,124.8,169.3,1.356570512820513
cell_stem_0/comb_iter_4/combine/add,CPU,52.666666666666664,66.8,1.268354430379747
cell_stem_0/cell_output/concat,CPU,820.3,861.0,1.0496159941484824
cell_stem_1/Relu_1,CPU,233.3,260.3,1.115730818688384
cell_stem_1/Relu_1___tr4cell_stem_1/1x1/Conv2D,CPU,541.2,533.0,0.9848484848484848
cell_stem_1/1x1/Conv2D,CPU,817.1,855.8,1.0473626239138416
cell_stem_1/comb_iter_1/left/MaxPool2D/MaxPool,CPU,147.8,249.3,1.6867388362652231
cell_stem_1/Relu,CPU,894.2,1005.6,1.12458063073138
cell_stem_1/AvgPool2D,CPU,421.4,464.8,1.1029900332225915
cell_stem_1/path1_conv/Conv2D,CPU,990.6,1199.4,1.2107813446396125
cell_stem_1/Pad/paddings,CPU,0.9,0.5,0.5555555555555556
cell_stem_1/Pad_Gather_Index,CPU,0.9,0.2,0.22222222222222224
cell_stem_1/Pad_Gather,CPU,0.0,0.2,0
cell_stem_1/Pad,CPU,1269.6666666666667,1532.9,1.2073247571541086
cell_stem_1/strided_slice/stack,CPU,1.0,0.2,0.2
cell_stem_1/strided_slice/stack_1,CPU,1.0,0.0,0.0
cell_stem_1/strided_slice/stack_2,CPU,0.0,0.1,0
cell_stem_1/Pad___tr4cell_stem_1/strided_slice,CPU,3857.3333333333335,4488.1,1.1635240235050122
cell_stem_1/strided_slice,CPU,1447.5,1504.7,1.039516407599309
cell_stem_1/strided_slice___tr4cell_stem_1/AvgPool2D_1,CPU,1366.3,1601.1,1.1718509844104517
cell_stem_1/AvgPool2D_1,CPU,452.1,513.8,1.1364742313647422
cell_stem_1/path2_conv/Conv2D,CPU,955.1,1082.4,1.1332844728300702
cell_stem_1/concat,CPU,231.0,387.0,1.6753246753246753
cell_stem_1/final_path_bn/FusedBatchNormV3,CPU,159.7,192.8,1.2072636192861617
cell_stem_1/comb_iter_1/right/Relu,CPU,142.3,183.5,1.2895291637385804
cell_stem_1/comb_iter_1/right/separable_7x7_1/separable_conv2d/depthwise,CPU,551.6,576.9,1.045866569978245
cell_stem_1/comb_iter_1/right/separable_7x7_1/separable_conv2d,CPU,102.8,105.7,1.0282101167315176
cell_stem_1/comb_iter_1/right/separable_7x7_2/separable_conv2d/depthwise,CPU,500.70000000000005,499.7,0.9980027960854803
cell_stem_1/comb_iter_1/right/separable_7x7_2/separable_conv2d,CPU,88.9,101.4,1.140607424071991
cell_stem_1/comb_iter_1/left/MaxPool2D/MaxPool___tr4cell_stem_1/comb_iter_1/combine/add,CPU,153.8,98.0,0.6371911573472041
cell_stem_1/comb_iter_1/right/bn_sep_7x7_2/FusedBatchNormV3___tr4cell_stem_1/comb_iter_1/combine/add,CPU,32.22222222222222,32.7,1.0148275862068967
cell_stem_1/comb_iter_1/combine/add,CPU,21.22222222222222,21.6,1.0178010471204189
cell_stem_1/comb_iter_2/left/AvgPool2D/AvgPool,CPU,256.0,240.3,0.938671875
cell_stem_1/comb_iter_2/right/Relu,CPU,169.4,201.6,1.1900826446280992
cell_stem_1/comb_iter_2/right/separable_5x5_1/separable_conv2d/depthwise,CPU,375.9,387.9,1.0319233838786912
cell_stem_1/comb_iter_2/right/separable_5x5_1/separable_conv2d,CPU,99.1,100.0,1.0090817356205852
cell_stem_1/comb_iter_2/right/separable_5x5_2/separable_conv2d/depthwise,CPU,241.6,248.9,1.0302152317880795
cell_stem_1/comb_iter_2/right/separable_5x5_2/separable_conv2d,CPU,88.4,89.1,1.007918552036199
cell_stem_1/comb_iter_2/left/AvgPool2D/AvgPool___tr4cell_stem_1/comb_iter_2/combine/add,CPU,108.2,126.8,1.1719038817005545
cell_stem_1/comb_iter_2/right/bn_sep_5x5_2/FusedBatchNormV3___tr4cell_stem_1/comb_iter_2/combine/add,CPU,31.7,31.1,0.9810725552050474
cell_stem_1/comb_iter_2/combine/add,CPU,20.9,21.3,1.0191387559808613
cell_stem_1/comb_iter_0/left/Relu,CPU,159.2,121.9,0.7657035175879398
cell_stem_1/comb_iter_0/left/separable_5x5_1/separable_conv2d/depthwise,CPU,324.9,369.9,1.1385041551246537
cell_stem_1/comb_iter_0/left/separable_5x5_1/separable_conv2d,CPU,94.4,119.6,1.2669491525423728
cell_stem_1/comb_iter_0/left/separable_5x5_2/separable_conv2d/depthwise,CPU,244.0,243.8,0.9991803278688525
cell_stem_1/comb_iter_0/left/separable_5x5_2/separable_conv2d,CPU,88.7,90.2,1.0169109357384443
cell_stem_1/comb_iter_0/right/Relu,CPU,141.2,183.8,1.3016997167138813
cell_stem_1/comb_iter_0/right/separable_7x7_1/separable_conv2d/depthwise,CPU,528.7,574.9,1.0873841498013994
cell_stem_1/comb_iter_0/right/separable_7x7_1/separable_conv2d,CPU,95.5,100.3,1.050261780104712
cell_stem_1/comb_iter_0/right/separable_7x7_2/separable_conv2d/depthwise,CPU,516.2,518.2,1.0038744672607516
cell_stem_1/comb_iter_0/right/separable_7x7_2/separable_conv2d,CPU,89.7,90.1,1.0044593088071347
cell_stem_1/comb_iter_0/combine/add,CPU,25.0,28.5,1.14
cell_stem_1/comb_iter_3/right/AvgPool2D/AvgPool,CPU,132.0,133.0,1.0075757575757576
cell_stem_1/comb_iter_3/right/AvgPool2D/AvgPool___tr4cell_stem_1/comb_iter_3/combine/add,CPU,34.1,41.7,1.2228739002932552
cell_stem_1/comb_iter_3/combine/add,CPU,26.88888888888889,31.3,1.1640495867768594
cell_stem_1/comb_iter_4/left/Relu,CPU,21.2,22.8,1.0754716981132075
cell_stem_1/comb_iter_4/left/separable_3x3_1/separable_conv2d/depthwise,CPU,88.4,101.5,1.1481900452488687
cell_stem_1/comb_iter_4/left/separable_3x3_1/separable_conv2d,CPU,90.9,103.7,1.1408140814081407
cell_stem_1/comb_iter_4/left/separable_3x3_2/separable_conv2d/depthwise,CPU,84.9,85.9,1.0117785630153122
cell_stem_1/comb_iter_4/left/separable_3x3_2/separable_conv2d,CPU,87.9,89.7,1.0204778156996586
cell_stem_1/comb_iter_4/right/MaxPool2D/MaxPool,CPU,237.22222222222223,241.0,1.0159250585480093
cell_stem_1/comb_iter_4/left/bn_sep_3x3_2/FusedBatchNormV3___tr4cell_stem_1/comb_iter_4/combine/add,CPU,49.111111111111114,57.2,1.1647058823529413
cell_stem_1/comb_iter_4/right/MaxPool2D/MaxPool___tr4cell_stem_1/comb_iter_4/combine/add,CPU,33.9,32.2,0.9498525073746313
cell_stem_1/comb_iter_4/combine/add,CPU,24.2,25.0,1.0330578512396695
cell_stem_1/cell_output/concat,CPU,217.875,185.1,0.8495697074010327
cell_1/Relu,CPU,93.9,132.6,1.4121405750798721
cell_1/Relu___tr4cell_1/prev_1x1/Conv2D,CPU,223.0,227.7,1.0210762331838565
cell_1/prev_1x1/Conv2D,CPU,574.1,596.0,1.0381466643441908
cell_0/Relu,CPU,299.8,366.4,1.2221480987324882
cell_0/Relu___tr4cell_0/AvgPool2D,CPU,447.4,554.4,1.239159588734913
cell_0/AvgPool2D,CPU,283.5,275.7,0.9724867724867724
cell_0/path1_conv/Conv2D,CPU,191.7,239.8,1.2509128847157018
cell_0/Pad/paddings,CPU,0.0,0.5,0
cell_0/Pad,CPU,454.4,451.3,0.9931778169014085
cell_0/strided_slice/stack,CPU,0.0,0.3,0
cell_0/strided_slice/stack_1,CPU,0.8888888888888888,0.2,0.22500000000000003
cell_0/strided_slice/stack_2,CPU,0.8888888888888888,0.3,0.3375
cell_0/strided_slice,CPU,447.7,471.8,1.0538306901943266
cell_0/strided_slice___tr4cell_0/AvgPool2D_1,CPU,422.6,514.1,1.2165168007572171
cell_0/AvgPool2D_1,CPU,252.2,279.6,1.1086439333862015
cell_0/path2_conv/Conv2D,CPU,190.0,185.8,0.9778947368421054
cell_0/concat,CPU,109.9,132.7,1.2074613284804365
cell_0/final_path_bn/FusedBatchNormV3,CPU,36.3,36.9,1.0165289256198347
cell_0/Relu_1,CPU,152.5,98.3,0.6445901639344263
cell_0/Relu_1___tr4cell_0/1x1/Conv2D,CPU,206.44444444444446,232.5,1.126210979547901
cell_0/1x1/Conv2D,CPU,565.6,587.6,1.038896746817539
cell_0/comb_iter_0/left/Relu,CPU,39.5,42.5,1.0759493670886076
cell_0/comb_iter_0/left/separable_5x5_1/separable_conv2d/depthwise,CPU,546.8,560.3,1.0246891002194587
cell_0/comb_iter_0/left/separable_5x5_1/separable_conv2d,CPU,268.0,273.0,1.0186567164179106
cell_0/comb_iter_0/left/separable_5x5_2/separable_conv2d/depthwise,CPU,481.1,482.1,1.0020785699438786
cell_0/comb_iter_0/left/separable_5x5_2/separable_conv2d,CPU,252.9,256.8,1.0154211150652432
cell_0/comb_iter_0/right/Relu,CPU,61.7,71.5,1.1588330632090762
cell_0/comb_iter_0/right/separable_3x3_1/separable_conv2d/depthwise,CPU,171.5,174.5,1.0174927113702623
cell_0/comb_iter_0/right/separable_3x3_1/separable_conv2d,CPU,261.9,273.6,1.0446735395189006
cell_0/comb_iter_0/right/separable_3x3_2/separable_conv2d/depthwise,CPU,162.4,164.0,1.0098522167487685
cell_0/comb_iter_0/right/separable_3x3_2/separable_conv2d,CPU,250.7,262.1,1.045472676505784
cell_0/comb_iter_0/combine/add,CPU,37.9,50.7,1.3377308707124012
cell_0/comb_iter_1/left/Relu,CPU,58.1,43.4,0.7469879518072289
cell_0/comb_iter_1/left/separable_5x5_1/separable_conv2d/depthwise,CPU,488.1,563.9,1.155296045892235
cell_0/comb_iter_1/left/separable_5x5_1/separable_conv2d,CPU,269.2,279.2,1.037147102526003
cell_0/comb_iter_1/left/separable_5x5_2/separable_conv2d/depthwise,CPU,478.1,483.8,1.0119221920100396
cell_0/comb_iter_1/left/separable_5x5_2/separable_conv2d,CPU,252.1,256.6,1.0178500595001985
cell_0/comb_iter_1/right/Relu,CPU,54.0,57.9,1.0722222222222222
cell_0/comb_iter_1/right/separable_3x3_1/separable_conv2d/depthwise,CPU,173.33333333333334,180.5,1.0413461538461537
cell_0/comb_iter_1/right/separable_3x3_1/separable_conv2d,CPU,271.4,276.3,1.018054532056006
cell_0/comb_iter_1/right/separable_3x3_2/separable_conv2d/depthwise,CPU,164.0,163.5,0.9969512195121951
cell_0/comb_iter_1/right/separable_3x3_2/separable_conv2d,CPU,254.1,264.9,1.0425029515938606
cell_0/comb_iter_1/combine/add,CPU,43.7,48.8,1.1167048054919908
cell_0/comb_iter_2/left/AvgPool2D/AvgPool,CPU,314.8,277.0,0.8799237611181703
cell_0/comb_iter_2/left/AvgPool2D/AvgPool___tr4cell_0/comb_iter_2/combine/add,CPU,85.7,74.0,0.8634772462077013
cell_0/final_path_bn/FusedBatchNormV3___tr4cell_0/comb_iter_2/combine/add,CPU,323.0,206.7,0.639938080495356
cell_0/comb_iter_2/combine/add,CPU,51.8,74.3,1.4343629343629345
cell_0/comb_iter_3/left/AvgPool2D/AvgPool,CPU,280.1,313.5,1.1192431274544805
cell_0/comb_iter_3/right/AvgPool2D/AvgPool,CPU,261.5,281.4,1.0760994263862331
cell_0/comb_iter_3/left/AvgPool2D/AvgPool___tr4cell_0/comb_iter_3/combine/add,CPU,99.9,116.1,1.162162162162162
cell_0/comb_iter_3/right/AvgPool2D/AvgPool___tr4cell_0/comb_iter_3/combine/add,CPU,108.66666666666667,173.9,1.6003067484662576
cell_0/comb_iter_3/combine/add,CPU,56.0,68.2,1.217857142857143
cell_0/comb_iter_4/left/Relu,CPU,63.4,62.2,0.9810725552050474
cell_0/comb_iter_4/left/separable_3x3_1/separable_conv2d/depthwise,CPU,174.3,180.8,1.0372920252438325
cell_0/comb_iter_4/left/separable_3x3_1/separable_conv2d,CPU,260.5,266.4,1.0226487523992323
cell_0/comb_iter_4/left/separable_3x3_2/separable_conv2d/depthwise,CPU,162.9,165.9,1.01841620626151
cell_0/comb_iter_4/left/separable_3x3_2/separable_conv2d,CPU,250.5,253.8,1.013173652694611
cell_0/comb_iter_4/combine/add,CPU,46.2,48.7,1.054112554112554
cell_0/comb_iter_2/combine/add___tr4cell_0/cell_output/concat,CPU,76.6,82.8,1.080939947780679
cell_0/comb_iter_3/combine/add___tr4cell_0/cell_output/concat,CPU,104.0,96.8,0.9307692307692308
cell_0/cell_output/concat,CPU,448.2,428.4,0.9558232931726908
cell_1/Relu_1,CPU,454.7,533.9,1.174180778535298
cell_1/1x1/Conv2D,CPU,1684.5,1680.3,0.9975066785396259
cell_1/comb_iter_0/left/Relu,CPU,44.3,51.3,1.1580135440180588
cell_1/comb_iter_0/left/separable_5x5_1/separable_conv2d/depthwise,CPU,558.0,563.3,1.0094982078853045
cell_1/comb_iter_0/left/separable_5x5_1/separable_conv2d,CPU,267.4,275.0,1.0284218399401646
cell_1/comb_iter_0/left/separable_5x5_2/separable_conv2d/depthwise,CPU,477.2,483.5,1.0132020117351215
cell_1/comb_iter_0/left/separable_5x5_2/separable_conv2d,CPU,250.2,269.0,1.0751398880895284
cell_1/comb_iter_0/right/Relu,CPU,65.0,81.9,1.26
cell_1/comb_iter_0/right/separable_3x3_1/separable_conv2d/depthwise,CPU,168.5,186.0,1.1038575667655786
cell_1/comb_iter_0/right/separable_3x3_1/separable_conv2d,CPU,264.0,265.6,1.006060606060606
cell_1/comb_iter_0/right/separable_3x3_2/separable_conv2d/depthwise,CPU,162.8,163.5,1.0042997542997543
cell_1/comb_iter_0/right/separable_3x3_2/separable_conv2d,CPU,253.66666666666666,252.9,0.9969776609724048
cell_1/comb_iter_0/combine/add,CPU,36.77777777777778,46.9,1.275226586102719
cell_1/comb_iter_1/left/Relu,CPU,61.77777777777778,71.9,1.1638489208633094
cell_1/comb_iter_1/left/separable_5x5_1/separable_conv2d/depthwise,CPU,493.8,507.6,1.0279465370595382
cell_1/comb_iter_1/left/separable_5x5_1/separable_conv2d,CPU,257.8,260.8,1.0116369278510473
cell_1/comb_iter_1/left/separable_5x5_2/separable_conv2d/depthwise,CPU,489.1,507.2,1.0370067470864852
cell_1/comb_iter_1/left/separable_5x5_2/separable_conv2d,CPU,253.88888888888889,258.6,1.01855579868709
cell_1/comb_iter_1/right/Relu,CPU,51.55555555555556,59.4,1.152155172413793
cell_1/comb_iter_1/right/separable_3x3_1/separable_conv2d/depthwise,CPU,169.6,172.7,1.0182783018867925
cell_1/comb_iter_1/right/separable_3x3_1/separable_conv2d,CPU,263.4,267.0,1.0136674259681093
cell_1/comb_iter_1/right/separable_3x3_2/separable_conv2d/depthwise,CPU,163.2,164.4,1.0073529411764708
cell_1/comb_iter_1/right/separable_3x3_2/separable_conv2d,CPU,250.7,259.9,1.036697247706422
cell_1/comb_iter_1/combine/add,CPU,39.5,56.7,1.4354430379746836
cell_1/comb_iter_2/left/AvgPool2D/AvgPool,CPU,311.9,311.4,0.9983969220904136
cell_1/comb_iter_2/left/AvgPool2D/AvgPool___tr4cell_1/comb_iter_2/combine/add,CPU,82.8,95.2,1.1497584541062802
cell_1/prev_bn/FusedBatchNormV3___tr4cell_1/comb_iter_2/combine/add,CPU,311.8,74.3,0.23829377806286078
cell_1/comb_iter_2/combine/add,CPU,50.7,51.1,1.0078895463510849
cell_1/comb_iter_3/left/AvgPool2D/AvgPool,CPU,278.44444444444446,266.3,0.9563846767757382
cell_1/comb_iter_3/right/AvgPool2D/AvgPool,CPU,260.3,256.3,0.9846331156358048
cell_1/comb_iter_3/left/AvgPool2D/AvgPool___tr4cell_1/comb_iter_3/combine/add,CPU,83.77777777777777,215.1,2.567506631299735
cell_1/comb_iter_3/right/AvgPool2D/AvgPool___tr4cell_1/comb_iter_3/combine/add,CPU,77.55555555555556,180.3,2.324785100286533
cell_1/comb_iter_3/combine/add,CPU,47.111111111111114,78.0,1.6556603773584904
cell_1/comb_iter_4/left/Relu,CPU,60.0,60.6,1.01
cell_1/comb_iter_4/left/separable_3x3_1/separable_conv2d/depthwise,CPU,170.6,177.0,1.037514654161782
cell_1/comb_iter_4/left/separable_3x3_1/separable_conv2d,CPU,260.6,270.4,1.0376055257099
cell_1/comb_iter_4/left/separable_3x3_2/separable_conv2d/depthwise,CPU,162.1,165.0,1.0178901912399754
cell_1/comb_iter_4/left/separable_3x3_2/separable_conv2d,CPU,249.7,256.8,1.0284341209451342
cell_1/comb_iter_4/combine/add,CPU,44.3,56.6,1.2776523702031604
cell_1/comb_iter_2/combine/add___tr4cell_1/cell_output/concat,CPU,74.1,73.6,0.9932523616734144
cell_1/comb_iter_3/combine/add___tr4cell_1/cell_output/concat,CPU,95.8,99.7,1.0407098121085596
cell_1/cell_output/concat,CPU,443.8,445.5,1.0038305543037405
cell_3/Relu,CPU,406.55555555555554,520.6,1.2805138015851327
cell_3/prev_1x1/Conv2D,CPU,1674.7,1688.3,1.0081208574670089
cell_2/Relu,CPU,425.9,484.6,1.137825780699695
cell_2/prev_1x1/Conv2D,CPU,1652.1,1698.3,1.027964408934084
cell_2/Relu_1,CPU,452.3,448.1,0.990714127791289
cell_2/1x1/Conv2D,CPU,1680.1,1733.6,1.031843342658175
cell_2/comb_iter_0/left/Relu,CPU,43.0,68.3,1.5883720930232557
cell_2/comb_iter_0/left/separable_5x5_1/separable_conv2d/depthwise,CPU,552.3,491.3,0.8895527792866197
cell_2/comb_iter_0/left/separable_5x5_1/separable_conv2d,CPU,270.8,264.4,0.9763663220088625
cell_2/comb_iter_0/left/separable_5x5_2/separable_conv2d/depthwise,CPU,485.5,480.4,0.9894953656024716
cell_2/comb_iter_0/left/separable_5x5_2/separable_conv2d,CPU,251.11111111111111,255.3,1.0166814159292035
cell_2/comb_iter_0/right/Relu,CPU,63.55555555555556,68.6,1.0793706293706293
cell_2/comb_iter_0/right/separable_3x3_1/separable_conv2d/depthwise,CPU,172.22222222222223,173.5,1.0074193548387096
cell_2/comb_iter_0/right/separable_3x3_1/separable_conv2d,CPU,262.22222222222223,266.1,1.0147881355932205
cell_2/comb_iter_0/right/separable_3x3_2/separable_conv2d/depthwise,CPU,162.88888888888889,166.2,1.0203274215552522
cell_2/comb_iter_0/right/separable_3x3_2/separable_conv2d,CPU,249.88888888888889,259.2,1.0372610048910627
cell_2/comb_iter_0/combine/add,CPU,35.333333333333336,46.3,1.3103773584905658
cell_2/comb_iter_1/left/Relu,CPU,59.5,96.7,1.6252100840336134
cell_2/comb_iter_1/left/separable_5x5_1/separable_conv2d/depthwise,CPU,490.4,561.5,1.144983686786297
cell_2/comb_iter_1/left/separable_5x5_1/separable_conv2d,CPU,257.1111111111111,266.5,1.0365168539325844
cell_2/comb_iter_1/left/separable_5x5_2/separable_conv2d/depthwise,CPU,482.1,499.5,1.0360920970752956
cell_2/comb_iter_1/left/separable_5x5_2/separable_conv2d,CPU,251.5,258.5,1.0278330019880715
cell_2/comb_iter_1/right/Relu,CPU,55.77777777777778,70.2,1.2585657370517929
cell_2/comb_iter_1/right/separable_3x3_1/separable_conv2d/depthwise,CPU,172.66666666666666,175.9,1.018725868725869
cell_2/comb_iter_1/right/separable_3x3_1/separable_conv2d,CPU,265.7,267.1,1.0052691004892738
cell_2/comb_iter_1/right/separable_3x3_2/separable_conv2d/depthwise,CPU,163.8,164.4,1.0036630036630036
cell_2/comb_iter_1/right/separable_3x3_2/separable_conv2d,CPU,249.5,254.9,1.0216432865731464
cell_2/comb_iter_1/combine/add,CPU,36.1,45.0,1.2465373961218835
cell_2/comb_iter_2/left/AvgPool2D/AvgPool,CPU,314.2,276.2,0.879057924888606
cell_2/comb_iter_2/left/AvgPool2D/AvgPool___tr4cell_2/comb_iter_2/combine/add,CPU,76.8,69.9,0.9101562500000001
cell_2/prev_bn/FusedBatchNormV3___tr4cell_2/comb_iter_2/combine/add,CPU,336.9,132.0,0.39180765805877116
cell_2/comb_iter_2/combine/add,CPU,47.4,87.4,1.8438818565400845
cell_2/comb_iter_3/left/AvgPool2D/AvgPool,CPU,275.5,319.3,1.158983666061706
cell_2/comb_iter_3/right/AvgPool2D/AvgPool,CPU,259.6,265.6,1.0231124807395995
cell_2/comb_iter_3/left/AvgPool2D/AvgPool___tr4cell_2/comb_iter_3/combine/add,CPU,77.6,90.2,1.1623711340206186
cell_2/comb_iter_3/right/AvgPool2D/AvgPool___tr4cell_2/comb_iter_3/combine/add,CPU,75.4,151.8,2.013262599469496
cell_2/comb_iter_3/combine/add,CPU,47.8,62.1,1.2991631799163181
cell_2/comb_iter_4/left/Relu,CPU,60.7,66.4,1.0939044481054365
cell_2/comb_iter_4/left/separable_3x3_1/separable_conv2d/depthwise,CPU,171.0,171.4,1.0023391812865496
cell_2/comb_iter_4/left/separable_3x3_1/separable_conv2d,CPU,263.5,262.3,0.9954459203036053
cell_2/comb_iter_4/left/separable_3x3_2/separable_conv2d/depthwise,CPU,163.8,162.2,0.99023199023199
cell_2/comb_iter_4/left/separable_3x3_2/separable_conv2d,CPU,251.1,253.4,1.0091596973317405
cell_2/comb_iter_4/combine/add,CPU,47.111111111111114,57.0,1.2099056603773584
cell_2/comb_iter_2/combine/add___tr4cell_2/cell_output/concat,CPU,77.5,75.0,0.967741935483871
cell_2/comb_iter_3/combine/add___tr4cell_2/cell_output/concat,CPU,102.11111111111111,87.4,0.855930359085963
cell_2/cell_output/concat,CPU,426.0,469.5,1.102112676056338
cell_3/Relu_1,CPU,439.1,458.3,1.0437258027784104
cell_3/1x1/Conv2D,CPU,1705.5,1742.8,1.0218704192318968
cell_3/comb_iter_0/left/Relu,CPU,43.0,73.5,1.7093023255813953
cell_3/comb_iter_0/left/separable_5x5_1/separable_conv2d/depthwise,CPU,555.3,500.7,0.9016747703943815
cell_3/comb_iter_0/left/separable_5x5_1/separable_conv2d,CPU,267.9,263.8,0.9846957820082122
cell_3/comb_iter_0/left/separable_5x5_2/separable_conv2d/depthwise,CPU,477.6,478.1,1.0010469011725294
cell_3/comb_iter_0/left/separable_5x5_2/separable_conv2d,CPU,250.8,254.1,1.013157894736842
cell_3/comb_iter_0/right/Relu,CPU,65.5,71.1,1.0854961832061067
cell_3/comb_iter_0/right/separable_3x3_1/separable_conv2d/depthwise,CPU,172.9,173.3,1.0023134759976866
cell_3/comb_iter_0/right/separable_3x3_1/separable_conv2d,CPU,268.7,265.5,0.9880908075921102
cell_3/comb_iter_0/right/separable_3x3_2/separable_conv2d/depthwise,CPU,162.8,162.6,0.9987714987714986
cell_3/comb_iter_0/right/separable_3x3_2/separable_conv2d,CPU,253.2,253.7,1.0019747235387046
cell_3/comb_iter_0/combine/add,CPU,36.9,45.3,1.2276422764227641
cell_3/comb_iter_1/left/Relu,CPU,70.33333333333333,87.0,1.2369668246445498
cell_3/comb_iter_1/left/separable_5x5_1/separable_conv2d/depthwise,CPU,503.4,557.0,1.10647596344855
cell_3/comb_iter_1/left/separable_5x5_1/separable_conv2d,CPU,261.1,265.0,1.0149368058215242
cell_3/comb_iter_1/left/separable_5x5_2/separable_conv2d/depthwise,CPU,489.2,477.4,0.9758789860997547
cell_3/comb_iter_1/left/separable_5x5_2/separable_conv2d,CPU,252.6,260.5,1.031274742676168
cell_3/comb_iter_1/right/Relu,CPU,55.0,68.1,1.238181818181818
cell_3/comb_iter_1/right/separable_3x3_1/separable_conv2d/depthwise,CPU,170.3,179.8,1.0557839107457427
cell_3/comb_iter_1/right/separable_3x3_1/separable_conv2d,CPU,263.2,272.1,1.0338145896656536
cell_3/comb_iter_1/right/separable_3x3_2/separable_conv2d/depthwise,CPU,163.7,164.4,1.0042761148442274
cell_3/comb_iter_1/right/separable_3x3_2/separable_conv2d,CPU,250.5,260.6,1.0403193612774453
cell_3/comb_iter_1/combine/add,CPU,36.7,49.8,1.3569482288828336
cell_3/comb_iter_2/left/AvgPool2D/AvgPool,CPU,310.8,272.4,0.8764478764478764
cell_3/comb_iter_2/left/AvgPool2D/AvgPool___tr4cell_3/comb_iter_2/combine/add,CPU,76.1,68.1,0.8948751642575559
cell_3/prev_bn/FusedBatchNormV3___tr4cell_3/comb_iter_2/combine/add,CPU,338.9,147.7,0.43582177633520214
cell_3/comb_iter_2/combine/add,CPU,47.8,85.4,1.7866108786610881
cell_3/comb_iter_3/left/AvgPool2D/AvgPool,CPU,275.6,313.4,1.1371552975326558
cell_3/comb_iter_3/right/AvgPool2D/AvgPool,CPU,260.1,273.7,1.0522875816993462
cell_3/comb_iter_3/left/AvgPool2D/AvgPool___tr4cell_3/comb_iter_3/combine/add,CPU,82.4,154.8,1.8786407766990292
cell_3/comb_iter_3/right/AvgPool2D/AvgPool___tr4cell_3/comb_iter_3/combine/add,CPU,70.8,105.0,1.4830508474576272
cell_3/comb_iter_3/combine/add,CPU,50.3,67.0,1.3320079522862824
cell_3/comb_iter_4/left/Relu,CPU,59.6,44.4,0.7449664429530201
cell_3/comb_iter_4/left/separable_3x3_1/separable_conv2d/depthwise,CPU,169.5,184.4,1.087905604719764
cell_3/comb_iter_4/left/separable_3x3_1/separable_conv2d,CPU,267.6666666666667,270.5,1.0105853051058529
cell_3/comb_iter_4/left/separable_3x3_2/separable_conv2d/depthwise,CPU,164.8,164.6,0.9987864077669902
cell_3/comb_iter_4/left/separable_3x3_2/separable_conv2d,CPU,250.6,258.6,1.0319233838786912
cell_3/comb_iter_4/combine/add,CPU,48.3,52.1,1.0786749482401656
cell_3/comb_iter_2/combine/add___tr4cell_3/cell_output/concat,CPU,78.4,78.3,0.9987244897959182
cell_3/comb_iter_3/combine/add___tr4cell_3/cell_output/concat,CPU,97.6,88.6,0.9077868852459017
cell_3/cell_output/concat,CPU,458.6666666666667,438.5,0.956031976744186
reduction_cell_0/Relu_1,CPU,432.9,493.0,1.138831138831139
reduction_cell_0/1x1/Conv2D,CPU,2981.1,3171.7,1.063936130958371
reduction_cell_0/comb_iter_1/left/MaxPool2D/MaxPool,CPU,161.1,182.0,1.1297330850403478
reduction_cell_0/Relu,CPU,446.3,469.5,1.0519829710956756
reduction_cell_0/prev_1x1/Conv2D,CPU,3028.8,3048.9,1.006636291600634
reduction_cell_0/comb_iter_1/right/Relu,CPU,109.8,170.2,1.5500910746812386
reduction_cell_0/comb_iter_1/right/separable_7x7_1/separable_conv2d/depthwise,CPU,636.9,629.9,0.9890092636206625
reduction_cell_0/comb_iter_1/right/separable_7x7_1/separable_conv2d,CPU,262.8,265.8,1.0114155251141552
reduction_cell_0/comb_iter_1/right/separable_7x7_2/separable_conv2d/depthwise,CPU,458.0,541.0,1.1812227074235808
reduction_cell_0/comb_iter_1/right/separable_7x7_2/separable_conv2d,CPU,253.1,267.2,1.055709205847491
reduction_cell_0/comb_iter_1/left/MaxPool2D/MaxPool___tr4reduction_cell_0/comb_iter_1/combine/add,CPU,154.55555555555554,145.5,0.9414090582314882
reduction_cell_0/comb_iter_1/right/bn_sep_7x7_2/FusedBatchNormV3___tr4reduction_cell_0/comb_iter_1/combine/add,CPU,29.9,30.2,1.0100334448160535
reduction_cell_0/comb_iter_1/combine/add,CPU,22.333333333333332,27.5,1.2313432835820897
reduction_cell_0/comb_iter_2/left/AvgPool2D/AvgPool,CPU,220.66666666666666,219.3,0.9938066465256798
reduction_cell_0/comb_iter_2/right/Relu,CPU,161.11111111111111,171.2,1.0626206896551724
reduction_cell_0/comb_iter_2/right/separable_5x5_1/separable_conv2d/depthwise,CPU,404.0,393.2,0.9732673267326732
reduction_cell_0/comb_iter_2/right/separable_5x5_1/separable_conv2d,CPU,257.3333333333333,263.8,1.0251295336787567
reduction_cell_0/comb_iter_2/right/separable_5x5_2/separable_conv2d/depthwise,CPU,269.5,268.3,0.9955473098330242
reduction_cell_0/comb_iter_2/right/separable_5x5_2/separable_conv2d,CPU,248.55555555555554,251.3,1.011041573535986
reduction_cell_0/comb_iter_2/left/AvgPool2D/AvgPool___tr4reduction_cell_0/comb_iter_2/combine/add,CPU,104.5,125.0,1.1961722488038278
reduction_cell_0/comb_iter_2/right/bn_sep_5x5_2/FusedBatchNormV3___tr4reduction_cell_0/comb_iter_2/combine/add,CPU,29.7,28.7,0.9663299663299664
reduction_cell_0/comb_iter_2/combine/add,CPU,21.5,22.6,1.0511627906976744
reduction_cell_0/comb_iter_0/left/Relu,CPU,148.6,132.3,0.8903095558546434
reduction_cell_0/comb_iter_0/left/separable_5x5_1/separable_conv2d/depthwise,CPU,376.5,405.5,1.0770252324037184
reduction_cell_0/comb_iter_0/left/separable_5x5_1/separable_conv2d,CPU,253.4,264.7,1.0445935280189422
reduction_cell_0/comb_iter_0/left/separable_5x5_2/separable_conv2d/depthwise,CPU,267.9,267.4,0.9981336319522209
reduction_cell_0/comb_iter_0/left/separable_5x5_2/separable_conv2d,CPU,247.6,257.6,1.0403877221324718
reduction_cell_0/comb_iter_0/right/Relu,CPU,138.2,168.8,1.2214182344428366
reduction_cell_0/comb_iter_0/right/separable_7x7_1/separable_conv2d/depthwise,CPU,569.0,604.5,1.062390158172232
reduction_cell_0/comb_iter_0/right/separable_7x7_1/separable_conv2d,CPU,254.1,260.0,1.023219205037387
reduction_cell_0/comb_iter_0/right/separable_7x7_2/separable_conv2d/depthwise,CPU,457.6,618.4,1.3513986013986012
reduction_cell_0/comb_iter_0/right/separable_7x7_2/separable_conv2d,CPU,248.2,253.9,1.0229653505237712
reduction_cell_0/comb_iter_0/combine/add,CPU,25.4,29.4,1.1574803149606299
reduction_cell_0/comb_iter_3/right/AvgPool2D/AvgPool,CPU,124.0,139.0,1.1209677419354838
reduction_cell_0/comb_iter_3/right/AvgPool2D/AvgPool___tr4reduction_cell_0/comb_iter_3/combine/add,CPU,31.22222222222222,29.8,0.9544483985765125
reduction_cell_0/comb_iter_3/combine/add,CPU,48.333333333333336,30.5,0.6310344827586206
reduction_cell_0/comb_iter_4/left/Relu,CPU,19.9,18.8,0.9447236180904524
reduction_cell_0/comb_iter_4/left/separable_3x3_1/separable_conv2d/depthwise,CPU,96.33333333333333,93.9,0.9747404844290658
reduction_cell_0/comb_iter_4/left/separable_3x3_1/separable_conv2d,CPU,251.6,253.2,1.0063593004769475
reduction_cell_0/comb_iter_4/left/separable_3x3_2/separable_conv2d/depthwise,CPU,91.5,90.2,0.985792349726776
reduction_cell_0/comb_iter_4/left/separable_3x3_2/separable_conv2d,CPU,254.66666666666666,248.8,0.9769633507853404
reduction_cell_0/comb_iter_4/right/MaxPool2D/MaxPool,CPU,215.0,219.6,1.0213953488372092
reduction_cell_0/comb_iter_4/left/bn_sep_3x3_2/FusedBatchNormV3___tr4reduction_cell_0/comb_iter_4/combine/add,CPU,34.75,41.2,1.185611510791367
reduction_cell_0/comb_iter_4/right/MaxPool2D/MaxPool___tr4reduction_cell_0/comb_iter_4/combine/add,CPU,30.77777777777778,30.2,0.9812274368231046
reduction_cell_0/comb_iter_4/combine/add,CPU,29.0,33.7,1.1620689655172414
reduction_cell_0/cell_output/concat,CPU,148.55555555555554,137.5,0.9255796559461482
cell_5/Relu,CPU,82.44444444444444,191.0,2.316711590296496
cell_5/Relu___tr4cell_5/prev_1x1/Conv2D,CPU,200.11111111111111,319.6,1.5971127151582456
cell_5/prev_1x1/Conv2D,CPU,1123.9,1126.8,1.0025803007384997
cell_4/Relu,CPU,487.5,552.4,1.133128205128205
cell_4/AvgPool2D,CPU,326.4,345.6,1.058823529411765
cell_4/path1_conv/Conv2D,CPU,472.3,517.3,1.0952784247300444
cell_4/Pad/paddings,CPU,0.0,0.1,0
cell_4/Pad_Gather_Index,CPU,1.0,0.4,0.4
cell_4/Pad_Gather,CPU,0.0,0.2,0
cell_4/Pad,CPU,789.5555555555555,771.6,0.9772586546580355
cell_4/strided_slice/stack,CPU,1.0,0.4,0.4
cell_4/strided_slice/stack_1,CPU,0.9,0.2,0.22222222222222224
cell_4/strided_slice/stack_2,CPU,0.0,0.4,0
cell_4/Pad___tr4cell_4/strided_slice,CPU,1985.8,2248.8,1.1324403263168497
cell_4/strided_slice,CPU,654.4,676.9,1.034382640586797
cell_4/strided_slice___tr4cell_4/AvgPool2D_1,CPU,692.3,797.4,1.151812797919977
cell_4/AvgPool2D_1,CPU,336.2,367.6,1.093396787626413
cell_4/path2_conv/Conv2D,CPU,482.6,513.8,1.0646498135101532
cell_4/concat,CPU,22.666666666666668,40.0,1.7647058823529411
cell_4/final_path_bn/FusedBatchNormV3,CPU,26.22222222222222,19.2,0.7322033898305085
cell_4/Relu_1,CPU,163.5,149.3,0.9131498470948013
cell_4/Relu_1___tr4cell_4/1x1/Conv2D,CPU,191.2,199.5,1.0434100418410042
cell_4/1x1/Conv2D,CPU,1101.7,1147.3,1.0413905781973314
cell_4/comb_iter_0/left/Relu,CPU,24.8,19.2,0.7741935483870968
cell_4/comb_iter_0/left/separable_5x5_1/separable_conv2d/depthwise,CPU,308.0,269.7,0.8756493506493506
cell_4/comb_iter_0/left/separable_5x5_1/separable_conv2d,CPU,259.55555555555554,257.6,0.9924657534246577
cell_4/comb_iter_0/left/separable_5x5_2/separable_conv2d/depthwise,CPU,267.8,267.1,0.9973861090365945
cell_4/comb_iter_0/left/separable_5x5_2/separable_conv2d,CPU,247.5,252.6,1.0206060606060605
cell_4/comb_iter_0/right/Relu,CPU,32.22222222222222,36.9,1.1451724137931034
cell_4/comb_iter_0/right/separable_3x3_1/separable_conv2d/depthwise,CPU,96.2,96.7,1.0051975051975053
cell_4/comb_iter_0/right/separable_3x3_1/separable_conv2d,CPU,252.9,265.3,1.0490312376433373
cell_4/comb_iter_0/right/separable_3x3_2/separable_conv2d/depthwise,CPU,91.3,91.9,1.0065717415115008
cell_4/comb_iter_0/right/separable_3x3_2/separable_conv2d,CPU,248.1,250.9,1.011285771866183
cell_4/comb_iter_0/combine/add,CPU,21.4,23.3,1.0887850467289721
cell_4/comb_iter_1/left/Relu,CPU,25.6,20.4,0.7968749999999999
cell_4/comb_iter_1/left/separable_5x5_1/separable_conv2d/depthwise,CPU,274.1,317.7,1.159066034294053
cell_4/comb_iter_1/left/separable_5x5_1/separable_conv2d,CPU,251.7,267.1,1.0611839491458086
cell_4/comb_iter_1/left/separable_5x5_2/separable_conv2d/depthwise,CPU,266.1,266.7,1.0022547914317925
cell_4/comb_iter_1/left/separable_5x5_2/separable_conv2d,CPU,247.6,251.0,1.0137318255250405
cell_4/comb_iter_1/right/Relu,CPU,23.2,20.9,0.9008620689655172
cell_4/comb_iter_1/right/separable_3x3_1/separable_conv2d/depthwise,CPU,92.77777777777777,96.6,1.0411976047904192
cell_4/comb_iter_1/right/separable_3x3_1/separable_conv2d,CPU,252.8,259.1,1.0249208860759493
cell_4/comb_iter_1/right/separable_3x3_2/separable_conv2d/depthwise,CPU,91.88888888888889,92.7,1.0088270858524788
cell_4/comb_iter_1/right/separable_3x3_2/separable_conv2d,CPU,247.2,250.1,1.0117313915857606
cell_4/comb_iter_1/combine/add,CPU,19.4,24.2,1.2474226804123711
cell_4/comb_iter_2/left/AvgPool2D/AvgPool,CPU,156.5,128.5,0.8210862619808307
cell_4/comb_iter_2/left/AvgPool2D/AvgPool___tr4cell_4/comb_iter_2/combine/add,CPU,31.9,37.4,1.1724137931034482
cell_4/final_path_bn/FusedBatchNormV3___tr4cell_4/comb_iter_2/combine/add,CPU,94.7,98.7,1.0422386483632524
cell_4/comb_iter_2/combine/add,CPU,22.0,19.5,0.8863636363636364
cell_4/comb_iter_3/left/AvgPool2D/AvgPool,CPU,123.22222222222223,149.4,1.2124436429215508
cell_4/comb_iter_3/right/AvgPool2D/AvgPool,CPU,121.33333333333333,126.9,1.045879120879121
cell_4/comb_iter_3/left/AvgPool2D/AvgPool___tr4cell_4/comb_iter_3/combine/add,CPU,29.9,40.1,1.3411371237458196
cell_4/comb_iter_3/right/AvgPool2D/AvgPool___tr4cell_4/comb_iter_3/combine/add,CPU,29.5,55.4,1.8779661016949152
cell_4/comb_iter_3/combine/add,CPU,43.44444444444444,34.0,0.782608695652174
cell_4/comb_iter_4/left/Relu,CPU,27.5,25.9,0.9418181818181818
cell_4/comb_iter_4/left/separable_3x3_1/separable_conv2d/depthwise,CPU,93.8,123.6,1.3176972281449892
cell_4/comb_iter_4/left/separable_3x3_1/separable_conv2d,CPU,252.3,263.2,1.0432025366627031
cell_4/comb_iter_4/left/separable_3x3_2/separable_conv2d/depthwise,CPU,91.77777777777777,93.0,1.013317191283293
cell_4/comb_iter_4/left/separable_3x3_2/separable_conv2d,CPU,248.33333333333334,251.5,1.0127516778523489
cell_4/comb_iter_4/combine/add,CPU,27.555555555555557,22.2,0.8056451612903225
cell_4/comb_iter_2/combine/add___tr4cell_4/cell_output/concat,CPU,39.2,22.2,0.5663265306122448
cell_4/comb_iter_3/combine/add___tr4cell_4/cell_output/concat,CPU,35.3,41.9,1.1869688385269122
cell_4/cell_output/concat,CPU,167.11111111111111,193.4,1.157313829787234
cell_5/Relu_1,OpenCL,1004.75,887.8,0.8836028862901218
cell_5/1x1/Conv2D,OpenCL,2230.3333333333335,2121.9,0.9513824540427439
cell_5/comb_iter_0/left/Relu,CPU,23.2,24.5,1.0560344827586208
cell_5/comb_iter_0/left/separable_5x5_1/separable_conv2d/depthwise,CPU,287.3,293.3,1.0208840932822834
cell_5/comb_iter_0/left/separable_5x5_1/separable_conv2d,CPU,261.6,260.1,0.9942660550458715
cell_5/comb_iter_0/left/separable_5x5_2/separable_conv2d/depthwise,CPU,269.3,271.9,1.0096546602302263
cell_5/comb_iter_0/left/separable_5x5_2/separable_conv2d,CPU,246.7,251.2,1.0182407782732064
cell_5/comb_iter_0/right/Relu,CPU,32.0,20.7,0.646875
cell_5/comb_iter_0/right/separable_3x3_1/separable_conv2d/depthwise,CPU,95.4,96.2,1.0083857442348008
cell_5/comb_iter_0/right/separable_3x3_1/separable_conv2d,CPU,250.9,253.6,1.0107612594659225
cell_5/comb_iter_0/right/separable_3x3_2/separable_conv2d/depthwise,CPU,91.66666666666667,90.4,0.9861818181818182
cell_5/comb_iter_0/right/separable_3x3_2/separable_conv2d,CPU,247.1,249.3,1.008903278025091
cell_5/comb_iter_0/combine/add,CPU,22.555555555555557,21.7,0.9620689655172413
cell_5/comb_iter_1/left/Relu,CPU,23.0,19.9,0.8652173913043477
cell_5/comb_iter_1/left/separable_5x5_1/separable_conv2d/depthwise,CPU,272.6,337.2,1.2369772560528245
cell_5/comb_iter_1/left/separable_5x5_1/separable_conv2d,CPU,249.2,261.7,1.0501605136436598
cell_5/comb_iter_1/left/separable_5x5_2/separable_conv2d/depthwise,CPU,267.77777777777777,268.3,1.0019502074688797
cell_5/comb_iter_1/left/separable_5x5_2/separable_conv2d,CPU,249.3,247.5,0.9927797833935018
cell_5/comb_iter_1/right/Relu,CPU,23.666666666666668,21.6,0.9126760563380282
cell_5/comb_iter_1/right/separable_3x3_1/separable_conv2d/depthwise,CPU,95.0,95.4,1.0042105263157894
cell_5/comb_iter_1/right/separable_3x3_1/separable_conv2d,CPU,253.7,259.2,1.0216791486007095
cell_5/comb_iter_1/right/separable_3x3_2/separable_conv2d/depthwise,CPU,91.9,91.6,0.9967355821545156
cell_5/comb_iter_1/right/separable_3x3_2/separable_conv2d,CPU,247.4,250.6,1.0129345189975747
cell_5/comb_iter_1/combine/add,CPU,20.333333333333332,21.2,1.0426229508196723
cell_5/comb_iter_2/left/AvgPool2D/AvgPool,CPU,161.4,171.5,1.0625774473358116
cell_5/comb_iter_2/left/AvgPool2D/AvgPool___tr4cell_5/comb_iter_2/combine/add,CPU,31.7,51.3,1.6182965299684542
cell_5/prev_bn/FusedBatchNormV3___tr4cell_5/comb_iter_2/combine/add,CPU,85.71428571428571,42.4,0.4946666666666667
cell_5/comb_iter_2/combine/add,CPU,21.6,26.2,1.2129629629629628
cell_5/comb_iter_3/left/AvgPool2D/AvgPool,CPU,122.7,134.8,1.0986145069274655
cell_5/comb_iter_3/right/AvgPool2D/AvgPool,CPU,120.1,122.8,1.02248126561199
cell_5/comb_iter_3/left/AvgPool2D/AvgPool___tr4cell_5/comb_iter_3/combine/add,CPU,29.77777777777778,31.6,1.0611940298507463
cell_5/comb_iter_3/right/AvgPool2D/AvgPool___tr4cell_5/comb_iter_3/combine/add,CPU,29.7,30.7,1.0336700336700337
cell_5/comb_iter_3/combine/add,CPU,22.0,27.4,1.2454545454545454
cell_5/comb_iter_4/left/Relu,OpenCL,322.0,523.6,1.6260869565217393
cell_5/comb_iter_4/left/separable_3x3_1/separable_conv2d/depthwise,OpenCL,449.1666666666667,1466.0,3.2638218923933207
cell_5/comb_iter_4/left/separable_3x3_1/separable_conv2d,OpenCL,957.875,1304.1,1.3614511288007307
cell_5/comb_iter_4/left/separable_3x3_2/separable_conv2d/depthwise,OpenCL,846.25,1152.8,1.362245199409158
cell_5/comb_iter_4/left/separable_3x3_2/separable_conv2d,OpenCL,988.125,1334.4,1.3504364326375713
cell_5/comb_iter_4/combine/add,OpenCL,499.0,879.0,1.7615230460921845
cell_5/comb_iter_2/combine/add___tr4cell_5/cell_output/concat,CPU,37.7,33.9,0.8992042440318301
cell_5/comb_iter_3/combine/add___tr4cell_5/cell_output/concat,CPU,29.2,36.9,1.2636986301369864
cell_5/cell_output/concat,CPU,144.77777777777777,245.3,1.6943207981580968
cell_7/Relu,CPU,227.5,269.0,1.1824175824175824
cell_7/prev_1x1/Conv2D,CPU,1780.3,1785.6,1.0029770263438746
cell_6/Relu,CPU,234.0,258.6,1.1051282051282052
cell_6/prev_1x1/Conv2D,CPU,1763.4,1771.8,1.0047635250085063
cell_6/Relu_1,OpenCL,928.25,932.0,1.0040398599515217
cell_6/1x1/Conv2D,OpenCL,2151.0,2149.9,0.999488609948861
cell_6/comb_iter_0/left/Relu,CPU,22.8,50.9,2.232456140350877
cell_6/comb_iter_0/left/separable_5x5_1/separable_conv2d/depthwise,CPU,289.8,335.5,1.157694962042788
cell_6/comb_iter_0/left/separable_5x5_1/separable_conv2d,CPU,262.3333333333333,263.4,1.0040660736975857
cell_6/comb_iter_0/left/separable_5x5_2/separable_conv2d/depthwise,CPU,269.9,266.2,0.986291218969989
cell_6/comb_iter_0/left/separable_5x5_2/separable_conv2d,CPU,248.7,252.8,1.016485725774025
cell_6/comb_iter_0/right/Relu,CPU,34.0,32.8,0.9647058823529411
cell_6/comb_iter_0/right/separable_3x3_1/separable_conv2d/depthwise,CPU,97.2,103.6,1.0658436213991769
cell_6/comb_iter_0/right/separable_3x3_1/separable_conv2d,CPU,254.5,260.2,1.0223968565815325
cell_6/comb_iter_0/right/separable_3x3_2/separable_conv2d/depthwise,CPU,92.55555555555556,100.3,1.083673469387755
cell_6/comb_iter_0/right/separable_3x3_2/separable_conv2d,CPU,249.1,254.7,1.0224809313528702
cell_6/comb_iter_0/combine/add,CPU,22.5,26.2,1.1644444444444444
cell_6/comb_iter_1/left/Relu,CPU,28.4,20.5,0.721830985915493
cell_6/comb_iter_1/left/separable_5x5_1/separable_conv2d/depthwise,CPU,270.6,306.0,1.1308203991130819
cell_6/comb_iter_1/left/separable_5x5_1/separable_conv2d,CPU,249.8,262.4,1.0504403522818253
cell_6/comb_iter_1/left/separable_5x5_2/separable_conv2d/depthwise,CPU,267.6,268.0,1.0014947683109117
cell_6/comb_iter_1/left/separable_5x5_2/separable_conv2d,CPU,247.0,279.6,1.1319838056680163
cell_6/comb_iter_1/right/Relu,CPU,25.4,27.9,1.0984251968503937
cell_6/comb_iter_1/right/separable_3x3_1/separable_conv2d/depthwise,CPU,93.11111111111111,96.9,1.040692124105012
cell_6/comb_iter_1/right/separable_3x3_1/separable_conv2d,CPU,252.3,255.4,1.0122869599682918
cell_6/comb_iter_1/right/separable_3x3_2/separable_conv2d/depthwise,CPU,91.9,91.8,0.9989118607181718
cell_6/comb_iter_1/right/separable_3x3_2/separable_conv2d,CPU,248.6,249.6,1.00402252614642
cell_6/comb_iter_1/combine/add,CPU,19.3,33.0,1.709844559585492
cell_6/comb_iter_2/left/AvgPool2D/AvgPool,CPU,153.5,148.1,0.9648208469055374
cell_6/comb_iter_2/left/AvgPool2D/AvgPool___tr4cell_6/comb_iter_2/combine/add,CPU,31.8,39.9,1.2547169811320753
cell_6/prev_bn/FusedBatchNormV3___tr4cell_6/comb_iter_2/combine/add,CPU,128.2,62.1,0.48439937597503907
cell_6/comb_iter_2/combine/add,CPU,25.9,26.5,1.0231660231660231
cell_6/comb_iter_3/left/AvgPool2D/AvgPool,CPU,130.0,149.7,1.1515384615384614
cell_6/comb_iter_3/right/AvgPool2D/AvgPool,CPU,121.0,125.5,1.037190082644628
cell_6/comb_iter_3/left/AvgPool2D/AvgPool___tr4cell_6/comb_iter_3/combine/add,CPU,29.555555555555557,39.4,1.333082706766917
cell_6/comb_iter_3/right/AvgPool2D/AvgPool___tr4cell_6/comb_iter_3/combine/add,CPU,29.6,54.5,1.8412162162162162
cell_6/comb_iter_3/combine/add,CPU,27.88888888888889,53.8,1.9290836653386454
cell_6/comb_iter_4/left/Relu,OpenCL,261.77777777777777,621.3,2.3733870967741932
cell_6/comb_iter_4/left/separable_3x3_1/separable_conv2d/depthwise,OpenCL,531.375,1203.0,2.26393789696542
cell_6/comb_iter_4/left/separable_3x3_1/separable_conv2d,OpenCL,932.625,1054.3,1.1304650851092346
cell_6/comb_iter_4/left/separable_3x3_2/separable_conv2d/depthwise,OpenCL,865.5,1407.7,1.6264586943963029
cell_6/comb_iter_4/left/separable_3x3_2/separable_conv2d,OpenCL,916.75,1155.3,1.2602127079356422
cell_6/comb_iter_4/combine/add,OpenCL,506.16666666666663,614.4,1.213829436944353
cell_6/comb_iter_2/combine/add___tr4cell_6/cell_output/concat,CPU,38.333333333333336,37.4,0.9756521739130434
cell_6/comb_iter_3/combine/add___tr4cell_6/cell_output/concat,CPU,32.666666666666664,42.5,1.3010204081632655
cell_6/cell_output/concat,CPU,179.22222222222223,251.2,1.4016119032858028
cell_7/Relu_1,OpenCL,929.5,897.0,0.965034965034965
cell_7/1x1/Conv2D,OpenCL,2201.4444444444443,2149.6,0.9764498056831373
cell_7/comb_iter_0/left/Relu,CPU,25.7,41.2,1.6031128404669261
cell_7/comb_iter_0/left/separable_5x5_1/separable_conv2d/depthwise,CPU,292.4,339.9,1.1624487004103967
cell_7/comb_iter_0/left/separable_5x5_1/separable_conv2d,CPU,260.1,261.2,1.004229142637447
cell_7/comb_iter_0/left/separable_5x5_2/separable_conv2d/depthwise,CPU,268.5,266.6,0.9929236499068902
cell_7/comb_iter_0/left/separable_5x5_2/separable_conv2d,CPU,248.9,246.2,0.9891522699879469
cell_7/comb_iter_0/right/Relu,CPU,33.2,23.9,0.719879518072289
cell_7/comb_iter_0/right/separable_3x3_1/separable_conv2d/depthwise,CPU,95.1,97.7,1.0273396424815984
cell_7/comb_iter_0/right/separable_3x3_1/separable_conv2d,CPU,251.4,258.7,1.0290373906125696
cell_7/comb_iter_0/right/separable_3x3_2/separable_conv2d/depthwise,CPU,92.2,97.3,1.0553145336225596
cell_7/comb_iter_0/right/separable_3x3_2/separable_conv2d,CPU,246.1,259.6,1.054855749695246
cell_7/comb_iter_0/combine/add,CPU,20.5,20.7,1.0097560975609756
cell_7/comb_iter_1/left/Relu,CPU,26.5,22.1,0.8339622641509434
cell_7/comb_iter_1/left/separable_5x5_1/separable_conv2d/depthwise,CPU,270.55555555555554,339.6,1.2551950718685834
cell_7/comb_iter_1/left/separable_5x5_1/separable_conv2d,CPU,252.7,263.3,1.0419469726948953
cell_7/comb_iter_1/left/separable_5x5_2/separable_conv2d/depthwise,CPU,268.1,279.1,1.041029466616934
cell_7/comb_iter_1/left/separable_5x5_2/separable_conv2d,CPU,247.375,263.9,1.0668014148559877
cell_7/comb_iter_1/right/Relu,CPU,31.1,24.7,0.7942122186495176
cell_7/comb_iter_1/right/separable_3x3_1/separable_conv2d/depthwise,CPU,101.1,97.2,0.9614243323442138
cell_7/comb_iter_1/right/separable_3x3_1/separable_conv2d,CPU,253.33333333333334,268.2,1.0586842105263157
cell_7/comb_iter_1/right/separable_3x3_2/separable_conv2d/depthwise,CPU,91.77777777777777,89.8,0.978450363196126
cell_7/comb_iter_1/right/separable_3x3_2/separable_conv2d,CPU,249.9,247.0,0.9883953581432573
cell_7/comb_iter_1/combine/add,CPU,22.0,21.1,0.9590909090909091
cell_7/comb_iter_2/left/AvgPool2D/AvgPool,CPU,159.7,148.5,0.9298685034439574
cell_7/comb_iter_2/left/AvgPool2D/AvgPool___tr4cell_7/comb_iter_2/combine/add,CPU,32.7,36.3,1.1100917431192658
cell_7/prev_bn/FusedBatchNormV3___tr4cell_7/comb_iter_2/combine/add,CPU,125.2,76.4,0.610223642172524
cell_7/comb_iter_2/combine/add,CPU,22.22222222222222,24.5,1.1025
cell_7/comb_iter_3/left/AvgPool2D/AvgPool,CPU,127.8,167.2,1.3082942097026604
cell_7/comb_iter_3/right/AvgPool2D/AvgPool,CPU,120.6,142.5,1.1815920398009951
cell_7/comb_iter_3/left/AvgPool2D/AvgPool___tr4cell_7/comb_iter_3/combine/add,CPU,29.4,74.4,2.5306122448979593
cell_7/comb_iter_3/right/AvgPool2D/AvgPool___tr4cell_7/comb_iter_3/combine/add,CPU,29.3,51.4,1.7542662116040955
cell_7/comb_iter_3/combine/add,CPU,25.9,35.2,1.3590733590733592
cell_7/comb_iter_4/left/Relu,OpenCL,285.44444444444446,689.1,2.4141300116776954
cell_7/comb_iter_4/left/separable_3x3_1/separable_conv2d/depthwise,OpenCL,498.8333333333333,1216.3,2.4382893417975278
cell_7/comb_iter_4/left/separable_3x3_1/separable_conv2d,OpenCL,951.375,1066.2,1.1206937327552227
cell_7/comb_iter_4/left/separable_3x3_2/separable_conv2d/depthwise,OpenCL,674.8571428571429,1523.9,2.258107535986452
cell_7/comb_iter_4/left/separable_3x3_2/separable_conv2d,OpenCL,965.5,1240.0,1.284308648368721
cell_7/comb_iter_4/combine/add,OpenCL,390.6,911.3,2.3330773169482844
cell_7/comb_iter_2/combine/add___tr4cell_7/cell_output/concat,CPU,37.9,38.1,1.0052770448548813
cell_7/comb_iter_3/combine/add___tr4cell_7/cell_output/concat,CPU,32.5,30.2,0.9292307692307692
cell_7/cell_output/concat,CPU,161.9,237.5,1.4669549104385422
reduction_cell_1/Relu_1,CPU,223.0,259.5,1.163677130044843
reduction_cell_1/1x1/Conv2D,CPU,3531.9,3569.3,1.0105892012797644
reduction_cell_1/comb_iter_1/left/MaxPool2D/MaxPool,CPU,134.7,172.2,1.2783964365256124
reduction_cell_1/Relu,OpenCL,719.8888888888889,950.3,1.3200648248186448
reduction_cell_1/prev_1x1/Conv2D,OpenCL,3423.9,3679.9,1.0747685388007828
reduction_cell_1/comb_iter_1/right/Relu,CPU,60.1,94.1,1.5657237936772046
reduction_cell_1/comb_iter_1/right/separable_7x7_1/separable_conv2d/depthwise,CPU,393.5,411.3,1.0452350698856416
reduction_cell_1/comb_iter_1/right/separable_7x7_1/separable_conv2d,CPU,287.1,294.8,1.0268199233716475
reduction_cell_1/comb_iter_1/right/separable_7x7_2/separable_conv2d/depthwise,CPU,242.55555555555554,239.4,0.9869903802107193
reduction_cell_1/comb_iter_1/right/separable_7x7_2/separable_conv2d,CPU,277.8,292.6,1.0532757379409647
reduction_cell_1/comb_iter_1/left/MaxPool2D/MaxPool___tr4reduction_cell_1/comb_iter_1/combine/add,CPU,77.3,84.9,1.0983182406209575
reduction_cell_1/comb_iter_1/right/bn_sep_7x7_2/FusedBatchNormV3___tr4reduction_cell_1/comb_iter_1/combine/add,CPU,12.4,11.8,0.9516129032258065
reduction_cell_1/comb_iter_1/combine/add,CPU,17.4,20.5,1.17816091954023
reduction_cell_1/comb_iter_2/left/AvgPool2D/AvgPool,OpenCL,281.14285714285717,1057.2,3.7603658536585365
reduction_cell_1/comb_iter_2/right/Relu,OpenCL,328.85714285714283,1044.4,3.175847089487403
reduction_cell_1/comb_iter_2/right/separable_5x5_1/separable_conv2d/depthwise,OpenCL,1049.857142857143,1124.6,1.0711933596407672
reduction_cell_1/comb_iter_2/right/separable_5x5_1/separable_conv2d,OpenCL,985.875,1113.7,1.1296563966020032
reduction_cell_1/comb_iter_2/right/separable_5x5_2/separable_conv2d/depthwise,OpenCL,865.75,1605.4,1.8543459428241411
reduction_cell_1/comb_iter_2/right/separable_5x5_2/separable_conv2d,OpenCL,985.5,1137.8,1.154540842212075
reduction_cell_1/comb_iter_2/left/AvgPool2D/AvgPool___tr4reduction_cell_1/comb_iter_2/combine/add,OpenCL,250.71428571428572,388.9,1.551168091168091
reduction_cell_1/comb_iter_2/right/bn_sep_5x5_2/FusedBatchNormV3___tr4reduction_cell_1/comb_iter_2/combine/add,OpenCL,248.375,397.0,1.5983895319577253
reduction_cell_1/comb_iter_2/combine/add,OpenCL,287.5,454.1,1.5794782608695652
reduction_cell_1/comb_iter_0/left/Relu,CPU,66.5,70.0,1.0526315789473684
reduction_cell_1/comb_iter_0/left/separable_5x5_1/separable_conv2d/depthwise,CPU,256.0,299.8,1.17109375
reduction_cell_1/comb_iter_0/left/separable_5x5_1/separable_conv2d,CPU,287.8888888888889,291.5,1.0125434195291392
reduction_cell_1/comb_iter_0/left/separable_5x5_2/separable_conv2d/depthwise,CPU,173.7,170.3,0.9804260218767992
reduction_cell_1/comb_iter_0/left/separable_5x5_2/separable_conv2d,CPU,287.2,285.3,0.9933844011142062
reduction_cell_1/comb_iter_0/right/Relu,CPU,67.0,99.6,1.4865671641791043
reduction_cell_1/comb_iter_0/right/separable_7x7_1/separable_conv2d/depthwise,CPU,379.4,404.3,1.0656299420137059
reduction_cell_1/comb_iter_0/right/separable_7x7_1/separable_conv2d,CPU,284.9,294.5,1.0336960336960337
reduction_cell_1/comb_iter_0/right/separable_7x7_2/separable_conv2d/depthwise,CPU,242.3,239.0,0.9863805200165084
reduction_cell_1/comb_iter_0/right/separable_7x7_2/separable_conv2d,CPU,283.2,294.7,1.0406073446327684
reduction_cell_1/comb_iter_0/combine/add,CPU,18.8,22.0,1.1702127659574468
reduction_cell_1/comb_iter_3/right/AvgPool2D/AvgPool,CPU,67.7,67.4,0.9955686853766618
reduction_cell_1/comb_iter_3/right/AvgPool2D/AvgPool___tr4reduction_cell_1/comb_iter_3/combine/add,CPU,13.7,11.4,0.832116788321168
reduction_cell_1/comb_iter_3/combine/add,CPU,25.8,19.0,0.7364341085271318
reduction_cell_1/comb_iter_4/left/Relu,CPU,10.7,10.8,1.0093457943925235
reduction_cell_1/comb_iter_4/left/separable_3x3_1/separable_conv2d/depthwise,CPU,69.77777777777777,78.9,1.1307324840764332
reduction_cell_1/comb_iter_4/left/separable_3x3_1/separable_conv2d,CPU,284.1111111111111,287.5,1.0119280406726634
reduction_cell_1/comb_iter_4/left/separable_3x3_2/separable_conv2d/depthwise,CPU,67.44444444444444,67.7,1.0037891268533774
reduction_cell_1/comb_iter_4/left/separable_3x3_2/separable_conv2d,CPU,285.1,286.8,1.0059628200631356
reduction_cell_1/comb_iter_4/right/MaxPool2D/MaxPool,CPU,162.3,169.2,1.042513863216266
reduction_cell_1/comb_iter_4/left/bn_sep_3x3_2/FusedBatchNormV3___tr4reduction_cell_1/comb_iter_4/combine/add,CPU,15.1,15.1,1.0
reduction_cell_1/comb_iter_4/right/MaxPool2D/MaxPool___tr4reduction_cell_1/comb_iter_4/combine/add,CPU,11.7,11.2,0.9572649572649573
reduction_cell_1/comb_iter_4/combine/add,CPU,18.5,19.5,1.054054054054054
reduction_cell_1/cell_output/concat,CPU,62.888888888888886,71.9,1.1432862190812723
cell_9/Relu,CPU,38.6,48.1,1.2461139896373057
cell_9/Relu___tr4cell_9/prev_1x1/Conv2D,CPU,52.5,120.9,2.302857142857143
cell_9/prev_1x1/Conv2D,CPU,1521.5,1575.6,1.0355570161025303
cell_8/Relu,CPU,233.1,277.1,1.1887601887601889
cell_8/AvgPool2D,CPU,165.9,256.6,1.5467148884870405
cell_8/path1_conv/Conv2D,CPU,512.2,624.9,1.2200312377977351
cell_8/Pad/paddings,CPU,0.0,0.2,0
cell_8/Pad_Gather_Index,CPU,1.0,0.4,0.4
cell_8/Pad_Gather,CPU,0.0,0.0,0
cell_8/Pad,CPU,407.77777777777777,369.5,0.9061307901907357
cell_8/strided_slice/stack,CPU,1.0,0.1,0.1
cell_8/strided_slice/stack_1,CPU,0.0,0.4,0
cell_8/strided_slice/stack_2,CPU,1.0,0.1,0.1
cell_8/Pad___tr4cell_8/strided_slice,CPU,785.7777777777778,1243.5,1.5825084841628958
cell_8/strided_slice,CPU,293.0,347.3,1.1853242320819113
cell_8/strided_slice___tr4cell_8/AvgPool2D_1,CPU,299.44444444444446,364.6,1.2175881261595547
cell_8/AvgPool2D_1,CPU,150.6,178.4,1.1845949535192564
cell_8/path2_conv/Conv2D,CPU,547.4444444444445,608.5,1.1115283133752791
cell_8/concat,CPU,12.7,16.8,1.3228346456692914
cell_8/final_path_bn/FusedBatchNormV3,CPU,12.8,22.9,1.7890624999999998
cell_8/Relu_1,OpenCL,447.57142857142856,1156.3,2.5834982444940953
cell_8/Relu_1___tr4cell_8/1x1/Conv2D,OpenCL,412.14285714285717,765.8,1.8580935875216635
cell_8/1x1/Conv2D,OpenCL,1713.6666666666667,1912.5,1.1160280101147637
cell_8/comb_iter_0/left/Relu,CPU,13.4,22.2,1.6567164179104477
cell_8/comb_iter_0/left/separable_5x5_1/separable_conv2d/depthwise,CPU,195.77777777777777,194.1,0.9914301929625425
cell_8/comb_iter_0/left/separable_5x5_1/separable_conv2d,CPU,289.2,300.6,1.0394190871369295
cell_8/comb_iter_0/left/separable_5x5_2/separable_conv2d/depthwise,CPU,173.3,171.7,0.9907674552798614
cell_8/comb_iter_0/left/separable_5x5_2/separable_conv2d,CPU,280.3,300.0,1.0702818408847663
cell_8/comb_iter_0/right/Relu,CPU,17.9,18.6,1.0391061452513968
cell_8/comb_iter_0/right/separable_3x3_1/separable_conv2d/depthwise,CPU,70.2,73.8,1.051282051282051
cell_8/comb_iter_0/right/separable_3x3_1/separable_conv2d,CPU,289.7,325.7,1.124266482568174
cell_8/comb_iter_0/right/separable_3x3_2/separable_conv2d/depthwise,CPU,67.9,71.0,1.0456553755522826
cell_8/comb_iter_0/right/separable_3x3_2/separable_conv2d,CPU,279.22222222222223,314.2,1.1252686032630321
cell_8/comb_iter_0/combine/add,CPU,16.5,21.8,1.3212121212121213
cell_8/comb_iter_1/left/Relu,CPU,17.0,18.8,1.1058823529411765
cell_8/comb_iter_1/left/separable_5x5_1/separable_conv2d/depthwise,CPU,175.5,173.3,0.9874643874643876
cell_8/comb_iter_1/left/separable_5x5_1/separable_conv2d,CPU,283.1111111111111,295.2,1.0427001569858714
cell_8/comb_iter_1/left/separable_5x5_2/separable_conv2d/depthwise,CPU,174.3,171.1,0.9816408491107286
cell_8/comb_iter_1/left/separable_5x5_2/separable_conv2d,CPU,289.1,297.1,1.027672085783466
cell_8/comb_iter_1/right/Relu,CPU,16.9,17.5,1.0355029585798818
cell_8/comb_iter_1/right/separable_3x3_1/separable_conv2d/depthwise,CPU,70.9,73.8,1.0409026798307475
cell_8/comb_iter_1/right/separable_3x3_1/separable_conv2d,CPU,284.1111111111111,296.7,1.0443097379741886
cell_8/comb_iter_1/right/separable_3x3_2/separable_conv2d/depthwise,CPU,68.0,73.6,1.0823529411764705
cell_8/comb_iter_1/right/separable_3x3_2/separable_conv2d,CPU,278.3333333333333,293.0,1.0526946107784432
cell_8/comb_iter_1/combine/add,CPU,15.0,19.1,1.2733333333333334
cell_8/comb_iter_2/left/AvgPool2D/AvgPool,CPU,81.7,87.0,1.0648714810281517
cell_8/comb_iter_2/left/AvgPool2D/AvgPool___tr4cell_8/comb_iter_2/combine/add,CPU,13.7,13.6,0.9927007299270073
cell_8/final_path_bn/FusedBatchNormV3___tr4cell_8/comb_iter_2/combine/add,CPU,74.7,70.1,0.9384203480589022
cell_8/comb_iter_2/combine/add,CPU,16.0,16.2,1.0125
cell_8/comb_iter_3/left/AvgPool2D/AvgPool,CPU,66.2,79.3,1.1978851963746222
cell_8/comb_iter_3/right/AvgPool2D/AvgPool,CPU,64.2,64.4,1.003115264797508
cell_8/comb_iter_3/left/AvgPool2D/AvgPool___tr4cell_8/comb_iter_3/combine/add,CPU,11.9,14.4,1.2100840336134453
cell_8/comb_iter_3/right/AvgPool2D/AvgPool___tr4cell_8/comb_iter_3/combine/add,CPU,12.4,10.7,0.8629032258064515
cell_8/comb_iter_3/combine/add,CPU,27.4,17.5,0.6386861313868614
cell_8/comb_iter_4/left/Relu,OpenCL,280.55555555555554,688.2,2.4529900990099014
cell_8/comb_iter_4/left/separable_3x3_1/separable_conv2d/depthwise,OpenCL,628.1111111111111,927.9,1.4772863966035734
cell_8/comb_iter_4/left/separable_3x3_1/separable_conv2d,OpenCL,920.4444444444445,1157.9,1.2579792370835345
cell_8/comb_iter_4/left/separable_3x3_2/separable_conv2d/depthwise,OpenCL,796.5555555555555,1022.6,1.283777374808202
cell_8/comb_iter_4/left/separable_3x3_2/separable_conv2d,OpenCL,1001.625,979.4,0.9778110570323224
cell_8/comb_iter_4/combine/add,OpenCL,258.625,376.5,1.455775737071049
cell_8/comb_iter_2/combine/add___tr4cell_8/cell_output/concat,CPU,18.3,16.1,0.8797814207650274
cell_8/comb_iter_3/combine/add___tr4cell_8/cell_output/concat,CPU,14.5,11.3,0.7793103448275862
cell_8/cell_output/concat,CPU,77.75,97.8,1.2578778135048232
cell_9/Relu_1,OpenCL,917.625,998.7,1.088353085410707
cell_9/1x1/Conv2D,OpenCL,2226.0,2214.3,0.9947439353099732
cell_9/comb_iter_0/left/Relu,CPU,12.8,14.3,1.1171875
cell_9/comb_iter_0/left/separable_5x5_1/separable_conv2d/depthwise,CPU,187.6,190.2,1.0138592750533049
cell_9/comb_iter_0/left/separable_5x5_1/separable_conv2d,CPU,281.875,290.2,1.0295343680709534
cell_9/comb_iter_0/left/separable_5x5_2/separable_conv2d/depthwise,CPU,175.4,174.0,0.992018244013683
cell_9/comb_iter_0/left/separable_5x5_2/separable_conv2d,CPU,289.55555555555554,305.7,1.0557559478127398
cell_9/comb_iter_0/right/Relu,CPU,17.88888888888889,20.2,1.1291925465838508
cell_9/comb_iter_0/right/separable_3x3_1/separable_conv2d/depthwise,CPU,72.88888888888889,73.4,1.0070121951219513
cell_9/comb_iter_0/right/separable_3x3_1/separable_conv2d,CPU,282.6666666666667,296.7,1.0496462264150943
cell_9/comb_iter_0/right/separable_3x3_2/separable_conv2d/depthwise,CPU,72.0,71.0,0.9861111111111112
cell_9/comb_iter_0/right/separable_3x3_2/separable_conv2d,CPU,276.0,294.0,1.065217391304348
cell_9/comb_iter_0/combine/add,CPU,16.75,21.7,1.2955223880597015
cell_9/comb_iter_1/left/Relu,CPU,17.0,12.1,0.711764705882353
cell_9/comb_iter_1/left/separable_5x5_1/separable_conv2d/depthwise,CPU,175.5,198.0,1.1282051282051282
cell_9/comb_iter_1/left/separable_5x5_1/separable_conv2d,CPU,283.0,291.9,1.0314487632508833
cell_9/comb_iter_1/left/separable_5x5_2/separable_conv2d/depthwise,CPU,173.6,175.7,1.0120967741935483
cell_9/comb_iter_1/left/separable_5x5_2/separable_conv2d,CPU,282.2,303.7,1.0761871013465627
cell_9/comb_iter_1/right/Relu,CPU,17.22222222222222,13.9,0.8070967741935484
cell_9/comb_iter_1/right/separable_3x3_1/separable_conv2d/depthwise,CPU,74.2,74.5,1.0040431266846361
cell_9/comb_iter_1/right/separable_3x3_1/separable_conv2d,CPU,285.3,286.3,1.0035050823694356
cell_9/comb_iter_1/right/separable_3x3_2/separable_conv2d/depthwise,CPU,71.8,69.3,0.9651810584958217
cell_9/comb_iter_1/right/separable_3x3_2/separable_conv2d,CPU,283.7,286.1,1.0084596404652804
cell_9/comb_iter_1/combine/add,CPU,18.0,19.4,1.0777777777777777
cell_9/comb_iter_2/left/AvgPool2D/AvgPool,CPU,80.4,85.3,1.0609452736318408
cell_9/comb_iter_2/left/AvgPool2D/AvgPool___tr4cell_9/comb_iter_2/combine/add,CPU,14.6,16.7,1.143835616438356
cell_9/prev_bn/FusedBatchNormV3___tr4cell_9/comb_iter_2/combine/add,CPU,72.0,25.3,0.3513888888888889
cell_9/comb_iter_2/combine/add,CPU,16.125,16.9,1.0480620155038758
cell_9/comb_iter_3/left/AvgPool2D/AvgPool,CPU,66.1,81.8,1.2375189107413012
cell_9/comb_iter_3/right/AvgPool2D/AvgPool,CPU,64.4,65.6,1.0186335403726707
cell_9/comb_iter_3/left/AvgPool2D/AvgPool___tr4cell_9/comb_iter_3/combine/add,CPU,12.5,14.4,1.1520000000000001
cell_9/comb_iter_3/right/AvgPool2D/AvgPool___tr4cell_9/comb_iter_3/combine/add,CPU,11.1,10.8,0.972972972972973
cell_9/comb_iter_3/combine/add,CPU,14.0,19.6,1.4000000000000001
cell_9/comb_iter_4/left/Relu,OpenCL,258.44444444444446,578.2,2.2372312983662943
cell_9/comb_iter_4/left/separable_3x3_1/separable_conv2d/depthwise,OpenCL,656.6666666666666,948.3,1.4441116751269036
cell_9/comb_iter_4/left/separable_3x3_1/separable_conv2d,OpenCL,967.5,1186.3,1.2261498708010334
cell_9/comb_iter_4/left/separable_3x3_2/separable_conv2d/depthwise,OpenCL,831.875,1106.4,1.3300075131480091
cell_9/comb_iter_4/left/separable_3x3_2/separable_conv2d,OpenCL,1050.7777777777778,1198.0,1.1401078566141483
cell_9/comb_iter_4/combine/add,OpenCL,314.57142857142856,426.9,1.3570844686648502
cell_9/comb_iter_2/combine/add___tr4cell_9/cell_output/concat,CPU,17.9,13.2,0.7374301675977654
cell_9/comb_iter_3/combine/add___tr4cell_9/cell_output/concat,CPU,15.4,16.3,1.0584415584415585
cell_9/cell_output/concat,CPU,79.77777777777777,92.6,1.1607242339832868
cell_11/Relu,CPU,98.8,131.8,1.334008097165992
cell_11/prev_1x1/Conv2D,CPU,2521.4,2757.8,1.0937574363448879
cell_10/Relu,CPU,113.2,121.7,1.075088339222615
cell_10/prev_1x1/Conv2D,CPU,2661.8,2765.5,1.0389585994439852
cell_10/Relu_1,OpenCL,920.0,993.8,1.0802173913043478
cell_10/1x1/Conv2D,OpenCL,2174.0,2198.4,1.0112235510579577
cell_10/comb_iter_0/left/Relu,CPU,12.6,19.9,1.5793650793650793
cell_10/comb_iter_0/left/separable_5x5_1/separable_conv2d/depthwise,CPU,191.22222222222223,195.7,1.0234166182452062
cell_10/comb_iter_0/left/separable_5x5_1/separable_conv2d,CPU,291.9,296.5,1.0157588215142173
cell_10/comb_iter_0/left/separable_5x5_2/separable_conv2d/depthwise,CPU,174.1,176.7,1.0149339460080413
cell_10/comb_iter_0/left/separable_5x5_2/separable_conv2d,CPU,284.22222222222223,297.1,1.0453088350273652
cell_10/comb_iter_0/right/Relu,CPU,18.8,17.5,0.9308510638297872
cell_10/comb_iter_0/right/separable_3x3_1/separable_conv2d/depthwise,CPU,71.77777777777777,69.7,0.9710526315789475
cell_10/comb_iter_0/right/separable_3x3_1/separable_conv2d,CPU,288.8,313.5,1.0855263157894737
cell_10/comb_iter_0/right/separable_3x3_2/separable_conv2d/depthwise,CPU,68.9,71.6,1.0391872278664729
cell_10/comb_iter_0/right/separable_3x3_2/separable_conv2d,CPU,286.1,295.1,1.0314575323313526
cell_10/comb_iter_0/combine/add,CPU,19.2,18.9,0.984375
cell_10/comb_iter_1/left/Relu,CPU,18.3,10.9,0.5956284153005464
cell_10/comb_iter_1/left/separable_5x5_1/separable_conv2d/depthwise,CPU,176.66666666666666,189.2,1.070943396226415
cell_10/comb_iter_1/left/separable_5x5_1/separable_conv2d,CPU,283.9,317.9,1.1197604790419162
cell_10/comb_iter_1/left/separable_5x5_2/separable_conv2d/depthwise,CPU,176.3,168.7,0.9568916619398751
cell_10/comb_iter_1/left/separable_5x5_2/separable_conv2d,CPU,279.9,310.2,1.1082529474812433
cell_10/comb_iter_1/right/Relu,CPU,18.5,13.6,0.7351351351351351
cell_10/comb_iter_1/right/separable_3x3_1/separable_conv2d/depthwise,CPU,75.2,71.4,0.949468085106383
cell_10/comb_iter_1/right/separable_3x3_1/separable_conv2d,CPU,287.5,290.9,1.0118260869565217
cell_10/comb_iter_1/right/separable_3x3_2/separable_conv2d/depthwise,CPU,71.8,69.4,0.966573816155989
cell_10/comb_iter_1/right/separable_3x3_2/separable_conv2d,CPU,280.5,290.4,1.0352941176470587
cell_10/comb_iter_1/combine/add,CPU,17.11111111111111,21.2,1.238961038961039
cell_10/comb_iter_2/left/AvgPool2D/AvgPool,CPU,83.9,84.3,1.0047675804529201
cell_10/comb_iter_2/left/AvgPool2D/AvgPool___tr4cell_10/comb_iter_2/combine/add,CPU,14.4,12.5,0.8680555555555556
cell_10/prev_bn/FusedBatchNormV3___tr4cell_10/comb_iter_2/combine/add,CPU,77.6,20.3,0.2615979381443299
cell_10/comb_iter_2/combine/add,CPU,15.4,14.7,0.9545454545454545
cell_10/comb_iter_3/left/AvgPool2D/AvgPool,CPU,66.4,82.8,1.2469879518072287
cell_10/comb_iter_3/right/AvgPool2D/AvgPool,CPU,64.1,65.6,1.0234009360374414
cell_10/comb_iter_3/left/AvgPool2D/AvgPool___tr4cell_10/comb_iter_3/combine/add,CPU,13.0,15.2,1.169230769230769
cell_10/comb_iter_3/right/AvgPool2D/AvgPool___tr4cell_10/comb_iter_3/combine/add,CPU,13.0,10.4,0.8
cell_10/comb_iter_3/combine/add,CPU,23.1,18.9,0.8181818181818181
cell_10/comb_iter_4/left/Relu,OpenCL,292.8333333333333,584.1,1.994649971542402
cell_10/comb_iter_4/left/separable_3x3_1/separable_conv2d/depthwise,OpenCL,596.625,1107.6,1.8564424890006284
cell_10/comb_iter_4/left/separable_3x3_1/separable_conv2d,OpenCL,902.1111111111111,1084.4,1.2020692203473335
cell_10/comb_iter_4/left/separable_3x3_2/separable_conv2d/depthwise,OpenCL,711.625,700.9,0.9849288600035131
cell_10/comb_iter_4/left/separable_3x3_2/separable_conv2d,OpenCL,995.375,1120.5,1.1257063920632928
cell_10/comb_iter_4/combine/add,OpenCL,357.7142857142857,699.2,1.954632587859425
cell_10/comb_iter_2/combine/add___tr4cell_10/cell_output/concat,CPU,18.6,13.3,0.7150537634408602
cell_10/comb_iter_3/combine/add___tr4cell_10/cell_output/concat,CPU,15.2,17.8,1.1710526315789476
cell_10/cell_output/concat,CPU,80.2,94.2,1.174563591022444
cell_11/Relu_1,OpenCL,942.3333333333334,881.1,0.9350194552529183
cell_11/1x1/Conv2D,OpenCL,2222.5,2161.3,0.9724634420697413
cell_11/comb_iter_0/left/Relu,CPU,12.333333333333334,14.7,1.1918918918918917
cell_11/comb_iter_0/left/separable_5x5_1/separable_conv2d/depthwise,CPU,187.11111111111111,192.9,1.030938242280285
cell_11/comb_iter_0/left/separable_5x5_1/separable_conv2d,CPU,287.2,314.2,1.0940111420612812
cell_11/comb_iter_0/left/separable_5x5_2/separable_conv2d/depthwise,CPU,174.0,175.3,1.007471264367816
cell_11/comb_iter_0/left/separable_5x5_2/separable_conv2d,CPU,282.5,290.0,1.0265486725663717
cell_11/comb_iter_0/right/Relu,CPU,19.6,19.3,0.9846938775510203
cell_11/comb_iter_0/right/separable_3x3_1/separable_conv2d/depthwise,CPU,73.7,69.3,0.9402985074626865
cell_11/comb_iter_0/right/separable_3x3_1/separable_conv2d,CPU,281.8,287.6,1.0205819730305181
cell_11/comb_iter_0/right/separable_3x3_2/separable_conv2d/depthwise,CPU,70.1,68.6,0.978601997146933
cell_11/comb_iter_0/right/separable_3x3_2/separable_conv2d,CPU,277.6,287.8,1.0367435158501441
cell_11/comb_iter_0/combine/add,CPU,16.375,17.6,1.0748091603053436
cell_11/comb_iter_1/left/Relu,CPU,17.9,10.4,0.5810055865921788
cell_11/comb_iter_1/left/separable_5x5_1/separable_conv2d/depthwise,CPU,176.1,172.0,0.97671777399205
cell_11/comb_iter_1/left/separable_5x5_1/separable_conv2d,CPU,287.5,317.0,1.102608695652174
cell_11/comb_iter_1/left/separable_5x5_2/separable_conv2d/depthwise,CPU,174.2,168.1,0.9649827784156143
cell_11/comb_iter_1/left/separable_5x5_2/separable_conv2d,CPU,281.9,289.1,1.0255409719758781
cell_11/comb_iter_1/right/Relu,CPU,18.8,12.2,0.648936170212766
cell_11/comb_iter_1/right/separable_3x3_1/separable_conv2d/depthwise,CPU,72.6,72.5,0.9986225895316805
cell_11/comb_iter_1/right/separable_3x3_1/separable_conv2d,CPU,293.1111111111111,296.6,1.0119029567854436
cell_11/comb_iter_1/right/separable_3x3_2/separable_conv2d/depthwise,CPU,70.1,68.8,0.9814550641940086
cell_11/comb_iter_1/right/separable_3x3_2/separable_conv2d,CPU,282.8,293.7,1.0385431400282885
cell_11/comb_iter_1/combine/add,CPU,15.75,18.8,1.1936507936507936
cell_11/comb_iter_2/left/AvgPool2D/AvgPool,CPU,82.0,88.7,1.0817073170731708
cell_11/comb_iter_2/left/AvgPool2D/AvgPool___tr4cell_11/comb_iter_2/combine/add,CPU,13.6,13.5,0.9926470588235294
cell_11/prev_bn/FusedBatchNormV3___tr4cell_11/comb_iter_2/combine/add,CPU,73.8,30.9,0.4186991869918699
cell_11/comb_iter_2/combine/add,CPU,15.777777777777779,17.6,1.115492957746479
cell_11/comb_iter_3/left/AvgPool2D/AvgPool,CPU,67.1,86.0,1.2816691505216096
cell_11/comb_iter_3/right/AvgPool2D/AvgPool,CPU,64.2,65.9,1.0264797507788161
cell_11/comb_iter_3/left/AvgPool2D/AvgPool___tr4cell_11/comb_iter_3/combine/add,CPU,11.444444444444445,11.8,1.0310679611650486
cell_11/comb_iter_3/right/AvgPool2D/AvgPool___tr4cell_11/comb_iter_3/combine/add,CPU,12.6,12.0,0.9523809523809524
cell_11/comb_iter_3/combine/add,CPU,14.555555555555555,19.7,1.3534351145038168
cell_11/comb_iter_4/left/Relu,OpenCL,269.57142857142856,362.5,1.3447270800211977
cell_11/comb_iter_4/left/separable_3x3_1/separable_conv2d/depthwise,OpenCL,593.0,1348.9,2.2747048903878584
cell_11/comb_iter_4/left/separable_3x3_1/separable_conv2d,OpenCL,923.375,1375.7,1.4898605658589414
cell_11/comb_iter_4/left/separable_3x3_2/separable_conv2d/depthwise,OpenCL,820.125,1121.7,1.3677183356195703
cell_11/comb_iter_4/left/separable_3x3_2/separable_conv2d,OpenCL,979.7777777777778,1226.3,1.251610342481288
cell_11/comb_iter_4/combine/add,OpenCL,278.0,440.1,1.5830935251798561
cell_11/comb_iter_2/combine/add___tr4cell_11/cell_output/concat,CPU,19.1,14.5,0.7591623036649214
cell_11/comb_iter_3/combine/add___tr4cell_11/cell_output/concat,CPU,13.7,14.6,1.0656934306569343
cell_11/cell_output/concat,CPU,74.22222222222223,94.7,1.2758982035928144
final_layer/Relu,CPU,106.3,118.6,1.1157102539981185
final_layer/Mean/reduction_indices,CPU,1.0,0.2,0.2
final_layer/Relu___tr4final_layer/Mean,CPU,455.9,463.7,1.017109015134898
final_layer/Mean,CPU,362.3,390.6,1.078112061827215
final_layer/FC/weights,CPU,0.0,0.4,0
final_layer/FC/MatMul,CPU,7312.888888888889,7392.1,1.0108317126534583
final_layer/FC/biases,CPU,0.9,0.7,0.7777777777777777
final_layer/FC/BiasAdd,CPU,33.3,37.3,1.12012012012012
final_layer/predictions,CPU,20.22222222222222,20.1,0.9939560439560441
