conv0/Conv2D,CPU,47999.0,49511.9,1.0315194066543054
cell_stem_1/Relu,CPU,4800.25,8825.3,1.8385084110202592
cell_stem_1/AvgPool2D,CPU,4012.7499999999995,4722.7,1.176923556164725
cell_stem_1/path1_conv/Conv2D,CPU,11878.6,12313.5,1.0366120586601115
cell_stem_1/Pad/paddings,CPU,1.0,0.2,0.2
cell_stem_1/Pad_Gather_Index,CPU,0.0,0.3,0
cell_stem_1/Pad_Gather,CPU,0.0,0.1,0
cell_stem_1/Pad,CPU,7137.75,9918.4,1.3895695422226892
cell_stem_1/strided_slice/stack,CPU,1.0,0.1,0.1
cell_stem_1/strided_slice/stack_1,CPU,0.0,0.2,0
cell_stem_1/strided_slice/stack_2,CPU,1.0,0.3,0.3
cell_stem_1/Pad___tr4cell_stem_1/strided_slice,CPU,24876.25,28969.3,1.1645364554544997
cell_stem_1/strided_slice,CPU,7120.0,7482.1,1.0508567415730337
cell_stem_1/strided_slice___tr4cell_stem_1/AvgPool2D_1,CPU,7672.8,9814.2,1.2790897716609322
cell_stem_1/AvgPool2D_1,CPU,4038.9999999999995,4222.3,1.0453825204258482
cell_stem_1/path2_conv/Conv2D,CPU,11888.2,12208.8,1.0269679177671975
cell_stem_1/concat,CPU,3913.4,4982.3,1.2731384473859049
cell_stem_1/final_path_bn/FusedBatchNormV3,CPU,1342.6,1680.5,1.251675852822881
cell_stem_1/comb_iter_0/left/Relu,CPU,1377.6,1633.7,1.1859030197444833
cell_stem_1/comb_iter_0/left/separable_5x5_1/separable_conv2d/depthwise,CPU,5575.8,6057.8,1.0864449944402597
cell_stem_1/comb_iter_0/left/separable_5x5_1/separable_conv2d,CPU,6001.0,6121.6,1.0200966505582403
cell_stem_1/comb_iter_0/left/separable_5x5_2/separable_conv2d/depthwise,CPU,4860.6,4949.9,1.0183722174217174
cell_stem_1/comb_iter_0/left/separable_5x5_2/separable_conv2d,CPU,5991.2,6134.1,1.0238516490853253
cell_stem_1/comb_iter_0/right/MaxPool2D/MaxPool,CPU,3370.8,3578.8,1.0617064198409873
cell_stem_1/comb_iter_0/left/bn_sep_5x5_2/FusedBatchNormV3___tr4cell_stem_1/comb_iter_0/combine/add,CPU,1781.4,1967.9,1.1046929381385426
cell_stem_1/comb_iter_0/right/MaxPool2D/MaxPool___tr4cell_stem_1/comb_iter_0/combine/add,CPU,1825.4,1959.3,1.0733537854716773
cell_stem_1/comb_iter_0/combine/add,CPU,751.2,873.1,1.1622736954206603
cell_stem_0/comb_iter_0/left/Relu,OpenCL,4061.6000000000004,4464.3,1.0991481189678944
cell_stem_0/comb_iter_0/left/separable_5x5_1/separable_conv2d/depthwise,OpenCL,11881.4,11295.6,0.9506960459205145
cell_stem_0/comb_iter_0/left/separable_5x5_1/separable_conv2d,OpenCL,6522.4,5992.6,0.9187722310805839
cell_stem_0/comb_iter_0/left/separable_5x5_2/separable_conv2d/depthwise,OpenCL,5081.8,4714.9,0.9278011728127827
cell_stem_0/comb_iter_0/left/separable_5x5_2/separable_conv2d,OpenCL,4401.0,4315.0,0.9804589865939559
cell_stem_0/comb_iter_0/right/MaxPool2D/MaxPool,OpenCL,4512.2,4941.0,1.0950312486148663
cell_stem_0/comb_iter_0/right/1x1/Conv2D,OpenCL,6461.6,6301.0,0.9751454748050018
cell_stem_0/comb_iter_0/combine/add,OpenCL,1787.8,1324.5,0.7408546817317373
cell_stem_0/Relu,OpenCL,3923.6,8206.6,2.091599551432358
cell_stem_0/1x1/Conv2D,OpenCL,22825.0,22929.4,1.0045739320920044
cell_stem_0/comb_iter_1/left/Relu,OpenCL,2860.0,1986.7,0.6946503496503497
cell_stem_0/comb_iter_1/left/separable_7x7_1/separable_conv2d/depthwise,OpenCL,14148.4,13796.6,0.9751349975969015
cell_stem_0/comb_iter_1/left/separable_7x7_1/separable_conv2d,OpenCL,4428.2,3883.7,0.8770380741610586
cell_stem_0/comb_iter_1/left/separable_7x7_2/separable_conv2d/depthwise,OpenCL,7920.2,7489.8,0.9456579379308604
cell_stem_0/comb_iter_1/left/separable_7x7_2/separable_conv2d,OpenCL,4380.8,3858.8,0.8808436815193572
cell_stem_0/comb_iter_1/right/MaxPool2D/MaxPool,OpenCL,3040.0,2706.8,0.8903947368421053
cell_stem_0/comb_iter_1/left/bn_sep_7x7_2/FusedBatchNormV3___tr4cell_stem_0/comb_iter_1/combine/add,OpenCL,1460.6,899.5,0.6158428043269889
cell_stem_0/comb_iter_1/right/MaxPool2D/MaxPool___tr4cell_stem_0/comb_iter_1/combine/add,OpenCL,1454.4,912.8,0.6276127612761275
cell_stem_0/comb_iter_1/combine/add,OpenCL,1737.8,1280.3,0.7367361031188859
cell_stem_0/comb_iter_2/left/Relu,OpenCL,2383.0,2239.1,0.9396139320184641
cell_stem_0/comb_iter_2/left/separable_5x5_1/separable_conv2d/depthwise,OpenCL,8576.0,8179.3,0.9537430037313434
cell_stem_0/comb_iter_2/left/separable_5x5_1/separable_conv2d,OpenCL,4805.2,3898.9,0.8113918255223508
cell_stem_0/comb_iter_2/left/separable_5x5_2/separable_conv2d/depthwise,OpenCL,5079.0,4671.4,0.919747981886198
cell_stem_0/comb_iter_2/left/separable_5x5_2/separable_conv2d,OpenCL,4313.2,3935.8,0.9125011592321247
cell_stem_0/comb_iter_2/right/Relu,OpenCL,2488.2,2366.5,0.9510891407443133
cell_stem_0/comb_iter_2/right/separable_3x3_1/separable_conv2d/depthwise,OpenCL,4482.6,3948.2,0.8807834738767678
cell_stem_0/comb_iter_2/right/separable_3x3_1/separable_conv2d,OpenCL,4320.0,4042.6,0.935787037037037
cell_stem_0/comb_iter_2/right/separable_3x3_2/separable_conv2d/depthwise,OpenCL,2932.0,3165.3,1.0795702592087313
cell_stem_0/comb_iter_2/right/separable_3x3_2/separable_conv2d,OpenCL,4283.0,3898.1,0.9101330842867149
cell_stem_0/comb_iter_2/combine/add,OpenCL,1765.0,1273.7,0.721643059490085
cell_stem_0/comb_iter_3/left/Relu,OpenCL,1347.4,856.8,0.6358913462965711
cell_stem_0/comb_iter_3/left/separable_3x3_1/separable_conv2d/depthwise,OpenCL,2900.0,2504.4,0.8635862068965517
cell_stem_0/comb_iter_3/left/separable_3x3_1/separable_conv2d,OpenCL,4348.8,3840.9,0.8832091611479028
cell_stem_0/comb_iter_3/left/separable_3x3_2/separable_conv2d/depthwise,OpenCL,2974.4,2575.4,0.8658552985476062
cell_stem_0/comb_iter_3/left/separable_3x3_2/separable_conv2d,OpenCL,4283.4,4055.1,0.9467012186580754
cell_stem_0/comb_iter_3/right/MaxPool2D/MaxPool,OpenCL,2905.6,3278.9,1.1284760462555066
cell_stem_0/comb_iter_3/left/bn_sep_3x3_2/FusedBatchNormV3___tr4cell_stem_0/comb_iter_3/combine/add,OpenCL,1372.0,1199.1,0.8739795918367347
cell_stem_0/comb_iter_3/right/MaxPool2D/MaxPool___tr4cell_stem_0/comb_iter_3/combine/add,OpenCL,1434.6,1357.0,0.9459082671127841
cell_stem_0/comb_iter_3/combine/add,OpenCL,1740.4,1542.6,0.886347965984831
cell_stem_0/comb_iter_4/left/Relu,CPU,4723.2,5843.8,1.237254403794038
cell_stem_0/comb_iter_4/left/separable_3x3_1/separable_conv2d/depthwise,CPU,10051.2,10637.2,1.0583014963387456
cell_stem_0/comb_iter_4/left/separable_3x3_1/separable_conv2d,CPU,11959.2,12641.4,1.0570439494280552
cell_stem_0/comb_iter_4/left/separable_3x3_2/separable_conv2d/depthwise,CPU,2944.2,3035.4,1.0309761565111066
cell_stem_0/comb_iter_4/left/separable_3x3_2/separable_conv2d,CPU,7531.2,7925.5,1.0523555343106012
cell_stem_0/comb_iter_4/right/Relu,CPU,2895.2,3680.9,1.2713802155291518
cell_stem_0/comb_iter_4/right/1x1/Conv2D,CPU,10256.8,11269.7,1.0987539973481009
cell_stem_0/comb_iter_4/combine/add,CPU,1483.6,1597.6,1.0768401186303587
cell_stem_0/comb_iter_1/combine/add___tr4cell_stem_0/cell_output/concat,OpenCL,1443.6,917.6,0.6356331393737878
cell_stem_0/comb_iter_3/combine/add___tr4cell_stem_0/cell_output/concat,OpenCL,1398.6,1073.6,0.7676247676247676
cell_stem_0/cell_output/concat,CPU,9644.0,9666.6,1.0023434259643302
cell_stem_1/Relu_1,OpenCL,3319.0,4007.3,1.2073817414884003
cell_stem_1/1x1/Conv2D,OpenCL,27688.2,28701.6,1.0366004290636444
cell_stem_1/comb_iter_1/left/Relu,OpenCL,1790.8,1391.8,0.7771945499218227
cell_stem_1/comb_iter_1/left/separable_7x7_1/separable_conv2d/depthwise,OpenCL,6568.8,6013.0,0.91538789428815
cell_stem_1/comb_iter_1/left/separable_7x7_1/separable_conv2d,OpenCL,3859.6,3554.2,0.9208726292880091
cell_stem_1/comb_iter_1/left/separable_7x7_2/separable_conv2d/depthwise,OpenCL,3639.6,3140.4,0.8628420705572042
cell_stem_1/comb_iter_1/left/separable_7x7_2/separable_conv2d,OpenCL,3847.0,3329.9,0.8655835716142449
cell_stem_1/comb_iter_1/right/MaxPool2D/MaxPool,OpenCL,2140.0,1702.9,0.7957476635514019
cell_stem_1/comb_iter_1/left/bn_sep_7x7_2/FusedBatchNormV3___tr4cell_stem_1/comb_iter_1/combine/add,OpenCL,1186.4,958.1,0.8075691166554282
cell_stem_1/comb_iter_1/right/MaxPool2D/MaxPool___tr4cell_stem_1/comb_iter_1/combine/add,OpenCL,1301.5,873.1,0.6708413369189397
cell_stem_1/comb_iter_1/combine/add,OpenCL,1424.4,983.7,0.6906065711878686
cell_stem_1/comb_iter_2/left/Relu,CPU,1452.4,1538.8,1.059487744423024
cell_stem_1/comb_iter_2/left/separable_5x5_1/separable_conv2d/depthwise,CPU,5599.2,5710.4,1.0198599799971424
cell_stem_1/comb_iter_2/left/separable_5x5_1/separable_conv2d,CPU,6057.6,6073.8,1.002674326465927
cell_stem_1/comb_iter_2/left/separable_5x5_2/separable_conv2d/depthwise,CPU,4860.6,5042.5,1.0374233633707772
cell_stem_1/comb_iter_2/left/separable_5x5_2/separable_conv2d,CPU,5983.6,5956.7,0.9955043786349353
cell_stem_1/comb_iter_2/right/Relu,CPU,1459.0,1397.0,0.9575051405071967
cell_stem_1/comb_iter_2/right/separable_3x3_1/separable_conv2d/depthwise,CPU,3298.4,3224.3,0.9775345622119817
cell_stem_1/comb_iter_2/right/separable_3x3_1/separable_conv2d,CPU,6004.4,5965.6,0.9935380720804744
cell_stem_1/comb_iter_2/right/separable_3x3_2/separable_conv2d/depthwise,CPU,1477.4,1508.5,1.0210504941112766
cell_stem_1/comb_iter_2/right/separable_3x3_2/separable_conv2d,CPU,5963.0,5969.7,1.001123595505618
cell_stem_1/comb_iter_2/combine/add,CPU,753.8,797.9,1.0585035818519501
cell_stem_1/comb_iter_3/left/Relu,CPU,350.2,353.4,1.009137635636779
cell_stem_1/comb_iter_3/left/separable_3x3_1/separable_conv2d/depthwise,CPU,1466.6,1461.8,0.99672712396018
cell_stem_1/comb_iter_3/left/separable_3x3_1/separable_conv2d,CPU,6026.8,5967.3,0.9901274308090529
cell_stem_1/comb_iter_3/left/separable_3x3_2/separable_conv2d/depthwise,CPU,1470.2,1488.0,1.0121071962998232
cell_stem_1/comb_iter_3/left/separable_3x3_2/separable_conv2d,CPU,6004.6,5931.5,0.9878260000666156
cell_stem_1/comb_iter_3/right/MaxPool2D/MaxPool,CPU,3454.6,3381.4,0.978810860881144
cell_stem_1/comb_iter_3/left/bn_sep_3x3_2/FusedBatchNormV3___tr4cell_stem_1/comb_iter_3/combine/add,CPU,1887.0,1778.6,0.9425543190249072
cell_stem_1/comb_iter_3/right/MaxPool2D/MaxPool___tr4cell_stem_1/comb_iter_3/combine/add,CPU,1875.4,1782.8,0.9506238669083928
cell_stem_1/comb_iter_3/combine/add,CPU,814.2,771.2,0.9471874232375338
cell_stem_1/comb_iter_4/left/Relu,OpenCL,1878.0,2366.3,1.2600106496272632
cell_stem_1/comb_iter_4/left/separable_3x3_1/separable_conv2d/depthwise,OpenCL,2434.2,2025.9,0.8322652206063594
cell_stem_1/comb_iter_4/left/separable_3x3_1/separable_conv2d,OpenCL,4172.4,3427.8,0.8215415588150706
cell_stem_1/comb_iter_4/left/separable_3x3_2/separable_conv2d/depthwise,OpenCL,1993.6,1380.0,0.692215088282504
cell_stem_1/comb_iter_4/left/separable_3x3_2/separable_conv2d,OpenCL,3834.0,3662.0,0.9551382368283776
cell_stem_1/comb_iter_4/right/Relu,OpenCL,1766.2,1905.7,1.0789831276186161
cell_stem_1/comb_iter_4/right/1x1/Conv2D,OpenCL,4208.0,3943.7,0.9371910646387832
cell_stem_1/comb_iter_4/combine/add,OpenCL,1333.4,961.3,0.7209389530523473
cell_stem_1/comb_iter_2/combine/add___tr4cell_stem_1/cell_output/concat,CPU,1725.6,1803.5,1.0451437181270284
cell_stem_1/comb_iter_4/combine/add___tr4cell_stem_1/cell_output/concat,OpenCL,1213.4,811.5,0.6687819350585132
cell_stem_1/cell_output/concat,CPU,2559.6,2616.9,1.022386310360994
cell_1/Relu,OpenCL,2603.4,3232.3,1.2415687178305292
cell_1/Relu___tr4cell_1/prev_1x1/Conv2D,OpenCL,2754.6,2850.7,1.0348870979452551
cell_1/prev_1x1/Conv2D,OpenCL,24667.8,25310.1,1.0260379928489771
cell_1/comb_iter_0/left/Relu,CPU,832.2,801.0,0.9625090122566691
cell_1/comb_iter_0/left/separable_5x5_1/separable_conv2d/depthwise,CPU,9884.0,9838.9,0.9954370700121408
cell_1/comb_iter_0/left/separable_5x5_1/separable_conv2d,CPU,22247.8,22409.2,1.0072546498979675
cell_1/comb_iter_0/left/separable_5x5_2/separable_conv2d/depthwise,CPU,9920.2,9880.3,0.9959779036712968
cell_1/comb_iter_0/left/separable_5x5_2/separable_conv2d,CPU,22324.6,22598.6,1.012273456187345
cell_1/comb_iter_0/right/MaxPool2D/MaxPool,CPU,4839.2,4857.2,1.0037196230781948
cell_1/comb_iter_0/left/bn_sep_5x5_2/FusedBatchNormV3___tr4cell_1/comb_iter_0/combine/add,CPU,3850.0,3751.6,0.9744415584415584
cell_1/comb_iter_0/right/MaxPool2D/MaxPool___tr4cell_1/comb_iter_0/combine/add,CPU,3852.0,3672.1,0.9532969885773623
cell_1/comb_iter_0/combine/add,CPU,1671.0,1660.6,0.9937761819269898
cell_0/Relu,CPU,3658.2,6402.7,1.7502323547099667
cell_0/AvgPool2D,CPU,3420.4,3826.4,1.1186995673020699
cell_0/path1_conv/Conv2D,CPU,14584.0,15820.0,1.0847504114097641
cell_0/Pad/paddings,CPU,1.0,0.3,0.3
cell_0/Pad_Gather_Index,CPU,0.0,0.7,0
cell_0/Pad_Gather,CPU,0.0,0.3,0
cell_0/Pad,CPU,5464.6,6334.1,1.1591150312923177
cell_0/strided_slice/stack,CPU,1.0,0.4,0.4
cell_0/strided_slice/stack_1,CPU,0.0,0.3,0
cell_0/strided_slice/stack_2,CPU,0.0,0.1,0
cell_0/Pad___tr4cell_0/strided_slice,CPU,18849.0,20465.3,1.0857499071568784
cell_0/strided_slice,CPU,5246.6,5208.9,0.9928143940837875
cell_0/strided_slice___tr4cell_0/AvgPool2D_1,CPU,6502.2,7914.4,1.2171880286672203
cell_0/AvgPool2D_1,CPU,3460.4,3587.2,1.036643162640157
cell_0/path2_conv/Conv2D,CPU,14650.6,14795.6,1.0098972055751982
cell_0/concat,CPU,736.4,856.9,1.1636338946224878
cell_0/final_path_bn/FusedBatchNormV3,CPU,682.0,787.5,1.154692082111437
cell_0/comb_iter_0/left/Relu,OpenCL,1336.8,2051.6,1.5347097546379413
cell_0/comb_iter_0/left/separable_5x5_1/separable_conv2d/depthwise,OpenCL,4309.8,4220.3,0.9792333750986124
cell_0/comb_iter_0/left/separable_5x5_1/separable_conv2d,OpenCL,10695.0,10955.1,1.024319775596073
cell_0/comb_iter_0/left/separable_5x5_2/separable_conv2d/depthwise,OpenCL,4291.4,4783.3,1.114624598033276
cell_0/comb_iter_0/left/separable_5x5_2/separable_conv2d,OpenCL,10601.8,12207.2,1.151427116150088
cell_0/comb_iter_0/right/MaxPool2D/MaxPool,OpenCL,2940.2,4483.2,1.5247942316849195
cell_0/comb_iter_0/left/bn_sep_5x5_2/FusedBatchNormV3___tr4cell_0/comb_iter_0/combine/add,OpenCL,1274.6,1040.9,0.8166483602698887
cell_0/comb_iter_0/right/MaxPool2D/MaxPool___tr4cell_0/comb_iter_0/combine/add,OpenCL,1270.8,1056.3,0.8312086874409821
cell_0/comb_iter_0/combine/add,OpenCL,1736.4,1249.3,0.719477079014052
cell_0/Relu_1,OpenCL,2381.6,2428.0,1.0194827007054081
cell_0/Relu_1___tr4cell_0/1x1/Conv2D,OpenCL,2365.5,2381.7,1.0068484464172478
cell_0/1x1/Conv2D,OpenCL,24756.8,24945.5,1.0076221482582564
cell_0/comb_iter_1/left/Relu,OpenCL,1207.25,1173.2,0.9717954027749017
cell_0/comb_iter_1/left/separable_7x7_1/separable_conv2d/depthwise,OpenCL,6714.2,6572.6,0.9789103690685413
cell_0/comb_iter_1/left/separable_7x7_1/separable_conv2d,OpenCL,10652.4,10495.6,0.985280312417859
cell_0/comb_iter_1/left/separable_7x7_2/separable_conv2d/depthwise,OpenCL,6682.6,6919.5,1.0354502738455091
cell_0/comb_iter_1/left/separable_7x7_2/separable_conv2d,OpenCL,10689.8,10604.4,0.9920110759789706
cell_0/comb_iter_1/right/MaxPool2D/MaxPool,OpenCL,3123.8,3051.0,0.9766950508995453
cell_0/comb_iter_1/left/bn_sep_7x7_2/FusedBatchNormV3___tr4cell_0/comb_iter_1/combine/add,OpenCL,1299.2,1180.9,0.9089439655172414
cell_0/comb_iter_1/right/MaxPool2D/MaxPool___tr4cell_0/comb_iter_1/combine/add,OpenCL,1265.0,1176.6,0.9301185770750987
cell_0/comb_iter_1/combine/add,OpenCL,1637.2,1264.8,0.7725384803322746
cell_0/comb_iter_2/left/Relu,OpenCL,1219.8,1342.7,1.1007542220036073
cell_0/comb_iter_2/left/separable_5x5_1/separable_conv2d/depthwise,OpenCL,4216.0,3913.5,0.9282495256166983
cell_0/comb_iter_2/left/separable_5x5_1/separable_conv2d,OpenCL,10656.6,11618.2,1.0902351594317137
cell_0/comb_iter_2/left/separable_5x5_2/separable_conv2d/depthwise,OpenCL,4381.6,3881.8,0.8859320796056235
cell_0/comb_iter_2/left/separable_5x5_2/separable_conv2d,OpenCL,10593.2,10376.3,0.9795246006872332
cell_0/comb_iter_2/right/Relu,OpenCL,1235.4,1174.0,0.9502994981382548
cell_0/comb_iter_2/right/separable_3x3_1/separable_conv2d/depthwise,OpenCL,2537.2,2576.3,1.0154106889484473
cell_0/comb_iter_2/right/separable_3x3_1/separable_conv2d,OpenCL,10734.4,10470.6,0.975424802504099
cell_0/comb_iter_2/right/separable_3x3_2/separable_conv2d/depthwise,OpenCL,2903.2,2192.3,0.755132267842381
cell_0/comb_iter_2/right/separable_3x3_2/separable_conv2d,OpenCL,10741.6,10449.6,0.9728159678260222
cell_0/comb_iter_2/combine/add,OpenCL,1636.2,2216.4,1.3546021268793547
cell_0/comb_iter_3/left/Relu,OpenCL,1288.4,1679.9,1.303865259236262
cell_0/comb_iter_3/left/separable_3x3_1/separable_conv2d/depthwise,OpenCL,2559.6,2080.4,0.8127832473824036
cell_0/comb_iter_3/left/separable_3x3_1/separable_conv2d,OpenCL,10704.6,10357.9,0.9676120546307194
cell_0/comb_iter_3/left/separable_3x3_2/separable_conv2d/depthwise,OpenCL,2550.4,2426.7,0.9514978042659974
cell_0/comb_iter_3/left/separable_3x3_2/separable_conv2d,OpenCL,10721.0,10234.6,0.9546310978453503
cell_0/comb_iter_3/right/MaxPool2D/MaxPool,OpenCL,2877.0,2508.0,0.8717413972888426
cell_0/comb_iter_3/left/bn_sep_3x3_2/FusedBatchNormV3___tr4cell_0/comb_iter_3/combine/add,OpenCL,1306.0,1135.4,0.8693721286370598
cell_0/comb_iter_3/right/MaxPool2D/MaxPool___tr4cell_0/comb_iter_3/combine/add,OpenCL,1320.8,1114.5,0.8438067837674137
cell_0/comb_iter_3/combine/add,OpenCL,1646.6,1238.4,0.7520952265273899
cell_0/comb_iter_4/left/Relu,CPU,761.8,1347.3,1.7685744289839853
cell_0/comb_iter_4/left/separable_3x3_1/separable_conv2d/depthwise,CPU,2959.2,3322.8,1.1228710462287106
cell_0/comb_iter_4/left/separable_3x3_1/separable_conv2d,CPU,22077.2,23765.3,1.0764635008062615
cell_0/comb_iter_4/left/separable_3x3_2/separable_conv2d/depthwise,CPU,2923.4,3834.4,1.311623452144763
cell_0/comb_iter_4/left/separable_3x3_2/separable_conv2d,CPU,22222.6,23975.2,1.0788656592837922
cell_0/comb_iter_4/combine/add,CPU,1613.4,1693.5,1.0496467088136854
cell_0/comb_iter_2/combine/add___tr4cell_0/cell_output/concat,OpenCL,1322.6,1194.7,0.903296537123847
cell_0/comb_iter_4/combine/add___tr4cell_0/cell_output/concat,CPU,3656.8,3944.5,1.0786753445635529
cell_0/cell_output/concat,CPU,4434.2,4437.4,1.0007216634342158
cell_1/Relu_1,OpenCL,9197.6,13765.8,1.4966730451422108
cell_1/Relu_1___tr4cell_1/1x1/Conv2D,OpenCL,8839.2,10259.4,1.1606706489275047
cell_1/1x1/Conv2D,OpenCL,47728.4,47931.0,1.0042448521215879
cell_1/comb_iter_1/left/Relu,OpenCL,2173.25,1001.7,0.46092258138732317
cell_1/comb_iter_1/left/separable_7x7_1/separable_conv2d/depthwise,OpenCL,6853.8,6782.4,0.9895824214304473
cell_1/comb_iter_1/left/separable_7x7_1/separable_conv2d,OpenCL,10679.6,10356.3,0.9697273306116333
cell_1/comb_iter_1/left/separable_7x7_2/separable_conv2d/depthwise,OpenCL,6774.4,6375.2,0.9410722720831365
cell_1/comb_iter_1/left/separable_7x7_2/separable_conv2d,OpenCL,10706.8,10279.1,0.9600534239922294
cell_1/comb_iter_1/right/MaxPool2D/MaxPool,OpenCL,2923.4,2529.8,0.8653622494355887
cell_1/comb_iter_1/left/bn_sep_7x7_2/FusedBatchNormV3___tr4cell_1/comb_iter_1/combine/add,OpenCL,1279.0,1047.0,0.818608287724785
cell_1/comb_iter_1/right/MaxPool2D/MaxPool___tr4cell_1/comb_iter_1/combine/add,OpenCL,1279.8,1038.8,0.8116893264572589
cell_1/comb_iter_1/combine/add,OpenCL,1657.2,1231.7,0.7432416123581945
cell_1/comb_iter_2/left/Relu,OpenCL,1211.25,1007.2,0.8315376676986584
cell_1/comb_iter_2/left/separable_5x5_1/separable_conv2d/depthwise,OpenCL,4217.8,4256.3,1.0091279814121106
cell_1/comb_iter_2/left/separable_5x5_1/separable_conv2d,OpenCL,10806.0,10287.8,0.9520451600962427
cell_1/comb_iter_2/left/separable_5x5_2/separable_conv2d/depthwise,OpenCL,4914.8,4224.1,0.8594652885163181
cell_1/comb_iter_2/left/separable_5x5_2/separable_conv2d,OpenCL,10714.0,10281.7,0.9596509240246407
cell_1/comb_iter_2/right/Relu,OpenCL,1296.6,993.4,0.7661576430664816
cell_1/comb_iter_2/right/separable_3x3_1/separable_conv2d/depthwise,OpenCL,2598.6,2104.6,0.8098976371892558
cell_1/comb_iter_2/right/separable_3x3_1/separable_conv2d,OpenCL,10722.2,10317.6,0.9622652067672679
cell_1/comb_iter_2/right/separable_3x3_2/separable_conv2d/depthwise,OpenCL,2574.8,2128.6,0.8267049867950907
cell_1/comb_iter_2/right/separable_3x3_2/separable_conv2d,OpenCL,10763.4,10353.5,0.9619172380474571
cell_1/comb_iter_2/combine/add,OpenCL,1647.4,1564.7,0.9497996843510986
cell_1/comb_iter_3/left/Relu,OpenCL,1274.8,1040.4,0.8161280200815815
cell_1/comb_iter_3/left/separable_3x3_1/separable_conv2d/depthwise,OpenCL,2556.6,2124.8,0.8311038097473208
cell_1/comb_iter_3/left/separable_3x3_1/separable_conv2d,OpenCL,10699.4,10406.7,0.9726433257939698
cell_1/comb_iter_3/left/separable_3x3_2/separable_conv2d/depthwise,OpenCL,2602.5,2545.9,0.9782516810758886
cell_1/comb_iter_3/left/separable_3x3_2/separable_conv2d,OpenCL,10615.0,10393.6,0.9791427225624117
cell_1/comb_iter_3/right/MaxPool2D/MaxPool,OpenCL,2893.2,2678.5,0.9257915111295452
cell_1/comb_iter_3/left/bn_sep_3x3_2/FusedBatchNormV3___tr4cell_1/comb_iter_3/combine/add,OpenCL,1252.0,967.6,0.7728434504792332
cell_1/comb_iter_3/right/MaxPool2D/MaxPool___tr4cell_1/comb_iter_3/combine/add,OpenCL,1361.5,985.5,0.7238340066103562
cell_1/comb_iter_3/combine/add,OpenCL,1624.75,1359.8,0.8369287582705032
cell_1/comb_iter_4/left/Relu,OpenCL,1350.4,2173.6,1.6095971563981042
cell_1/comb_iter_4/left/separable_3x3_1/separable_conv2d/depthwise,OpenCL,2579.0,3124.5,1.2115160915083365
cell_1/comb_iter_4/left/separable_3x3_1/separable_conv2d,OpenCL,10639.0,11262.6,1.058614531440925
cell_1/comb_iter_4/left/separable_3x3_2/separable_conv2d/depthwise,OpenCL,2575.8,2525.5,0.9804720863421073
cell_1/comb_iter_4/left/separable_3x3_2/separable_conv2d,OpenCL,10679.2,10482.4,0.9815716533073637
cell_1/comb_iter_4/combine/add,OpenCL,1684.8,1773.2,1.0524691358024691
cell_1/comb_iter_2/combine/add___tr4cell_1/cell_output/concat,OpenCL,1228.75,1010.7,0.8225432349949136
cell_1/comb_iter_4/combine/add___tr4cell_1/cell_output/concat,OpenCL,1323.0,1012.2,0.7650793650793651
cell_1/cell_output/concat,CPU,4570.6,4366.6,0.9553669102524832
cell_3/Relu,OpenCL,9258.8,14496.4,1.5656888581673651
cell_3/Relu___tr4cell_3/prev_1x1/Conv2D,OpenCL,8879.6,10194.4,1.14806973287085
cell_3/prev_1x1/Conv2D,OpenCL,47792.6,48060.4,1.0056033779288007
cell_3/comb_iter_0/left/Relu,OpenCL,2149.75,1614.8,0.7511571112920107
cell_3/comb_iter_0/left/separable_5x5_1/separable_conv2d/depthwise,OpenCL,4405.4,4114.7,0.9340128024696963
cell_3/comb_iter_0/left/separable_5x5_1/separable_conv2d,OpenCL,10679.2,10332.6,0.967544385347217
cell_3/comb_iter_0/left/separable_5x5_2/separable_conv2d/depthwise,OpenCL,4256.8,3855.0,0.9056098477729749
cell_3/comb_iter_0/left/separable_5x5_2/separable_conv2d,OpenCL,10725.0,10827.1,1.0095198135198136
cell_3/comb_iter_0/right/MaxPool2D/MaxPool,OpenCL,2901.0,2607.8,0.898931402964495
cell_3/comb_iter_0/left/bn_sep_5x5_2/FusedBatchNormV3___tr4cell_3/comb_iter_0/combine/add,OpenCL,1315.4,1405.6,1.0685722974000302
cell_3/comb_iter_0/right/MaxPool2D/MaxPool___tr4cell_3/comb_iter_0/combine/add,OpenCL,1306.8,1022.6,0.7825221916131008
cell_3/comb_iter_0/combine/add,OpenCL,1673.2,1256.5,0.7509562514941429
cell_2/Relu,CPU,3725.8,6431.6,1.726233292178861
cell_2/Relu___tr4cell_2/prev_1x1/Conv2D,CPU,6368.6,12146.5,1.9072480607982916
cell_2/prev_1x1/Conv2D,CPU,119564.8,129702.1,1.0847849868857724
cell_2/comb_iter_0/left/Relu,CPU,881.4,903.9,1.0255275697753574
cell_2/comb_iter_0/left/separable_5x5_1/separable_conv2d/depthwise,CPU,9790.4,9876.3,1.0087739009642098
cell_2/comb_iter_0/left/separable_5x5_1/separable_conv2d,CPU,22084.2,23270.9,1.053735249635486
cell_2/comb_iter_0/left/separable_5x5_2/separable_conv2d/depthwise,CPU,9751.8,9887.1,1.0138743616563097
cell_2/comb_iter_0/left/separable_5x5_2/separable_conv2d,CPU,22315.6,23714.2,1.0626736453422718
cell_2/comb_iter_0/right/MaxPool2D/MaxPool,CPU,4833.0,4856.0,1.004758948893027
cell_2/comb_iter_0/left/bn_sep_5x5_2/FusedBatchNormV3___tr4cell_2/comb_iter_0/combine/add,CPU,3923.0,3833.2,0.9771093550853938
cell_2/comb_iter_0/right/MaxPool2D/MaxPool___tr4cell_2/comb_iter_0/combine/add,CPU,3872.6,3761.8,0.9713887310850592
cell_2/comb_iter_0/combine/add,CPU,1633.4,1689.1,1.034100648953104
cell_2/Relu_1,CPU,3743.6,6241.2,1.6671652954375467
cell_2/Relu_1___tr4cell_2/1x1/Conv2D,CPU,6330.4,13028.3,2.0580532035890307
cell_2/1x1/Conv2D,CPU,119390.0,128599.7,1.0771396264343747
cell_2/comb_iter_1/left/Relu,CPU,958.5,880.4,0.9185185185185185
cell_2/comb_iter_1/left/separable_7x7_1/separable_conv2d/depthwise,CPU,17993.0,18019.6,1.0014783526927138
cell_2/comb_iter_1/left/separable_7x7_1/separable_conv2d,CPU,22222.6,24036.8,1.0816376121605933
cell_2/comb_iter_1/left/separable_7x7_2/separable_conv2d/depthwise,CPU,17948.2,17912.2,0.9979942278334317
cell_2/comb_iter_1/left/separable_7x7_2/separable_conv2d,CPU,22271.6,23926.2,1.0742919233463246
cell_2/comb_iter_1/right/MaxPool2D/MaxPool,CPU,4835.4,4835.5,1.0000206808123424
cell_2/comb_iter_1/left/bn_sep_7x7_2/FusedBatchNormV3___tr4cell_2/comb_iter_1/combine/add,CPU,3627.8,4206.5,1.1595181652792326
cell_2/comb_iter_1/right/MaxPool2D/MaxPool___tr4cell_2/comb_iter_1/combine/add,CPU,3677.4,4190.4,1.1395007342143906
cell_2/comb_iter_1/combine/add,CPU,1480.8,1710.5,1.1551188546731497
cell_2/comb_iter_2/left/Relu,OpenCL,1330.0,1007.7,0.7576691729323308
cell_2/comb_iter_2/left/separable_5x5_1/separable_conv2d/depthwise,OpenCL,4327.8,3833.1,0.8856924996534035
cell_2/comb_iter_2/left/separable_5x5_1/separable_conv2d,OpenCL,11086.0,10367.0,0.9351434241385531
cell_2/comb_iter_2/left/separable_5x5_2/separable_conv2d/depthwise,OpenCL,4681.0,3903.6,0.8339243751335185
cell_2/comb_iter_2/left/separable_5x5_2/separable_conv2d,OpenCL,10760.6,10401.3,0.9666096686058397
cell_2/comb_iter_2/right/Relu,OpenCL,1373.2,1056.5,0.7693708127002621
cell_2/comb_iter_2/right/separable_3x3_1/separable_conv2d/depthwise,OpenCL,2580.0,2114.6,0.8196124031007752
cell_2/comb_iter_2/right/separable_3x3_1/separable_conv2d,OpenCL,10790.8,10422.9,0.9659061422693406
cell_2/comb_iter_2/right/separable_3x3_2/separable_conv2d/depthwise,OpenCL,2568.6,2134.8,0.8311142256482131
cell_2/comb_iter_2/right/separable_3x3_2/separable_conv2d,OpenCL,10796.6,10401.4,0.9633958838893725
cell_2/comb_iter_2/combine/add,OpenCL,1732.2,1701.0,0.9819882230689296
cell_2/comb_iter_3/left/Relu,OpenCL,1323.2,962.2,0.7271765417170496
cell_2/comb_iter_3/left/separable_3x3_1/separable_conv2d/depthwise,OpenCL,2607.4,2192.3,0.8407992636342717
cell_2/comb_iter_3/left/separable_3x3_1/separable_conv2d,OpenCL,10781.6,10379.1,0.9626678786079989
cell_2/comb_iter_3/left/separable_3x3_2/separable_conv2d/depthwise,OpenCL,2589.4,2188.3,0.8450992507916892
cell_2/comb_iter_3/left/separable_3x3_2/separable_conv2d,OpenCL,10731.8,10434.5,0.9722972847052685
cell_2/comb_iter_3/right/MaxPool2D/MaxPool,OpenCL,2965.0,2717.6,0.9165598650927487
cell_2/comb_iter_3/left/bn_sep_3x3_2/FusedBatchNormV3___tr4cell_2/comb_iter_3/combine/add,OpenCL,1359.6,985.9,0.7251397469844072
cell_2/comb_iter_3/right/MaxPool2D/MaxPool___tr4cell_2/comb_iter_3/combine/add,OpenCL,1376.8,948.2,0.6886984311446834
cell_2/comb_iter_3/combine/add,OpenCL,1687.8,1303.8,0.7724848915748311
cell_2/comb_iter_4/left/Relu,OpenCL,1339.2,1689.1,1.2612753882915173
cell_2/comb_iter_4/left/separable_3x3_1/separable_conv2d/depthwise,OpenCL,2574.8,2127.7,0.8263554450831131
cell_2/comb_iter_4/left/separable_3x3_1/separable_conv2d,OpenCL,10737.0,10388.2,0.9675142032225017
cell_2/comb_iter_4/left/separable_3x3_2/separable_conv2d/depthwise,OpenCL,2729.6,2345.8,0.8593933177022275
cell_2/comb_iter_4/left/separable_3x3_2/separable_conv2d,OpenCL,10738.8,10411.4,0.9695124222445711
cell_2/comb_iter_4/combine/add,OpenCL,1711.4,2031.7,1.187156713801566
cell_2/comb_iter_2/combine/add___tr4cell_2/cell_output/concat,OpenCL,1345.4,971.0,0.7217184480451909
cell_2/comb_iter_4/combine/add___tr4cell_2/cell_output/concat,OpenCL,1296.6,1728.9,1.3334104581212403
cell_2/cell_output/concat,CPU,4460.0,4376.7,0.9813228699551569
cell_3/Relu_1,CPU,3518.2,6053.0,1.7204820646921721
cell_3/Relu_1___tr4cell_3/1x1/Conv2D,CPU,6369.0,12367.0,1.9417490971895117
cell_3/1x1/Conv2D,CPU,119970.4,126477.6,1.0542400458779833
cell_3/comb_iter_1/left/Relu,OpenCL,2502.6,1499.9,0.5993366898425638
cell_3/comb_iter_1/left/separable_7x7_1/separable_conv2d/depthwise,OpenCL,7000.4,6503.8,0.9290611965030571
cell_3/comb_iter_1/left/separable_7x7_1/separable_conv2d,OpenCL,10740.2,10561.4,0.9833522653209437
cell_3/comb_iter_1/left/separable_7x7_2/separable_conv2d/depthwise,OpenCL,6862.4,6613.5,0.9637298904173468
cell_3/comb_iter_1/left/separable_7x7_2/separable_conv2d,OpenCL,10788.6,10457.9,0.9693472739743803
cell_3/comb_iter_1/right/MaxPool2D/MaxPool,OpenCL,2905.8,2660.4,0.9155482139169936
cell_3/comb_iter_1/left/bn_sep_7x7_2/FusedBatchNormV3___tr4cell_3/comb_iter_1/combine/add,OpenCL,1361.4,1538.6,1.1301601292786836
cell_3/comb_iter_1/right/MaxPool2D/MaxPool___tr4cell_3/comb_iter_1/combine/add,OpenCL,1347.8,1040.3,0.7718504229114111
cell_3/comb_iter_1/combine/add,OpenCL,1704.4,1266.3,0.7429593992020652
cell_3/comb_iter_2/left/Relu,CPU,713.6,979.3,1.3723374439461882
cell_3/comb_iter_2/left/separable_5x5_1/separable_conv2d/depthwise,CPU,9819.0,9942.0,1.0125267338832875
cell_3/comb_iter_2/left/separable_5x5_1/separable_conv2d,CPU,22143.4,23219.9,1.0486149371821851
cell_3/comb_iter_2/left/separable_5x5_2/separable_conv2d/depthwise,CPU,9899.4,9883.2,0.9983635371840719
cell_3/comb_iter_2/left/separable_5x5_2/separable_conv2d,CPU,22312.6,23787.8,1.0661151098482473
cell_3/comb_iter_2/right/Relu,CPU,918.4,976.2,1.0629355400696865
cell_3/comb_iter_2/right/separable_3x3_1/separable_conv2d/depthwise,CPU,2954.8,2973.9,1.0064640584811155
cell_3/comb_iter_2/right/separable_3x3_1/separable_conv2d,CPU,22119.8,23379.2,1.0569354153292525
cell_3/comb_iter_2/right/separable_3x3_2/separable_conv2d/depthwise,CPU,2962.8,2945.8,0.9942621844201431
cell_3/comb_iter_2/right/separable_3x3_2/separable_conv2d,CPU,22245.0,22732.6,1.0219195324792087
cell_3/comb_iter_2/combine/add,CPU,1822.4,1546.1,0.8483867427568041
cell_3/comb_iter_3/left/Relu,OpenCL,1322.6,1813.5,1.371162861031302
cell_3/comb_iter_3/left/separable_3x3_1/separable_conv2d/depthwise,OpenCL,2583.8,2486.9,0.9624970972985525
cell_3/comb_iter_3/left/separable_3x3_1/separable_conv2d,OpenCL,10765.8,10229.4,0.9501755559271026
cell_3/comb_iter_3/left/separable_3x3_2/separable_conv2d/depthwise,OpenCL,2571.2,2262.8,0.8800560049782205
cell_3/comb_iter_3/left/separable_3x3_2/separable_conv2d,OpenCL,10700.6,10204.6,0.9536474590209895
cell_3/comb_iter_3/right/MaxPool2D/MaxPool,OpenCL,2870.0,2592.5,0.9033101045296167
cell_3/comb_iter_3/left/bn_sep_3x3_2/FusedBatchNormV3___tr4cell_3/comb_iter_3/combine/add,OpenCL,1341.6,1239.6,0.9239713774597496
cell_3/comb_iter_3/right/MaxPool2D/MaxPool___tr4cell_3/comb_iter_3/combine/add,OpenCL,1409.2,1062.6,0.754044848140789
cell_3/comb_iter_3/combine/add,OpenCL,1661.6,3055.0,1.8385893115069813
cell_3/comb_iter_4/left/Relu,OpenCL,1339.4,976.5,0.7290577870688367
cell_3/comb_iter_4/left/separable_3x3_1/separable_conv2d/depthwise,OpenCL,2641.2,2345.9,0.8881947599575951
cell_3/comb_iter_4/left/separable_3x3_1/separable_conv2d,OpenCL,10757.2,12863.5,1.195803740750381
cell_3/comb_iter_4/left/separable_3x3_2/separable_conv2d/depthwise,OpenCL,2900.4,2266.2,0.7813405047579643
cell_3/comb_iter_4/left/separable_3x3_2/separable_conv2d,OpenCL,10803.8,10508.2,0.9726392565578779
cell_3/comb_iter_4/combine/add,OpenCL,1750.4,1989.6,1.1366544789762338
cell_3/comb_iter_2/combine/add___tr4cell_3/cell_output/concat,CPU,3653.8,3643.2,0.9970989107230828
cell_3/comb_iter_4/combine/add___tr4cell_3/cell_output/concat,OpenCL,1330.2,1108.1,0.8330326266726807
cell_3/cell_output/concat,CPU,4428.4,4454.0,1.0057808689368621
cell_5/Relu,CPU,3484.4,6803.6,1.9525886809780737
cell_5/Relu___tr4cell_5/AvgPool2D,CPU,6369.4,12748.9,2.001585706659968
cell_5/AvgPool2D,CPU,6563.2,6956.4,1.0599098000975133
cell_5/path1_conv/Conv2D,CPU,31548.0,32248.8,1.0222137694941043
cell_5/Pad/paddings,CPU,1.0,0.4,0.4
cell_5/Pad,CPU,4856.2,10885.0,2.2414645195832135
cell_5/strided_slice/stack,CPU,1.0,0.2,0.2
cell_5/strided_slice/stack_1,CPU,1.0,0.0,0.0
cell_5/strided_slice/stack_2,CPU,0.0,0.1,0
cell_5/strided_slice,CPU,4458.0,5668.2,1.2714670255720053
cell_5/strided_slice___tr4cell_5/AvgPool2D_1,CPU,6358.8,7490.1,1.1779109265899226
cell_5/AvgPool2D_1,CPU,6548.2,7071.6,1.0799303625423782
cell_5/path2_conv/Conv2D,CPU,32035.800000000003,32024.6,0.9996503911249288
cell_5/concat,CPU,387.0,437.2,1.1297157622739018
cell_5/final_path_bn/FusedBatchNormV3,CPU,340.6,494.3,1.4512624779800352
cell_5/comb_iter_0/left/Relu,CPU,338.6,442.5,1.3068517424689898
cell_5/comb_iter_0/left/separable_5x5_1/separable_conv2d/depthwise,CPU,5443.4,5487.8,1.0081566667891393
cell_5/comb_iter_0/left/separable_5x5_1/separable_conv2d,CPU,22555.4,23102.3,1.0242469652500066
cell_5/comb_iter_0/left/separable_5x5_2/separable_conv2d/depthwise,CPU,5501.0,5540.3,1.0071441556080714
cell_5/comb_iter_0/left/separable_5x5_2/separable_conv2d,CPU,23007.4,22870.3,0.9940410476629258
cell_5/comb_iter_0/right/MaxPool2D/MaxPool,CPU,2876.4,2715.9,0.9442010846891948
cell_5/comb_iter_0/left/bn_sep_5x5_2/FusedBatchNormV3___tr4cell_5/comb_iter_0/combine/add,CPU,1975.6,1838.1,0.9304008908685969
cell_5/comb_iter_0/right/MaxPool2D/MaxPool___tr4cell_5/comb_iter_0/combine/add,CPU,1977.8,1821.3,0.9208716755991506
cell_5/comb_iter_0/combine/add,CPU,857.8,800.7,0.9334343669853113
cell_4/Relu,OpenCL,8676.8,13672.0,1.575696109164669
cell_4/Relu___tr4cell_4/prev_1x1/Conv2D,OpenCL,8653.0,10126.8,1.170322431526638
cell_4/prev_1x1/Conv2D,OpenCL,94422.0,94979.2,1.0059011671008875
cell_4/comb_iter_0/left/Relu,OpenCL,1924.2,1610.1,0.8367633302151543
cell_4/comb_iter_0/left/separable_5x5_1/separable_conv2d/depthwise,OpenCL,4334.6,3928.1,0.9062197203894246
cell_4/comb_iter_0/left/separable_5x5_1/separable_conv2d,OpenCL,12146.8,11765.0,0.9685678532617644
cell_4/comb_iter_0/left/separable_5x5_2/separable_conv2d/depthwise,OpenCL,2845.6,2432.1,0.8546879392746697
cell_4/comb_iter_0/left/separable_5x5_2/separable_conv2d,OpenCL,12090.0,11909.8,0.9850951199338296
cell_4/comb_iter_0/right/MaxPool2D/MaxPool,OpenCL,2745.5,2120.7,0.7724276088144235
cell_4/comb_iter_0/left/bn_sep_5x5_2/FusedBatchNormV3___tr4cell_4/comb_iter_0/combine/add,OpenCL,1346.8,861.9,0.63996138996139
cell_4/comb_iter_0/right/MaxPool2D/MaxPool___tr4cell_4/comb_iter_0/combine/add,OpenCL,1243.0,897.6,0.7221238938053097
cell_4/comb_iter_0/combine/add,OpenCL,1453.4,1074.6,0.7393697536810236
cell_4/Relu_1,OpenCL,8706.6,14485.6,1.6637493395814669
cell_4/Relu_1___tr4cell_4/1x1/Conv2D,OpenCL,8662.6,13626.2,1.5729919423729597
cell_4/1x1/Conv2D,OpenCL,94729.0,96121.6,1.0147008835731404
cell_4/comb_iter_1/left/Relu,CPU,1578.2,1566.8,0.9927765809149663
cell_4/comb_iter_1/left/separable_7x7_1/separable_conv2d/depthwise,CPU,11286.4,11491.1,1.0181368726963427
cell_4/comb_iter_1/left/separable_7x7_1/separable_conv2d,CPU,22545.6,23096.1,1.0244171811794762
cell_4/comb_iter_1/left/separable_7x7_2/separable_conv2d/depthwise,CPU,10314.0,10514.9,1.0194783789024626
cell_4/comb_iter_1/left/separable_7x7_2/separable_conv2d,CPU,23022.6,23213.0,1.008270134563429
cell_4/comb_iter_1/right/MaxPool2D/MaxPool,CPU,4736.4,5155.5,1.088484925259691
cell_4/comb_iter_1/left/bn_sep_7x7_2/FusedBatchNormV3___tr4cell_4/comb_iter_1/combine/add,CPU,1991.8,2088.0,1.048298021889748
cell_4/comb_iter_1/right/MaxPool2D/MaxPool___tr4cell_4/comb_iter_1/combine/add,CPU,1966.2,1940.7,0.9870308208727495
cell_4/comb_iter_1/combine/add,CPU,857.0,861.0,1.0046674445740957
cell_4/comb_iter_2/left/Relu,OpenCL,1991.6,1467.1,0.7366439043984736
cell_4/comb_iter_2/left/separable_5x5_1/separable_conv2d/depthwise,OpenCL,4296.8,4057.9,0.9444004840811767
cell_4/comb_iter_2/left/separable_5x5_1/separable_conv2d,OpenCL,12131.8,13417.5,1.1059776784978321
cell_4/comb_iter_2/left/separable_5x5_2/separable_conv2d/depthwise,OpenCL,2831.6,2991.4,1.0564345246503744
cell_4/comb_iter_2/left/separable_5x5_2/separable_conv2d,OpenCL,12140.8,11886.7,0.9790705719557197
cell_4/comb_iter_2/right/Relu,OpenCL,1941.2,1705.5,0.8785802596332165
cell_4/comb_iter_2/right/separable_3x3_1/separable_conv2d/depthwise,OpenCL,2452.0,1999.2,0.8153344208809136
cell_4/comb_iter_2/right/separable_3x3_1/separable_conv2d,OpenCL,12097.0,11777.8,0.9736132925518723
cell_4/comb_iter_2/right/separable_3x3_2/separable_conv2d/depthwise,OpenCL,2456.4,1415.8,0.5763719263963524
cell_4/comb_iter_2/right/separable_3x3_2/separable_conv2d,OpenCL,12158.8,11995.3,0.9865529493042077
cell_4/comb_iter_2/combine/add,OpenCL,1460.6,1108.4,0.7588662193619061
cell_4/comb_iter_3/left/Relu,OpenCL,1202.4,683.4,0.5683632734530938
cell_4/comb_iter_3/left/separable_3x3_1/separable_conv2d/depthwise,OpenCL,1814.0,1369.3,0.754851157662624
cell_4/comb_iter_3/left/separable_3x3_1/separable_conv2d,OpenCL,12082.2,11788.4,0.9756832364966644
cell_4/comb_iter_3/left/separable_3x3_2/separable_conv2d/depthwise,OpenCL,1749.4,1461.7,0.8355436149536984
cell_4/comb_iter_3/left/separable_3x3_2/separable_conv2d,OpenCL,12147.0,11836.9,0.9744710628138634
cell_4/comb_iter_3/right/MaxPool2D/MaxPool,OpenCL,2436.4,2347.4,0.9634706944672468
cell_4/comb_iter_3/left/bn_sep_3x3_2/FusedBatchNormV3___tr4cell_4/comb_iter_3/combine/add,OpenCL,1221.2,850.8,0.6966917785784473
cell_4/comb_iter_3/right/MaxPool2D/MaxPool___tr4cell_4/comb_iter_3/combine/add,OpenCL,1195.4,806.2,0.6744186046511628
cell_4/comb_iter_3/combine/add,OpenCL,1467.4,1003.1,0.683590023170233
cell_4/comb_iter_4/left/Relu,OpenCL,2062.4,1518.0,0.7360356865787432
cell_4/comb_iter_4/left/separable_3x3_1/separable_conv2d/depthwise,OpenCL,2497.6,2082.0,0.8336002562459962
cell_4/comb_iter_4/left/separable_3x3_1/separable_conv2d,OpenCL,12069.0,11689.8,0.9685806611981108
cell_4/comb_iter_4/left/separable_3x3_2/separable_conv2d/depthwise,OpenCL,1812.2,1544.7,0.8523893609976824
cell_4/comb_iter_4/left/separable_3x3_2/separable_conv2d,OpenCL,12081.4,11693.2,0.9678679623222475
cell_4/comb_iter_4/right/Relu,OpenCL,2138.0,1584.3,0.7410196445275958
cell_4/comb_iter_4/right/1x1/Conv2D,OpenCL,12839.8,12335.1,0.9606925341516224
cell_4/comb_iter_4/combine/add,OpenCL,1455.0,1276.8,0.8775257731958762
cell_4/comb_iter_2/combine/add___tr4cell_4/cell_output/concat,OpenCL,1186.0,736.0,0.6205733558178752
cell_4/comb_iter_4/combine/add___tr4cell_4/cell_output/concat,OpenCL,1206.2,1719.9,1.4258829381528768
cell_4/cell_output/concat,CPU,2240.6,2135.4,0.9530482906364367
cell_5/Relu_1,CPU,1860.0,2748.7,1.4777956989247312
cell_5/Relu_1___tr4cell_5/1x1/Conv2D,CPU,3307.8,5607.1,1.6951145776649132
cell_5/1x1/Conv2D,CPU,129110.4,129358.7,1.0019231603341017
cell_5/comb_iter_1/left/Relu,CPU,382.8,498.4,1.3019853709508882
cell_5/comb_iter_1/left/separable_7x7_1/separable_conv2d/depthwise,CPU,10470.2,10721.6,1.0240110026551545
cell_5/comb_iter_1/left/separable_7x7_1/separable_conv2d,CPU,23058.6,24457.8,1.06068018006297
cell_5/comb_iter_1/left/separable_7x7_2/separable_conv2d/depthwise,CPU,10435.0,10452.0,1.0016291327264015
cell_5/comb_iter_1/left/separable_7x7_2/separable_conv2d,CPU,23167.4,23444.1,1.0119435068242444
cell_5/comb_iter_1/right/MaxPool2D/MaxPool,CPU,2907.4,2770.0,0.9527412808695054
cell_5/comb_iter_1/left/bn_sep_7x7_2/FusedBatchNormV3___tr4cell_5/comb_iter_1/combine/add,CPU,2011.4,1848.1,0.9188127672268072
cell_5/comb_iter_1/right/MaxPool2D/MaxPool___tr4cell_5/comb_iter_1/combine/add,CPU,2005.6,1821.2,0.9080574391703231
cell_5/comb_iter_1/combine/add,CPU,814.4,742.3,0.9114685658153241
cell_5/comb_iter_2/left/Relu,OpenCL,1125.8,1190.0,1.0570261147628353
cell_5/comb_iter_2/left/separable_5x5_1/separable_conv2d/depthwise,OpenCL,2823.6,2295.9,0.8131109222269444
cell_5/comb_iter_2/left/separable_5x5_1/separable_conv2d,OpenCL,12111.6,11778.3,0.9724809273754086
cell_5/comb_iter_2/left/separable_5x5_2/separable_conv2d/depthwise,OpenCL,3366.0,2426.3,0.7208259061200238
cell_5/comb_iter_2/left/separable_5x5_2/separable_conv2d,OpenCL,12115.6,13271.6,1.0954141767638417
cell_5/comb_iter_2/right/Relu,OpenCL,1120.4,1252.3,1.117725812209925
cell_5/comb_iter_2/right/separable_3x3_1/separable_conv2d/depthwise,OpenCL,1757.8,1342.4,0.7636818750711117
cell_5/comb_iter_2/right/separable_3x3_1/separable_conv2d,OpenCL,12130.8,11827.3,0.9749810399973621
cell_5/comb_iter_2/right/separable_3x3_2/separable_conv2d/depthwise,OpenCL,1845.6,1660.0,0.8994364976159515
cell_5/comb_iter_2/right/separable_3x3_2/separable_conv2d,OpenCL,12136.8,11968.1,0.9861001252389429
cell_5/comb_iter_2/combine/add,OpenCL,1414.4,1443.4,1.0205033936651584
cell_5/comb_iter_3/left/Relu,CPU,362.2,329.8,0.9105466593042518
cell_5/comb_iter_3/left/separable_3x3_1/separable_conv2d/depthwise,CPU,1746.6,1769.9,1.0133402038245736
cell_5/comb_iter_3/left/separable_3x3_1/separable_conv2d,CPU,22934.0,22630.1,0.9867489317171012
cell_5/comb_iter_3/left/separable_3x3_2/separable_conv2d/depthwise,CPU,1753.6,1738.3,0.991275091240876
cell_5/comb_iter_3/left/separable_3x3_2/separable_conv2d,CPU,22953.4,22562.0,0.9829480599823991
cell_5/comb_iter_3/right/MaxPool2D/MaxPool,CPU,2898.8,2818.4,0.9722643852628674
cell_5/comb_iter_3/left/bn_sep_3x3_2/FusedBatchNormV3___tr4cell_5/comb_iter_3/combine/add,CPU,1966.8,1843.2,0.937156802928615
cell_5/comb_iter_3/right/MaxPool2D/MaxPool___tr4cell_5/comb_iter_3/combine/add,CPU,1915.6,1817.9,0.9489977030695345
cell_5/comb_iter_3/combine/add,CPU,830.6,742.7,0.8941728870695883
cell_5/comb_iter_4/left/Relu,OpenCL,943.75,3079.6,3.2631523178807944
cell_5/comb_iter_4/left/separable_3x3_1/separable_conv2d/depthwise,OpenCL,1774.4,1323.2,0.7457168620378719
cell_5/comb_iter_4/left/separable_3x3_1/separable_conv2d,OpenCL,12049.2,11768.5,0.976703847558344
cell_5/comb_iter_4/left/separable_3x3_2/separable_conv2d/depthwise,OpenCL,1800.0,1380.5,0.7669444444444444
cell_5/comb_iter_4/left/separable_3x3_2/separable_conv2d,OpenCL,12122.0,11799.4,0.973387229830061
cell_5/comb_iter_4/combine/add,OpenCL,1282.6666666666667,1828.7,1.4257016632016632
cell_5/comb_iter_2/combine/add___tr4cell_5/cell_output/concat,OpenCL,1252.6,1044.9,0.8341848954175317
cell_5/comb_iter_4/combine/add___tr4cell_5/cell_output/concat,OpenCL,1129.6,1239.5,1.097291076487252
cell_5/cell_output/concat,CPU,2475.6,2183.0,0.8818064307642592
cell_7/Relu,OpenCL,5385.8,8334.4,1.5474766979835863
cell_7/Relu___tr4cell_7/prev_1x1/Conv2D,OpenCL,5092.6,5572.2,1.0941758630169265
cell_7/prev_1x1/Conv2D,OpenCL,56441.8,57388.5,1.0167730299175433
cell_7/comb_iter_0/left/Relu,OpenCL,1322.0,1513.0,1.1444780635400909
cell_7/comb_iter_0/left/separable_5x5_1/separable_conv2d/depthwise,OpenCL,2955.6,2657.6,0.8991744485045338
cell_7/comb_iter_0/left/separable_5x5_1/separable_conv2d,OpenCL,12179.2,11797.1,0.9686268392012611
cell_7/comb_iter_0/left/separable_5x5_2/separable_conv2d/depthwise,OpenCL,2830.8,2441.5,0.862477038293062
cell_7/comb_iter_0/left/separable_5x5_2/separable_conv2d,OpenCL,12038.2,11836.8,0.9832699240750277
cell_7/comb_iter_0/right/MaxPool2D/MaxPool,OpenCL,2539.2,2405.3,0.9472668557025836
cell_7/comb_iter_0/left/bn_sep_5x5_2/FusedBatchNormV3___tr4cell_7/comb_iter_0/combine/add,OpenCL,943.3333333333334,1171.3,1.241660777385159
cell_7/comb_iter_0/right/MaxPool2D/MaxPool___tr4cell_7/comb_iter_0/combine/add,OpenCL,1180.4,1141.0,0.9666214842426295
cell_7/comb_iter_0/combine/add,OpenCL,1433.8,1147.1,0.8000418468405635
cell_6/Relu,OpenCL,5015.4,7697.5,1.5347728994696337
cell_6/Relu___tr4cell_6/prev_1x1/Conv2D,OpenCL,5100.0,5140.8,1.008
cell_6/prev_1x1/Conv2D,OpenCL,56506.2,57570.1,1.0188280224117
cell_6/comb_iter_0/left/Relu,OpenCL,1277.4,1732.0,1.3558791294817598
cell_6/comb_iter_0/left/separable_5x5_1/separable_conv2d/depthwise,OpenCL,2896.2,4164.2,1.4378150680201645
cell_6/comb_iter_0/left/separable_5x5_1/separable_conv2d,OpenCL,12106.8,11840.0,0.9779627977665445
cell_6/comb_iter_0/left/separable_5x5_2/separable_conv2d/depthwise,OpenCL,2833.2,2972.1,1.0490258365099534
cell_6/comb_iter_0/left/separable_5x5_2/separable_conv2d,OpenCL,12100.2,11854.3,0.9796780218508784
cell_6/comb_iter_0/right/MaxPool2D/MaxPool,OpenCL,2504.4,2437.0,0.9730873662354256
cell_6/comb_iter_0/left/bn_sep_5x5_2/FusedBatchNormV3___tr4cell_6/comb_iter_0/combine/add,OpenCL,1185.8,1243.4,1.0485748018215553
cell_6/comb_iter_0/right/MaxPool2D/MaxPool___tr4cell_6/comb_iter_0/combine/add,OpenCL,1199.8,1216.1,1.0135855975996
cell_6/comb_iter_0/combine/add,OpenCL,1427.6,1224.3,0.8575931633510787
cell_6/Relu_1,CPU,2063.6,2970.6,1.4395231634037604
cell_6/Relu_1___tr4cell_6/1x1/Conv2D,CPU,3396.6,4872.3,1.4344638756403463
cell_6/1x1/Conv2D,CPU,129228.6,129587.4,1.0027764751765476
cell_6/comb_iter_1/left/Relu,CPU,440.4,472.1,1.0719800181653043
cell_6/comb_iter_1/left/separable_7x7_1/separable_conv2d/depthwise,CPU,10427.6,10560.7,1.0127642026928536
cell_6/comb_iter_1/left/separable_7x7_1/separable_conv2d,CPU,22982.2,22962.4,0.9991384636805876
cell_6/comb_iter_1/left/separable_7x7_2/separable_conv2d/depthwise,CPU,10437.0,10473.2,1.0034684296253713
cell_6/comb_iter_1/left/separable_7x7_2/separable_conv2d,CPU,23038.2,22957.7,0.9965058034047799
cell_6/comb_iter_1/right/MaxPool2D/MaxPool,CPU,2903.4,2674.6,0.9211958393607494
cell_6/comb_iter_1/left/bn_sep_7x7_2/FusedBatchNormV3___tr4cell_6/comb_iter_1/combine/add,CPU,1949.4,1843.5,0.9456755924899969
cell_6/comb_iter_1/right/MaxPool2D/MaxPool___tr4cell_6/comb_iter_1/combine/add,CPU,1959.8,1782.3,0.9094295336258802
cell_6/comb_iter_1/combine/add,CPU,846.4,751.4,0.8877599243856332
cell_6/comb_iter_2/left/Relu,OpenCL,1030.25,1047.6,1.0168405726765348
cell_6/comb_iter_2/left/separable_5x5_1/separable_conv2d/depthwise,OpenCL,2766.2,2316.0,0.8372496565685779
cell_6/comb_iter_2/left/separable_5x5_1/separable_conv2d,OpenCL,12067.4,11720.9,0.9712862754197259
cell_6/comb_iter_2/left/separable_5x5_2/separable_conv2d/depthwise,OpenCL,3596.6,2404.4,0.6685202691430796
cell_6/comb_iter_2/left/separable_5x5_2/separable_conv2d,OpenCL,12126.4,11845.9,0.9768686502177069
cell_6/comb_iter_2/right/Relu,OpenCL,1005.7499999999999,1109.0,1.1026597066865524
cell_6/comb_iter_2/right/separable_3x3_1/separable_conv2d/depthwise,OpenCL,1749.0,1327.9,0.7592338479130932
cell_6/comb_iter_2/right/separable_3x3_1/separable_conv2d,OpenCL,12045.0,11806.9,0.9802324616023246
cell_6/comb_iter_2/right/separable_3x3_2/separable_conv2d/depthwise,OpenCL,1751.6,1745.0,0.9962320164421101
cell_6/comb_iter_2/right/separable_3x3_2/separable_conv2d,OpenCL,12069.2,11771.8,0.9753587644582904
cell_6/comb_iter_2/combine/add,OpenCL,1394.0,1169.3,0.8388091822094691
cell_6/comb_iter_3/left/Relu,CPU,412.2,304.2,0.7379912663755458
cell_6/comb_iter_3/left/separable_3x3_1/separable_conv2d/depthwise,CPU,1749.6,1728.9,0.9881687242798355
cell_6/comb_iter_3/left/separable_3x3_1/separable_conv2d,CPU,22737.2,22373.1,0.9839865946554543
cell_6/comb_iter_3/left/separable_3x3_2/separable_conv2d/depthwise,CPU,1762.8,1719.2,0.9752666212843204
cell_6/comb_iter_3/left/separable_3x3_2/separable_conv2d,CPU,22883.6,22436.9,0.9804794700134596
cell_6/comb_iter_3/right/MaxPool2D/MaxPool,CPU,2864.6,2747.9,0.9592613279340921
cell_6/comb_iter_3/left/bn_sep_3x3_2/FusedBatchNormV3___tr4cell_6/comb_iter_3/combine/add,CPU,1943.2,1842.8,0.9483326471799094
cell_6/comb_iter_3/right/MaxPool2D/MaxPool___tr4cell_6/comb_iter_3/combine/add,CPU,1940.6,1833.4,0.9447593527774916
cell_6/comb_iter_3/combine/add,CPU,799.5,770.5,0.9637273295809882
cell_6/comb_iter_4/left/Relu,OpenCL,1139.4,1218.7,1.0695980340530102
cell_6/comb_iter_4/left/separable_3x3_1/separable_conv2d/depthwise,OpenCL,1740.0,1432.3,0.8231609195402299
cell_6/comb_iter_4/left/separable_3x3_1/separable_conv2d,OpenCL,12065.4,11893.3,0.9857360717423376
cell_6/comb_iter_4/left/separable_3x3_2/separable_conv2d/depthwise,OpenCL,1726.4,1486.8,0.8612140871177015
cell_6/comb_iter_4/left/separable_3x3_2/separable_conv2d,OpenCL,12104.8,11834.4,0.9776617540149363
cell_6/comb_iter_4/combine/add,OpenCL,1427.6,1668.1,1.1684645558980107
cell_6/comb_iter_2/combine/add___tr4cell_6/cell_output/concat,OpenCL,1218.4,1093.8,0.8977347340774785
cell_6/comb_iter_4/combine/add___tr4cell_6/cell_output/concat,OpenCL,1192.0,1048.4,0.879530201342282
cell_6/cell_output/concat,CPU,2364.6,2172.2,0.9186331726296202
cell_7/Relu_1,CPU,1923.2,2909.9,1.5130511647254576
cell_7/Relu_1___tr4cell_7/1x1/Conv2D,CPU,3307.0,4934.3,1.492077411551255
cell_7/1x1/Conv2D,CPU,130146.4,126601.6,0.9727629807662757
cell_7/comb_iter_1/left/Relu,OpenCL,1456.2,1596.6,1.096415327564895
cell_7/comb_iter_1/left/separable_7x7_1/separable_conv2d/depthwise,OpenCL,4230.6,3792.0,0.8963267621613955
cell_7/comb_iter_1/left/separable_7x7_1/separable_conv2d,OpenCL,12161.8,11861.6,0.9753161538588039
cell_7/comb_iter_1/left/separable_7x7_2/separable_conv2d/depthwise,OpenCL,4132.4,4109.6,0.9944826251088957
cell_7/comb_iter_1/left/separable_7x7_2/separable_conv2d,OpenCL,12072.0,12221.9,1.0124171636845594
cell_7/comb_iter_1/right/MaxPool2D/MaxPool,OpenCL,2497.6,2342.4,0.9378603459320949
cell_7/comb_iter_1/left/bn_sep_7x7_2/FusedBatchNormV3___tr4cell_7/comb_iter_1/combine/add,OpenCL,1216.6,1729.6,1.4216669406542826
cell_7/comb_iter_1/right/MaxPool2D/MaxPool___tr4cell_7/comb_iter_1/combine/add,OpenCL,1209.8,1295.1,1.070507521904447
cell_7/comb_iter_1/combine/add,OpenCL,1431.4,1218.4,0.8511946346234456
cell_7/comb_iter_2/left/Relu,CPU,433.4,538.1,1.2415782187355793
cell_7/comb_iter_2/left/separable_5x5_1/separable_conv2d/depthwise,CPU,5477.0,5546.1,1.0126163958371373
cell_7/comb_iter_2/left/separable_5x5_1/separable_conv2d,CPU,22650.8,23162.4,1.0225863987143944
cell_7/comb_iter_2/left/separable_5x5_2/separable_conv2d/depthwise,CPU,5468.0,5497.2,1.005340160936357
cell_7/comb_iter_2/left/separable_5x5_2/separable_conv2d,CPU,22898.6,23396.1,1.0217262190701615
cell_7/comb_iter_2/right/Relu,CPU,498.4,472.0,0.9470304975922954
cell_7/comb_iter_2/right/separable_3x3_1/separable_conv2d/depthwise,CPU,1781.0,1803.6,1.012689500280741
cell_7/comb_iter_2/right/separable_3x3_1/separable_conv2d,CPU,22620.8,23315.0,1.0306885698118546
cell_7/comb_iter_2/right/separable_3x3_2/separable_conv2d/depthwise,CPU,1769.8,1710.8,0.966662899762685
cell_7/comb_iter_2/right/separable_3x3_2/separable_conv2d,CPU,22696.8,22357.2,0.9850375383313948
cell_7/comb_iter_2/combine/add,CPU,858.8,808.8,0.9417792268281323
cell_7/comb_iter_3/left/Relu,OpenCL,1151.2,1949.0,1.693015983321751
cell_7/comb_iter_3/left/separable_3x3_1/separable_conv2d/depthwise,OpenCL,1704.8,1322.3,0.7756335053965274
cell_7/comb_iter_3/left/separable_3x3_1/separable_conv2d,OpenCL,12052.8,11662.6,0.9676257799017657
cell_7/comb_iter_3/left/separable_3x3_2/separable_conv2d/depthwise,OpenCL,2626.8,1536.7,0.5850083752093802
cell_7/comb_iter_3/left/separable_3x3_2/separable_conv2d,OpenCL,12176.8,11823.6,0.9709940214177781
cell_7/comb_iter_3/right/MaxPool2D/MaxPool,OpenCL,2558.6,2294.5,0.8967794887829282
cell_7/comb_iter_3/left/bn_sep_3x3_2/FusedBatchNormV3___tr4cell_7/comb_iter_3/combine/add,OpenCL,1219.2,1087.6,0.8920603674540681
cell_7/comb_iter_3/right/MaxPool2D/MaxPool___tr4cell_7/comb_iter_3/combine/add,OpenCL,1211.0,1000.5,0.8261767134599505
cell_7/comb_iter_3/combine/add,OpenCL,1461.0,1056.1,0.722861054072553
cell_7/comb_iter_4/left/Relu,OpenCL,1163.6,1121.3,0.9636473014781712
cell_7/comb_iter_4/left/separable_3x3_1/separable_conv2d/depthwise,OpenCL,1789.6,1413.7,0.7899530621367904
cell_7/comb_iter_4/left/separable_3x3_1/separable_conv2d,OpenCL,12094.6,11851.6,0.9799083888677592
cell_7/comb_iter_4/left/separable_3x3_2/separable_conv2d/depthwise,OpenCL,1785.0,1438.7,0.8059943977591036
cell_7/comb_iter_4/left/separable_3x3_2/separable_conv2d,OpenCL,12056.4,11884.2,0.9857171294913906
cell_7/comb_iter_4/combine/add,OpenCL,1399.0,1733.5,1.2390993566833453
cell_7/comb_iter_2/combine/add___tr4cell_7/cell_output/concat,CPU,2009.7999999999997,1648.5,0.8202308687431586
cell_7/comb_iter_4/combine/add___tr4cell_7/cell_output/concat,OpenCL,1189.4,1208.7,1.0162266689086934
cell_7/cell_output/concat,CPU,2429.4,2172.8,0.8943772124804479
cell_9/Relu,CPU,1943.2,2987.6,1.537463976945245
cell_9/Relu___tr4cell_9/AvgPool2D,CPU,3337.8,5721.8,1.7142429144945772
cell_9/AvgPool2D,CPU,2200.8,3884.4,1.7649945474372954
cell_9/path1_conv/Conv2D,CPU,42789.2,43381.6,1.0138446149963076
cell_9/Pad/paddings,CPU,1.0,0.5,0.5
cell_9/Pad,CPU,2378.6,4250.2,1.7868494072143277
cell_9/strided_slice/stack,CPU,1.0,0.1,0.1
cell_9/strided_slice/stack_1,CPU,1.0,0.1,0.1
cell_9/strided_slice/stack_2,CPU,1.0,0.1,0.1
cell_9/strided_slice,CPU,2227.8,2312.1,1.0378400215459196
cell_9/strided_slice___tr4cell_9/AvgPool2D_1,CPU,3310.4,3795.4,1.1465079748670854
cell_9/AvgPool2D_1,CPU,2230.2,2464.2,1.1049233252623083
cell_9/path2_conv/Conv2D,CPU,42761.6,43090.5,1.0076914802065404
cell_9/concat,CPU,204.8,282.9,1.3813476562499998
cell_9/final_path_bn/FusedBatchNormV3,CPU,203.8,273.4,1.341511285574092
cell_9/comb_iter_0/left/Relu,OpenCL,1314.2,2783.7,2.1181707502663216
cell_9/comb_iter_0/left/separable_5x5_1/separable_conv2d/depthwise,OpenCL,2138.8,1480.4,0.6921638301851505
cell_9/comb_iter_0/left/separable_5x5_1/separable_conv2d,OpenCL,12874.2,12484.9,0.9697612278821207
cell_9/comb_iter_0/left/separable_5x5_2/separable_conv2d/depthwise,OpenCL,2098.4,1534.4,0.7312237895539458
cell_9/comb_iter_0/left/separable_5x5_2/separable_conv2d,OpenCL,13041.4,12475.0,0.9565690800067478
cell_9/comb_iter_0/right/MaxPool2D/MaxPool,OpenCL,2849.75,1970.0,0.6912887095359243
cell_9/comb_iter_0/left/bn_sep_5x5_2/FusedBatchNormV3___tr4cell_9/comb_iter_0/combine/add,OpenCL,1249.8,1134.0,0.9073451752280365
cell_9/comb_iter_0/right/MaxPool2D/MaxPool___tr4cell_9/comb_iter_0/combine/add,OpenCL,1255.0,1128.6,0.8992828685258963
cell_9/comb_iter_0/combine/add,OpenCL,1181.6,1125.2,0.9522681110358837
cell_8/Relu,OpenCL,5007.8,8728.6,1.7430009185670354
cell_8/Relu___tr4cell_8/prev_1x1/Conv2D,OpenCL,4991.6,5306.4,1.0630659507973395
cell_8/prev_1x1/Conv2D,OpenCL,102487.8,104864.6,1.0231910529838675
cell_8/comb_iter_0/left/Relu,OpenCL,2102.0,1894.3,0.9011893434823977
cell_8/comb_iter_0/left/separable_5x5_1/separable_conv2d/depthwise,OpenCL,2882.2,3076.1,1.067274998265214
cell_8/comb_iter_0/left/separable_5x5_1/separable_conv2d,OpenCL,12839.0,12845.9,1.0005374250331023
cell_8/comb_iter_0/left/separable_5x5_2/separable_conv2d/depthwise,OpenCL,2003.8,1546.2,0.7716338955983632
cell_8/comb_iter_0/left/separable_5x5_2/separable_conv2d,OpenCL,12778.8,13501.1,1.0565233042226188
cell_8/comb_iter_0/right/MaxPool2D/MaxPool,OpenCL,3102.4,2283.9,0.7361719958741619
cell_8/comb_iter_0/left/bn_sep_5x5_2/FusedBatchNormV3___tr4cell_8/comb_iter_0/combine/add,OpenCL,1281.0,1190.3,0.9291959406713505
cell_8/comb_iter_0/right/MaxPool2D/MaxPool___tr4cell_8/comb_iter_0/combine/add,OpenCL,1218.0,1018.6,0.8362889983579639
cell_8/comb_iter_0/combine/add,OpenCL,1173.0,1003.5,0.8554987212276215
cell_8/Relu_1,OpenCL,5035.0,9072.9,1.8019662363455808
cell_8/Relu_1___tr4cell_8/1x1/Conv2D,OpenCL,5004.6,5864.0,1.171722015745514
cell_8/1x1/Conv2D,OpenCL,102326.4,105905.7,1.0349792428933295
cell_8/comb_iter_1/left/Relu,OpenCL,2117.6,1843.4,0.8705137891953155
cell_8/comb_iter_1/left/separable_7x7_1/separable_conv2d/depthwise,OpenCL,4697.2,4144.9,0.882419313633654
cell_8/comb_iter_1/left/separable_7x7_1/separable_conv2d,OpenCL,12817.8,12736.2,0.9936338529232787
cell_8/comb_iter_1/left/separable_7x7_2/separable_conv2d/depthwise,OpenCL,2831.2,2905.2,1.0261373269285108
cell_8/comb_iter_1/left/separable_7x7_2/separable_conv2d,OpenCL,12848.4,12583.1,0.9793515145854738
cell_8/comb_iter_1/right/MaxPool2D/MaxPool,OpenCL,3163.2,1978.0,0.6253161355589277
cell_8/comb_iter_1/left/bn_sep_7x7_2/FusedBatchNormV3___tr4cell_8/comb_iter_1/combine/add,OpenCL,1309.0,714.2,0.5456073338426279
cell_8/comb_iter_1/right/MaxPool2D/MaxPool___tr4cell_8/comb_iter_1/combine/add,OpenCL,1210.8,749.4,0.6189296333002974
cell_8/comb_iter_1/combine/add,OpenCL,1183.0,663.5,0.5608622147083685
cell_8/comb_iter_2/left/Relu,OpenCL,2135.2,2478.9,1.160968527538404
cell_8/comb_iter_2/left/separable_5x5_1/separable_conv2d/depthwise,OpenCL,2947.4,2608.9,0.8851530162176834
cell_8/comb_iter_2/left/separable_5x5_1/separable_conv2d,OpenCL,12768.2,12813.7,1.0035635406713554
cell_8/comb_iter_2/left/separable_5x5_2/separable_conv2d/depthwise,OpenCL,2049.8,1720.2,0.8392038247633915
cell_8/comb_iter_2/left/separable_5x5_2/separable_conv2d,OpenCL,12916.0,12918.9,1.0002245277175597
cell_8/comb_iter_2/right/Relu,OpenCL,2124.2,2349.4,1.1060163826381697
cell_8/comb_iter_2/right/separable_3x3_1/separable_conv2d/depthwise,OpenCL,1695.4,1472.8,0.8687035507844756
cell_8/comb_iter_2/right/separable_3x3_1/separable_conv2d,OpenCL,12768.0,12722.6,0.9964442355889724
cell_8/comb_iter_2/right/separable_3x3_2/separable_conv2d/depthwise,OpenCL,2245.0,1261.3,0.561826280623608
cell_8/comb_iter_2/right/separable_3x3_2/separable_conv2d,OpenCL,12864.4,12739.5,0.9902910357265011
cell_8/comb_iter_2/combine/add,OpenCL,1179.2,1322.2,1.1212686567164178
cell_8/comb_iter_3/left/Relu,OpenCL,1221.6,1139.2,0.9325474787164376
cell_8/comb_iter_3/left/separable_3x3_1/separable_conv2d/depthwise,OpenCL,1505.2,1193.5,0.7929178846664895
cell_8/comb_iter_3/left/separable_3x3_1/separable_conv2d,OpenCL,12773.0,12411.3,0.971682455178893
cell_8/comb_iter_3/left/separable_3x3_2/separable_conv2d/depthwise,OpenCL,1464.6,1224.1,0.835791342346033
cell_8/comb_iter_3/left/separable_3x3_2/separable_conv2d,OpenCL,12729.0,12456.5,0.9785921910597848
cell_8/comb_iter_3/right/MaxPool2D/MaxPool,OpenCL,2461.0,1954.1,0.7940268183665177
cell_8/comb_iter_3/left/bn_sep_3x3_2/FusedBatchNormV3___tr4cell_8/comb_iter_3/combine/add,OpenCL,1170.25,1178.2,1.006793420209357
cell_8/comb_iter_3/right/MaxPool2D/MaxPool___tr4cell_8/comb_iter_3/combine/add,OpenCL,1249.8,1184.7,0.9479116658665387
cell_8/comb_iter_3/combine/add,OpenCL,1137.2,1184.5,1.0415933872669714
cell_8/comb_iter_4/left/Relu,CPU,855.6,843.8,0.9862085086489013
cell_8/comb_iter_4/left/separable_3x3_1/separable_conv2d/depthwise,CPU,2598.0,2581.9,0.9938029253271747
cell_8/comb_iter_4/left/separable_3x3_1/separable_conv2d,CPU,35400.4,27774.5,0.7845815301522017
cell_8/comb_iter_4/left/separable_3x3_2/separable_conv2d/depthwise,CPU,1218.4,1250.4,1.0262639527248851
cell_8/comb_iter_4/left/separable_3x3_2/separable_conv2d,CPU,36007.2,29304.4,0.8138483414428227
cell_8/comb_iter_4/right/Relu,CPU,924.6,835.8,0.9039584685269305
cell_8/comb_iter_4/right/1x1/Conv2D,CPU,36645.0,30647.0,0.8363214626824942
cell_8/comb_iter_4/combine/add,CPU,443.6,565.3,1.274346257889991
cell_8/comb_iter_2/combine/add___tr4cell_8/cell_output/concat,OpenCL,1209.4,1585.0,1.3105672234165702
cell_8/comb_iter_4/combine/add___tr4cell_8/cell_output/concat,CPU,937.0,1353.8,1.4448239060832444
cell_8/cell_output/concat,CPU,1251.4,1067.7,0.8532044110596132
cell_9/Relu_1,OpenCL,3389.0,3139.8,0.9264679846562408
cell_9/Relu_1___tr4cell_9/1x1/Conv2D,OpenCL,3103.4,2815.9,0.9073596700393117
cell_9/1x1/Conv2D,OpenCL,60801.4,61169.0,1.0060459134164674
cell_9/comb_iter_1/left/Relu,CPU,136.8,170.4,1.2456140350877192
cell_9/comb_iter_1/left/separable_7x7_1/separable_conv2d/depthwise,CPU,5881.8,6091.1,1.0355843449284232
cell_9/comb_iter_1/left/separable_7x7_1/separable_conv2d,CPU,34527.2,29759.9,0.8619262494497093
cell_9/comb_iter_1/left/separable_7x7_2/separable_conv2d/depthwise,CPU,5863.0,5901.3,1.0065324918983456
cell_9/comb_iter_1/left/separable_7x7_2/separable_conv2d,CPU,35636.6,29532.5,0.8287126156816307
cell_9/comb_iter_1/right/MaxPool2D/MaxPool,CPU,2023.8,2019.5,0.9978752841189841
cell_9/comb_iter_1/left/bn_sep_7x7_2/FusedBatchNormV3___tr4cell_9/comb_iter_1/combine/add,CPU,1086.6,1146.3,1.0549420209828824
cell_9/comb_iter_1/right/MaxPool2D/MaxPool___tr4cell_9/comb_iter_1/combine/add,CPU,986.2,1075.5,1.090549584262827
cell_9/comb_iter_1/combine/add,CPU,438.8,505.9,1.1529170464904284
cell_9/comb_iter_2/left/Relu,OpenCL,1165.8,1193.9,1.0241036198318751
cell_9/comb_iter_2/left/separable_5x5_1/separable_conv2d/depthwise,OpenCL,1953.4,1565.1,0.801218388450906
cell_9/comb_iter_2/left/separable_5x5_1/separable_conv2d,OpenCL,12700.8,13326.9,1.0492961073318217
cell_9/comb_iter_2/left/separable_5x5_2/separable_conv2d/depthwise,OpenCL,2319.6,1811.3,0.7808673909294707
cell_9/comb_iter_2/left/separable_5x5_2/separable_conv2d,OpenCL,12806.2,12633.1,0.9864831097437179
cell_9/comb_iter_2/right/Relu,OpenCL,1157.8,1159.8,1.0017274140611505
cell_9/comb_iter_2/right/separable_3x3_1/separable_conv2d/depthwise,OpenCL,1452.2,1181.8,0.8137997521002616
cell_9/comb_iter_2/right/separable_3x3_1/separable_conv2d,OpenCL,12696.0,12776.5,1.006340579710145
cell_9/comb_iter_2/right/separable_3x3_2/separable_conv2d/depthwise,OpenCL,1432.2,1233.9,0.8615416841223293
cell_9/comb_iter_2/right/separable_3x3_2/separable_conv2d,OpenCL,12685.2,12704.8,1.0015451076845456
cell_9/comb_iter_2/combine/add,OpenCL,1125.2,1011.4,0.8988624244578741
cell_9/comb_iter_3/left/Relu,OpenCL,1165.6,982.2,0.8426561427590942
cell_9/comb_iter_3/left/separable_3x3_1/separable_conv2d/depthwise,OpenCL,1452.6,1113.7,0.7666942034971775
cell_9/comb_iter_3/left/separable_3x3_1/separable_conv2d,OpenCL,12775.4,12728.6,0.9963367096137891
cell_9/comb_iter_3/left/separable_3x3_2/separable_conv2d/depthwise,OpenCL,1520.25,1083.9,0.7129748396645289
cell_9/comb_iter_3/left/separable_3x3_2/separable_conv2d,OpenCL,12757.6,12598.2,0.9875054869254406
cell_9/comb_iter_3/right/MaxPool2D/MaxPool,OpenCL,2324.2,2031.8,0.8741932708028569
cell_9/comb_iter_3/left/bn_sep_3x3_2/FusedBatchNormV3___tr4cell_9/comb_iter_3/combine/add,OpenCL,1143.6,789.1,0.6900139909059112
cell_9/comb_iter_3/right/MaxPool2D/MaxPool___tr4cell_9/comb_iter_3/combine/add,OpenCL,1151.6,791.3,0.6871309482459187
cell_9/comb_iter_3/combine/add,OpenCL,1152.0,667.9,0.5797743055555555
cell_9/comb_iter_4/left/Relu,OpenCL,1155.4,1401.3,1.2128267266747446
cell_9/comb_iter_4/left/separable_3x3_1/separable_conv2d/depthwise,OpenCL,1454.0,1088.7,0.7487620357634113
cell_9/comb_iter_4/left/separable_3x3_1/separable_conv2d,OpenCL,12726.0,12844.0,1.0092723558070094
cell_9/comb_iter_4/left/separable_3x3_2/separable_conv2d/depthwise,OpenCL,1418.8,1888.8,1.3312658584719481
cell_9/comb_iter_4/left/separable_3x3_2/separable_conv2d,OpenCL,12752.0,12395.3,0.9720279171894605
cell_9/comb_iter_4/combine/add,OpenCL,1098.2,1654.7,1.5067382990347842
cell_9/comb_iter_2/combine/add___tr4cell_9/cell_output/concat,OpenCL,1143.8,982.7,0.8591536981989859
cell_9/comb_iter_4/combine/add___tr4cell_9/cell_output/concat,OpenCL,1150.0,1189.7,1.0345217391304349
cell_9/cell_output/concat,CPU,1300.0,1056.3,0.8125384615384615
cell_11/Relu,OpenCL,2921.4,4875.0,1.6687204764838774
cell_11/Relu___tr4cell_11/prev_1x1/Conv2D,OpenCL,3100.4,2717.5,0.8764998064765837
cell_11/prev_1x1/Conv2D,OpenCL,60977.6,60772.0,0.9966282700532655
cell_11/comb_iter_0/left/Relu,CPU,149.5,211.0,1.411371237458194
cell_11/comb_iter_0/left/separable_5x5_1/separable_conv2d/depthwise,CPU,3817.4,3969.4,1.0398176769529
cell_11/comb_iter_0/left/separable_5x5_1/separable_conv2d,CPU,34453.4,29364.2,0.8522874375243081
cell_11/comb_iter_0/left/separable_5x5_2/separable_conv2d/depthwise,CPU,3781.6,3894.0,1.029722868627036
cell_11/comb_iter_0/left/separable_5x5_2/separable_conv2d,CPU,35228.2,30158.9,0.8561010781135568
cell_11/comb_iter_0/right/MaxPool2D/MaxPool,CPU,1999.6,1976.2,0.9882976595319064
cell_11/comb_iter_0/left/bn_sep_5x5_2/FusedBatchNormV3___tr4cell_11/comb_iter_0/combine/add,CPU,1077.8,1154.7,1.0713490443496012
cell_11/comb_iter_0/right/MaxPool2D/MaxPool___tr4cell_11/comb_iter_0/combine/add,CPU,990.6,1085.0,1.0952957803351504
cell_11/comb_iter_0/combine/add,CPU,442.0,549.4,1.2429864253393665
cell_10/Relu,OpenCL,3013.4,7196.8,2.3882657463330457
cell_10/Relu___tr4cell_10/prev_1x1/Conv2D,OpenCL,3126.8,3809.4,1.2183062555967763
cell_10/prev_1x1/Conv2D,OpenCL,60766.6,62367.7,1.0263483558402149
cell_10/comb_iter_0/left/Relu,CPU,145.6,191.9,1.3179945054945055
cell_10/comb_iter_0/left/separable_5x5_1/separable_conv2d/depthwise,CPU,3782.2,4063.2,1.0742953836391518
cell_10/comb_iter_0/left/separable_5x5_1/separable_conv2d,CPU,34402.0,29862.8,0.8680541828963432
cell_10/comb_iter_0/left/separable_5x5_2/separable_conv2d/depthwise,CPU,3800.8,3831.1,1.007972005893496
cell_10/comb_iter_0/left/separable_5x5_2/separable_conv2d,CPU,34842.0,29300.0,0.8409390964927387
cell_10/comb_iter_0/right/MaxPool2D/MaxPool,CPU,2011.4,1947.3,0.9681316495972954
cell_10/comb_iter_0/left/bn_sep_5x5_2/FusedBatchNormV3___tr4cell_10/comb_iter_0/combine/add,CPU,1102.2,1106.2,1.0036291054255126
cell_10/comb_iter_0/right/MaxPool2D/MaxPool___tr4cell_10/comb_iter_0/combine/add,CPU,994.0,1065.4,1.071830985915493
cell_10/comb_iter_0/combine/add,CPU,450.6,502.7,1.115623612960497
cell_10/Relu_1,OpenCL,3003.4,3415.3,1.1371445694879136
cell_10/Relu_1___tr4cell_10/1x1/Conv2D,OpenCL,3084.4,2762.6,0.8956685254830761
cell_10/1x1/Conv2D,OpenCL,60890.8,61980.9,1.017902540285232
cell_10/comb_iter_1/left/Relu,CPU,145.8,242.3,1.6618655692729767
cell_10/comb_iter_1/left/separable_7x7_1/separable_conv2d/depthwise,CPU,5901.0,6113.1,1.0359430604982207
cell_10/comb_iter_1/left/separable_7x7_1/separable_conv2d,CPU,34452.0,29782.1,0.864451991176129
cell_10/comb_iter_1/left/separable_7x7_2/separable_conv2d/depthwise,CPU,5898.2,5860.5,0.9936082194567835
cell_10/comb_iter_1/left/separable_7x7_2/separable_conv2d,CPU,35812.4,29379.7,0.8203778579486435
cell_10/comb_iter_1/right/MaxPool2D/MaxPool,CPU,2056.0,1996.1,0.9708657587548638
cell_10/comb_iter_1/left/bn_sep_7x7_2/FusedBatchNormV3___tr4cell_10/comb_iter_1/combine/add,CPU,1097.4,1223.6,1.1149990887552395
cell_10/comb_iter_1/right/MaxPool2D/MaxPool___tr4cell_10/comb_iter_1/combine/add,CPU,973.0,1181.8,1.2145940390544707
cell_10/comb_iter_1/combine/add,CPU,441.4,505.9,1.1461259628454916
cell_10/comb_iter_2/left/Relu,OpenCL,1185.0,784.3,0.6618565400843881
cell_10/comb_iter_2/left/separable_5x5_1/separable_conv2d/depthwise,OpenCL,2061.2,1441.4,0.6993013778381526
cell_10/comb_iter_2/left/separable_5x5_1/separable_conv2d,OpenCL,12776.6,12614.2,0.9872892631842588
cell_10/comb_iter_2/left/separable_5x5_2/separable_conv2d/depthwise,OpenCL,2737.2,1678.8,0.6133274879438843
cell_10/comb_iter_2/left/separable_5x5_2/separable_conv2d,OpenCL,12876.8,12365.7,0.9603084617296224
cell_10/comb_iter_2/right/Relu,OpenCL,1232.2,1158.2,0.9399448141535465
cell_10/comb_iter_2/right/separable_3x3_1/separable_conv2d/depthwise,OpenCL,1515.8,954.0,0.6293706293706294
cell_10/comb_iter_2/right/separable_3x3_1/separable_conv2d,OpenCL,12784.2,12489.2,0.9769246413541716
cell_10/comb_iter_2/right/separable_3x3_2/separable_conv2d/depthwise,OpenCL,1515.0,1003.6,0.6624422442244224
cell_10/comb_iter_2/right/separable_3x3_2/separable_conv2d,OpenCL,12770.0,12560.9,0.9836256851996867
cell_10/comb_iter_2/combine/add,OpenCL,1215.6,1098.4,0.90358670615334
cell_10/comb_iter_3/left/Relu,OpenCL,1268.0,835.4,0.658832807570978
cell_10/comb_iter_3/left/separable_3x3_1/separable_conv2d/depthwise,OpenCL,1539.0,1000.9,0.6503573749187784
cell_10/comb_iter_3/left/separable_3x3_1/separable_conv2d,OpenCL,12850.2,12579.3,0.9789186160526683
cell_10/comb_iter_3/left/separable_3x3_2/separable_conv2d/depthwise,OpenCL,2217.0,1049.8,0.4735227785295444
cell_10/comb_iter_3/left/separable_3x3_2/separable_conv2d,OpenCL,12886.4,12537.0,0.9728861435311646
cell_10/comb_iter_3/right/MaxPool2D/MaxPool,OpenCL,2449.0,2162.3,0.8829318089015925
cell_10/comb_iter_3/left/bn_sep_3x3_2/FusedBatchNormV3___tr4cell_10/comb_iter_3/combine/add,OpenCL,1261.75,878.8,0.6964929661184862
cell_10/comb_iter_3/right/MaxPool2D/MaxPool___tr4cell_10/comb_iter_3/combine/add,OpenCL,1286.4,908.0,0.7058457711442786
cell_10/comb_iter_3/combine/add,OpenCL,1239.4,844.3,0.6812167177666612
cell_10/comb_iter_4/left/Relu,OpenCL,1295.6,1172.6,0.9050632911392404
cell_10/comb_iter_4/left/separable_3x3_1/separable_conv2d/depthwise,OpenCL,1524.4,1119.4,0.7343217003411179
cell_10/comb_iter_4/left/separable_3x3_1/separable_conv2d,OpenCL,12764.8,12578.1,0.9853738405615443
cell_10/comb_iter_4/left/separable_3x3_2/separable_conv2d/depthwise,OpenCL,1519.2,1356.9,0.8931674565560822
cell_10/comb_iter_4/left/separable_3x3_2/separable_conv2d,OpenCL,12783.0,12546.2,0.9814753970116562
cell_10/comb_iter_4/combine/add,OpenCL,1247.0,1056.7,0.8473937449879712
cell_10/comb_iter_2/combine/add___tr4cell_10/cell_output/concat,OpenCL,1313.8,856.1,0.6516212513320141
cell_10/comb_iter_4/combine/add___tr4cell_10/cell_output/concat,OpenCL,1279.6,781.9,0.6110503282275711
cell_10/cell_output/concat,CPU,1303.6,1043.5,0.8004756060141148
cell_11/Relu_1,OpenCL,3219.0,3637.7,1.1300714507611058
cell_11/Relu_1___tr4cell_11/1x1/Conv2D,OpenCL,3377.6,2715.1,0.8038548081477972
cell_11/1x1/Conv2D,OpenCL,60935.8,60713.2,0.9963469750130465
cell_11/comb_iter_1/left/Relu,CPU,143.4,232.3,1.6199442119944212
cell_11/comb_iter_1/left/separable_7x7_1/separable_conv2d/depthwise,CPU,5892.8,5975.9,1.0141019549280477
cell_11/comb_iter_1/left/separable_7x7_1/separable_conv2d,CPU,34434.4,29570.3,0.8587430011848616
cell_11/comb_iter_1/left/separable_7x7_2/separable_conv2d/depthwise,CPU,5898.4,5927.6,1.0049504950495052
cell_11/comb_iter_1/left/separable_7x7_2/separable_conv2d,CPU,35391.0,30091.1,0.8502472379983611
cell_11/comb_iter_1/right/MaxPool2D/MaxPool,CPU,2004.0,1961.6,0.9788423153692615
cell_11/comb_iter_1/left/bn_sep_7x7_2/FusedBatchNormV3___tr4cell_11/comb_iter_1/combine/add,CPU,1111.4,1142.0,1.02753284146122
cell_11/comb_iter_1/right/MaxPool2D/MaxPool___tr4cell_11/comb_iter_1/combine/add,CPU,996.0,1132.5,1.1370481927710843
cell_11/comb_iter_1/combine/add,CPU,444.8,521.0,1.1713129496402876
cell_11/comb_iter_2/left/Relu,OpenCL,1294.0,752.4,0.58145285935085
cell_11/comb_iter_2/left/separable_5x5_1/separable_conv2d/depthwise,OpenCL,2074.5,1371.3,0.6610267534345625
cell_11/comb_iter_2/left/separable_5x5_1/separable_conv2d,OpenCL,12757.4,12442.9,0.9753476413689309
cell_11/comb_iter_2/left/separable_5x5_2/separable_conv2d/depthwise,OpenCL,2615.0,1503.8,0.5750669216061185
cell_11/comb_iter_2/left/separable_5x5_2/separable_conv2d,OpenCL,12857.6,12503.5,0.9724598680935789
cell_11/comb_iter_2/right/Relu,OpenCL,1249.8,779.5,0.6236997919667147
cell_11/comb_iter_2/right/separable_3x3_1/separable_conv2d/depthwise,OpenCL,1554.0,950.5,0.6116473616473617
cell_11/comb_iter_2/right/separable_3x3_1/separable_conv2d,OpenCL,12808.6,12518.8,0.9773745764564432
cell_11/comb_iter_2/right/separable_3x3_2/separable_conv2d/depthwise,OpenCL,1529.8,945.0,0.6177278075565433
cell_11/comb_iter_2/right/separable_3x3_2/separable_conv2d,OpenCL,12752.6,12553.4,0.9843796559133039
cell_11/comb_iter_2/combine/add,OpenCL,1244.2,1172.1,0.9420511171837324
cell_11/comb_iter_3/left/Relu,OpenCL,1272.2,779.6,0.6127967300738878
cell_11/comb_iter_3/left/separable_3x3_1/separable_conv2d/depthwise,OpenCL,1543.0,970.4,0.6289047310434219
cell_11/comb_iter_3/left/separable_3x3_1/separable_conv2d,OpenCL,12775.0,12549.2,0.9823248532289629
cell_11/comb_iter_3/left/separable_3x3_2/separable_conv2d/depthwise,OpenCL,2048.4,975.4,0.4761765280218707
cell_11/comb_iter_3/left/separable_3x3_2/separable_conv2d,OpenCL,12843.0,12412.9,0.9665109398115704
cell_11/comb_iter_3/right/MaxPool2D/MaxPool,OpenCL,2400.6,1925.8,0.802216112638507
cell_11/comb_iter_3/left/bn_sep_3x3_2/FusedBatchNormV3___tr4cell_11/comb_iter_3/combine/add,OpenCL,1277.2,773.2,0.6053867835891011
cell_11/comb_iter_3/right/MaxPool2D/MaxPool___tr4cell_11/comb_iter_3/combine/add,OpenCL,1296.6,775.1,0.5977942310658646
cell_11/comb_iter_3/combine/add,OpenCL,1221.6,699.9,0.5729371316306483
cell_11/comb_iter_4/left/Relu,OpenCL,1260.8,1025.3,0.8132138324873096
cell_11/comb_iter_4/left/separable_3x3_1/separable_conv2d/depthwise,OpenCL,1527.4,1065.3,0.6974597354982323
cell_11/comb_iter_4/left/separable_3x3_1/separable_conv2d,OpenCL,12787.0,12619.5,0.9869007585829358
cell_11/comb_iter_4/left/separable_3x3_2/separable_conv2d/depthwise,OpenCL,1536.8,1102.7,0.7175299323269131
cell_11/comb_iter_4/left/separable_3x3_2/separable_conv2d,OpenCL,12777.6,12443.4,0.9738448534936137
cell_11/comb_iter_4/combine/add,OpenCL,1177.75,1727.6,1.4668647845468052
cell_11/comb_iter_2/combine/add___tr4cell_11/cell_output/concat,OpenCL,1324.4,807.2,0.6094835397160978
cell_11/comb_iter_4/combine/add___tr4cell_11/cell_output/concat,OpenCL,1321.8,875.4,0.6622787108488425
cell_11/cell_output/concat,CPU,1252.6,1061.3,0.8472776624620789
final_layer/Relu,CPU,1200.6,1048.5,0.8733133433283359
final_layer/Mean/reduction_indices,CPU,1.0,0.2,0.2
final_layer/Mean,CPU,5056.2,4740.3,0.9375222499110004
final_layer/FC/weights,CPU,0.0,0.2,0
final_layer/FC/MatMul,CPU,24634.25,26031.5,1.0567198108324791
final_layer/FC/biases,CPU,0.0,0.7,0
final_layer/FC/BiasAdd,CPU,26.0,24.1,0.926923076923077
final_layer/predictions,CPU,17.5,18.8,1.0742857142857143
