cell_stem_1/Pad/paddings,CPU,1.5555555555555556,0.5,0.3214285714285714
cell_stem_1/strided_slice/stack,CPU,1.0,0.1,0.1
cell_stem_1/strided_slice/stack_1,CPU,1.0,0.2,0.2
cell_stem_1/strided_slice/stack_2,CPU,0.9,0.2,0.22222222222222224
cell_0/Pad/paddings,CPU,0.0,0.5,0
cell_0/strided_slice/stack,CPU,0.9,0.2,0.22222222222222224
cell_0/strided_slice/stack_1,CPU,0.0,0.1,0
cell_0/strided_slice/stack_2,CPU,0.0,0.3,0
cell_4/Pad/paddings,CPU,0.0,0.2,0
cell_4/strided_slice/stack,CPU,0.9,0.7,0.7777777777777777
cell_4/strided_slice/stack_1,CPU,0.9,0.2,0.22222222222222224
cell_4/strided_slice/stack_2,CPU,0.0,0.3,0
cell_7/Pad/paddings,CPU,0.0,0.2,0
cell_7/strided_slice/stack,CPU,0.9,0.2,0.22222222222222224
cell_7/strided_slice/stack_1,CPU,0.0,0.4,0
cell_7/strided_slice/stack_2,CPU,0.9,0.3,0.3333333333333333
final_layer/FC/weights,CPU,0.0,0.1,0
final_layer/FC/biases,CPU,0.0,0.3,0
conv0/Conv2D,CPU,3993.4,3874.1,0.9701257074172384
cell_stem_0/Relu,CPU,827.7777777777778,1690.8,2.0425771812080535
cell_stem_0/comb_iter_0/left/Relu,OpenCL,1426.2,1311.5,0.9195764969849951
cell_stem_0/comb_iter_0/right/MaxPool2D/MaxPool,OpenCL,1513.111111111111,1198.5,0.7920766632398296
cell_stem_0/comb_iter_4/left/Relu,CPU,776.7777777777778,837.7,1.078429409240452
cell_stem_1/Relu,CPU,779.875,1045.5,1.340599455040872
cell_stem_0/1x1/Conv2D,CPU,2095.1,2451.8,1.1702544031311155
cell_stem_0/comb_iter_0/left/separable_5x5_1/separable_conv2d/depthwise,OpenCL,2772.7,2530.1,0.9125040574169583
cell_stem_0/comb_iter_0/right/1x1/Conv2D,OpenCL,1279.888888888889,1029.9,0.8046792256272246
cell_stem_0/comb_iter_4/left/separable_3x3_1/separable_conv2d/depthwise,CPU,958.4,979.5,1.0220158597662772
cell_stem_1/AvgPool,CPU,410.6,463.9,1.129810034096444
cell_stem_1/Pad_Gather_Index,CPU,1.0,0.1,0.1
cell_stem_1/Pad_Gather,CPU,0.9,0.2,0.22222222222222224
cell_stem_1/Pad,CPU,1079.0,1382.4,1.2811862835959222
cell_stem_0/comb_iter_0/left/separable_5x5_1/separable_conv2d,OpenCL,1608.3,1010.7,0.6284275321768328
cell_stem_0/comb_iter_4/left/separable_3x3_1/separable_conv2d,CPU,509.70000000000005,447.9,0.8787522071806944
cell_stem_1/path1_conv/Conv2D,CPU,503.6,500.5,0.9938443208895948
cell_stem_1/Pad___tr4cell_stem_1/strided_slice,CPU,4243.333333333333,4233.7,0.9977297721916732
cell_stem_1/strided_slice,CPU,1393.6,1490.6,1.0696039035591274
cell_stem_0/split,CPU,353.6666666666667,532.8,1.5065032987747407
cell_stem_1/strided_slice___tr4cell_stem_1/AvgPool_1,CPU,1179.2,1195.7,1.0139925373134329
cell_stem_1/AvgPool_1,CPU,415.6,414.8,0.9980750721847931
cell_stem_0/comb_iter_1/left/Relu,CPU,389.44444444444446,581.7,1.4936661911554923
cell_stem_0/comb_iter_1/right/MaxPool2D/MaxPool,CPU,513.5,552.2,1.0753651411879261
cell_stem_0/comb_iter_2/left/Relu,CPU,346.55555555555554,452.3,1.3051298493106767
cell_stem_0/comb_iter_2/right/Relu,CPU,350.6666666666667,511.8,1.459505703422053
cell_stem_0/comb_iter_3/right/MaxPool2D/MaxPool,CPU,456.3,549.6,1.2044707429322814
cell_stem_0/comb_iter_4/right/Relu,CPU,332.5,425.0,1.2781954887218046
cell_stem_1/path2_conv/Conv2D,CPU,510.8,486.7,0.9528191072826938
cell_stem_0/comb_iter_1/left/separable_7x7_1/separable_conv2d/depthwise,CPU,1439.7,1468.5,1.020004167534903
cell_stem_0/comb_iter_2/left/separable_5x5_1/separable_conv2d/depthwise,CPU,867.3,897.4,1.0347054075867634
cell_stem_0/comb_iter_2/right/separable_3x3_1/separable_conv2d/depthwise,CPU,489.5,627.7,1.2823289070480082
cell_stem_0/comb_iter_4/right/1x1/Conv2D,CPU,592.4,597.5,1.0086090479405807
cell_stem_0/comb_iter_0/left/separable_5x5_2/separable_conv2d/depthwise,OpenCL,1520.3,1129.3,0.7428139183055976
cell_stem_0/comb_iter_4/left/separable_3x3_2/separable_conv2d/depthwise,CPU,241.3,245.9,1.0190634065478656
cell_stem_1/concat,CPU,454.2,408.1,0.8985028621752532
cell_stem_0/comb_iter_1/left/separable_7x7_1/separable_conv2d,CPU,287.9,274.3,0.9527613754775965
cell_stem_0/comb_iter_2/left/separable_5x5_1/separable_conv2d,CPU,283.7,303.0,1.0680296087416286
cell_stem_0/comb_iter_2/right/separable_3x3_1/separable_conv2d,CPU,280.9,273.5,0.9736561053755786
cell_stem_0/comb_iter_0/left/separable_5x5_2/separable_conv2d,OpenCL,1217.0,877.8,0.7212818405916187
cell_stem_0/comb_iter_4/left/separable_3x3_2/separable_conv2d,CPU,274.4,187.7,0.6840379008746356
cell_stem_1/final_path_bn/FusedBatchNorm,CPU,205.7,179.7,0.8736023334953816
cell_stem_1/comb_iter_0/left/Relu,CPU,189.88888888888889,135.1,0.7114686951433586
cell_stem_1/comb_iter_0/right/MaxPool2D/MaxPool,CPU,251.66666666666666,219.7,0.8729801324503311
cell_stem_1/comb_iter_4/left/Relu,CPU,105.0,203.2,1.9352380952380952
cell_stem_0/comb_iter_0/combine/add,OpenCL,851.5714285714286,854.0,1.0028518704915284
cell_stem_0/comb_iter_4/combine/add,CPU,126.33333333333333,134.7,1.0662269129287598
cell_stem_1/comb_iter_0/left/separable_5x5_1/separable_conv2d/depthwise,CPU,511.1,489.5,0.9577382117002543
cell_stem_1/comb_iter_4/left/separable_3x3_1/separable_conv2d/depthwise,CPU,294.5,300.6,1.0207130730050935
cell_stem_0/comb_iter_1/left/separable_7x7_2/separable_conv2d/depthwise,CPU,1239.9,1160.8,0.9362045326235986
cell_stem_0/comb_iter_2/left/separable_5x5_2/separable_conv2d/depthwise,CPU,691.5,709.9,1.0266088214027476
cell_stem_0/comb_iter_2/right/separable_3x3_2/separable_conv2d/depthwise,CPU,246.7,246.0,0.9971625456019457
cell_stem_1/comb_iter_0/left/separable_5x5_1/separable_conv2d,CPU,162.7,133.1,0.8180700676090965
cell_stem_1/comb_iter_4/left/separable_3x3_1/separable_conv2d,CPU,158.7,124.1,0.7819785759294267
cell_stem_0/comb_iter_1/left/separable_7x7_2/separable_conv2d,CPU,277.5,219.9,0.7924324324324324
cell_stem_0/comb_iter_2/left/separable_5x5_2/separable_conv2d,CPU,276.1,300.5,1.0883737776168054
cell_stem_0/comb_iter_2/right/separable_3x3_2/separable_conv2d,CPU,274.2,260.8,0.951130561633844
cell_stem_0/comb_iter_1/left/bn_sep_7x7_2/FusedBatchNorm___tr4cell_stem_0/comb_iter_1/combine/add,CPU,233.4,164.6,0.7052270779777207
cell_stem_0/comb_iter_1/right/MaxPool2D/MaxPool___tr4cell_stem_0/comb_iter_1/combine/add,CPU,251.6,297.1,1.1808426073131957
cell_stem_0/comb_iter_1/combine/add,CPU,70.125,94.4,1.3461675579322638
cell_stem_0/comb_iter_2/combine/add,CPU,168.2,91.0,0.5410225921521998
cell_stem_1/comb_iter_0/left/separable_5x5_2/separable_conv2d/depthwise,CPU,390.5,402.4,1.030473751600512
cell_stem_1/comb_iter_4/left/separable_3x3_2/separable_conv2d/depthwise,CPU,136.9,115.1,0.8407596785975163
cell_stem_0/comb_iter_3/left/Relu,CPU,105.0,118.4,1.1276190476190477
cell_stem_1/comb_iter_0/left/separable_5x5_2/separable_conv2d,CPU,129.4,122.3,0.945131375579598
cell_stem_1/comb_iter_4/left/separable_3x3_2/separable_conv2d,CPU,118.3,118.6,1.0025359256128488
cell_stem_0/comb_iter_3/left/separable_3x3_1/separable_conv2d/depthwise,CPU,225.33333333333334,238.8,1.0597633136094675
cell_stem_0/comb_iter_3/left/separable_3x3_1/separable_conv2d,CPU,197.8,194.7,0.9843276036400403
cell_stem_1/comb_iter_0/left/bn_sep_5x5_2/FusedBatchNorm___tr4cell_stem_1/comb_iter_0/combine/add,CPU,155.44444444444446,41.0,0.26375982844889206
cell_stem_1/comb_iter_0/right/MaxPool2D/MaxPool___tr4cell_stem_1/comb_iter_0/combine/add,CPU,192.2,201.4,1.0478668054110303
cell_stem_1/comb_iter_0/combine/add,CPU,39.9,26.8,0.6716791979949875
cell_stem_0/comb_iter_3/left/separable_3x3_2/separable_conv2d/depthwise,CPU,229.6,217.1,0.9455574912891986
cell_stem_0/comb_iter_3/left/separable_3x3_2/separable_conv2d,CPU,194.6,224.3,1.1526207605344296
cell_stem_0/comb_iter_3/left/bn_sep_3x3_2/FusedBatchNorm___tr4cell_stem_0/comb_iter_3/combine/add,CPU,87.1,133.9,1.5373134328358211
cell_stem_0/comb_iter_3/right/MaxPool2D/MaxPool___tr4cell_stem_0/comb_iter_3/combine/add,CPU,229.44444444444446,294.4,1.283099273607748
cell_stem_0/comb_iter_3/combine/add,CPU,59.77777777777778,103.1,1.724721189591078
cell_stem_0/comb_iter_1/combine/add___tr4cell_stem_0/cell_output/concat,CPU,158.44444444444446,140.4,0.8861150070126227
cell_stem_0/comb_iter_3/combine/add___tr4cell_stem_0/cell_output/concat,CPU,140.0,165.1,1.1792857142857143
cell_stem_0/cell_output/concat,CPU,1094.5,1100.7,1.0056646870717223
cell_stem_1/Relu_1,CPU,424.8,432.0,1.0169491525423728
cell_0/Relu,CPU,423.25,453.5,1.071470761961016
cell_stem_1/1x1/Conv2D,CPU,1322.2,1332.7,1.0079413099379821
cell_0/AvgPool,CPU,440.3,477.0,1.083352259822848
cell_0/Pad_Gather_Index,CPU,1.0,0.7,0.7
cell_0/Pad_Gather,CPU,0.0,0.2,0
cell_0/Pad,CPU,614.3,646.3,1.0520918118183298
cell_0/path1_conv/Conv2D,CPU,352.8,366.4,1.038548752834467
cell_0/Pad___tr4cell_0/strided_slice,CPU,2303.7,2327.3,1.0102443894604334
cell_0/strided_slice,CPU,619.1,669.0,1.0806008722338878
cell_stem_1/split,CPU,164.8,115.6,0.7014563106796116
cell_0/strided_slice___tr4cell_0/AvgPool_1,CPU,859.3,919.8,1.0704061445362505
cell_0/AvgPool_1,CPU,410.2,451.9,1.1016577279375914
cell_stem_1/comb_iter_1/left/Relu,OpenCL,606.3333333333334,810.0,1.3358988455195162
cell_stem_1/comb_iter_1/right/MaxPool2D/MaxPool,OpenCL,698.8333333333334,764.7,1.0942523253040781
cell_stem_1/comb_iter_2/left/Relu,CPU,109.44444444444444,241.4,2.205685279187817
cell_stem_1/comb_iter_2/right/Relu,CPU,105.4,141.1,1.3387096774193548
cell_stem_1/comb_iter_3/right/MaxPool2D/MaxPool,CPU,180.88888888888889,320.3,1.7707002457002459
cell_stem_1/comb_iter_4/right/Relu,CPU,99.11111111111111,181.0,1.8262331838565022
cell_0/path2_conv/Conv2D,CPU,347.4,312.4,0.899251583189407
cell_stem_1/comb_iter_1/left/separable_7x7_1/separable_conv2d/depthwise,OpenCL,1903.7,1361.0,0.7149235698902138
cell_stem_1/comb_iter_2/left/separable_5x5_1/separable_conv2d/depthwise,CPU,507.90000000000003,455.6,0.8970269738137429
cell_stem_1/comb_iter_2/right/separable_3x3_1/separable_conv2d/depthwise,CPU,303.7,322.0,1.0602568324003951
cell_stem_1/comb_iter_4/right/1x1/Conv2D,CPU,435.1,423.0,0.9721903010802114
cell_0/concat,CPU,170.1,173.2,1.0182245737801292
cell_stem_1/comb_iter_1/left/separable_7x7_1/separable_conv2d,OpenCL,1113.5,788.4,0.7080377189043556
cell_stem_1/comb_iter_2/left/separable_5x5_1/separable_conv2d,CPU,157.1,157.6,1.003182686187142
cell_stem_1/comb_iter_2/right/separable_3x3_1/separable_conv2d,CPU,153.6,138.3,0.9003906250000001
cell_0/final_path_bn/FusedBatchNorm,CPU,82.88888888888889,44.9,0.5416890080428954
cell_stem_1/comb_iter_4/combine/add,CPU,80.4,55.1,0.6853233830845771
cell_0/comb_iter_0/left/Relu,CPU,88.4,86.3,0.9762443438914026
cell_0/comb_iter_0/right/MaxPool2D/MaxPool,CPU,303.0,326.6,1.077887788778878
cell_0/comb_iter_4/left/Relu,CPU,52.888888888888886,53.0,1.0021008403361344
cell_0/comb_iter_0/left/separable_5x5_1/separable_conv2d/depthwise,CPU,667.7,599.2,0.897409016025161
cell_0/comb_iter_4/left/separable_3x3_1/separable_conv2d/depthwise,CPU,229.5,250.7,1.0923747276688454
cell_stem_1/comb_iter_1/left/separable_7x7_2/separable_conv2d/depthwise,OpenCL,1505.5,925.6,0.6148123546994354
cell_stem_1/comb_iter_2/left/separable_5x5_2/separable_conv2d/depthwise,CPU,374.1,326.4,0.8724939855653567
cell_stem_1/comb_iter_2/right/separable_3x3_2/separable_conv2d/depthwise,CPU,129.1,118.3,0.9163439194422928
cell_0/comb_iter_0/left/separable_5x5_1/separable_conv2d,CPU,461.5,428.1,0.9276273022751896
cell_0/comb_iter_4/left/separable_3x3_1/separable_conv2d,CPU,467.6,426.0,0.9110350727117194
cell_stem_1/comb_iter_1/left/separable_7x7_2/separable_conv2d,OpenCL,1120.5,763.0,0.680946006247211
cell_stem_1/comb_iter_2/left/separable_5x5_2/separable_conv2d,CPU,150.8,121.8,0.8076923076923076
cell_stem_1/comb_iter_2/right/separable_3x3_2/separable_conv2d,CPU,148.4,128.5,0.8659029649595688
cell_stem_1/comb_iter_1/left/bn_sep_7x7_2/FusedBatchNorm___tr4cell_stem_1/comb_iter_1/combine/add,OpenCL,362.42857142857144,286.9,0.7916042569964524
cell_stem_1/comb_iter_1/right/MaxPool2D/MaxPool___tr4cell_stem_1/comb_iter_1/combine/add,OpenCL,478.6666666666667,297.4,0.621309192200557
cell_stem_1/comb_iter_1/combine/add,OpenCL,408.0,503.5,1.2340686274509804
cell_stem_1/comb_iter_2/combine/add,CPU,46.9,26.7,0.5692963752665245
cell_0/comb_iter_0/left/separable_5x5_2/separable_conv2d/depthwise,CPU,661.4,574.1,0.8680072573329302
cell_0/comb_iter_4/left/separable_3x3_2/separable_conv2d/depthwise,CPU,226.1,201.5,0.8911985846970367
cell_stem_1/comb_iter_3/left/Relu,CPU,51.8,51.4,0.9922779922779923
cell_0/comb_iter_0/left/separable_5x5_2/separable_conv2d,CPU,441.5,432.9,0.9805209513023782
cell_0/comb_iter_4/left/separable_3x3_2/separable_conv2d,CPU,446.6,433.9,0.9715629198387818
cell_stem_1/comb_iter_3/left/separable_3x3_1/separable_conv2d/depthwise,CPU,135.1,136.7,1.0118430792005921
cell_stem_1/comb_iter_3/left/separable_3x3_1/separable_conv2d,CPU,125.1,120.4,0.9624300559552359
cell_0/comb_iter_0/left/bn_sep_5x5_2/FusedBatchNorm___tr4cell_0/comb_iter_0/combine/add,CPU,353.0,133.3,0.3776203966005666
cell_0/comb_iter_0/right/MaxPool2D/MaxPool___tr4cell_0/comb_iter_0/combine/add,CPU,428.6,437.3,1.0202986467568829
cell_0/comb_iter_0/combine/add,CPU,82.0,66.5,0.8109756097560976
cell_stem_1/comb_iter_3/left/separable_3x3_2/separable_conv2d/depthwise,CPU,132.4,110.8,0.836858006042296
cell_stem_1/comb_iter_3/left/separable_3x3_2/separable_conv2d,CPU,122.2,113.8,0.9312602291325696
cell_stem_1/comb_iter_3/left/bn_sep_3x3_2/FusedBatchNorm___tr4cell_stem_1/comb_iter_3/combine/add,CPU,40.0,38.3,0.9574999999999999
cell_stem_1/comb_iter_3/right/MaxPool2D/MaxPool___tr4cell_stem_1/comb_iter_3/combine/add,CPU,195.3,156.6,0.8018433179723502
cell_stem_1/comb_iter_3/combine/add,CPU,23.88888888888889,22.8,0.9544186046511628
cell_stem_1/comb_iter_2/combine/add___tr4cell_stem_1/cell_output/concat,CPU,194.22222222222223,57.7,0.29708237986270025
cell_stem_1/comb_iter_4/combine/add___tr4cell_stem_1/cell_output/concat,CPU,191.6,161.5,0.842901878914405
cell_stem_1/cell_output/concat,CPU,403.9,357.5,0.8851200792275317
cell_0/Relu_1,CPU,182.88888888888889,224.2,1.2258809234507897
cell_1/Relu,CPU,162.6,256.3,1.5762607626076262
cell_0/Relu_1___tr4cell_0/1x1/Conv2D,CPU,369.6,406.8,1.1006493506493507
cell_0/1x1/Conv2D,CPU,1053.0,1047.7,0.9949667616334283
cell_1/Relu___tr4cell_1/prev_1x1/Conv2D,CPU,426.7,412.7,0.9671900632763065
cell_1/prev_1x1/Conv2D,CPU,1046.6,1051.1,1.004299636919549
cell_0/split,CPU,86.3,43.4,0.5028968713789108
cell_1/comb_iter_0/left/Relu,CPU,55.0,92.0,1.6727272727272726
cell_1/comb_iter_0/right/MaxPool2D/MaxPool,CPU,298.9,331.3,1.1083974573435933
cell_1/comb_iter_4/left/Relu,CPU,48.1,81.4,1.6923076923076923
cell_0/comb_iter_1/left/Relu,OpenCL,405.85714285714283,784.8,1.9336853220696937
cell_0/comb_iter_1/right/MaxPool2D/MaxPool,OpenCL,1207.0,917.3,0.759983429991715
cell_0/comb_iter_2/left/Relu,CPU,54.8,83.9,1.5310218978102192
cell_0/comb_iter_2/right/Relu,CPU,49.0,60.1,1.226530612244898
cell_0/comb_iter_3/right/MaxPool2D/MaxPool,CPU,284.22222222222223,356.8,1.2553557466770915
cell_0/comb_iter_4/left/bn_sep_3x3_2/FusedBatchNorm___tr4cell_0/comb_iter_4/combine/add,CPU,435.0,141.4,0.32505747126436785
cell_0/split___tr4cell_0/comb_iter_4/combine/add,CPU,137.0,309.6,2.2598540145985404
cell_0/comb_iter_4/combine/add,CPU,71.6,88.7,1.2388268156424582
cell_1/comb_iter_0/left/separable_5x5_1/separable_conv2d/depthwise,CPU,671.9,624.6,0.9296026194374164
cell_1/comb_iter_4/left/separable_3x3_1/separable_conv2d/depthwise,CPU,234.1,204.5,0.8735583084152072
cell_0/comb_iter_1/left/separable_7x7_1/separable_conv2d/depthwise,OpenCL,1816.0,1405.6,0.7740088105726872
cell_0/comb_iter_2/left/separable_5x5_1/separable_conv2d/depthwise,CPU,661.9,612.3,0.9250642090950294
cell_0/comb_iter_2/right/separable_3x3_1/separable_conv2d/depthwise,CPU,227.6,256.4,1.1265377855887522
cell_1/comb_iter_0/left/separable_5x5_1/separable_conv2d,CPU,465.3333333333333,423.4,0.9098853868194843
cell_1/comb_iter_4/left/separable_3x3_1/separable_conv2d,CPU,475.8,443.5,0.932114333753678
cell_0/comb_iter_1/left/separable_7x7_1/separable_conv2d,OpenCL,1536.0,1124.2,0.7319010416666667
cell_0/comb_iter_2/left/separable_5x5_1/separable_conv2d,CPU,463.8888888888889,470.2,1.0136047904191616
cell_0/comb_iter_2/right/separable_3x3_1/separable_conv2d,CPU,474.5,464.5,0.9789251844046365
cell_1/comb_iter_0/left/separable_5x5_2/separable_conv2d/depthwise,CPU,659.0,577.5,0.8763277693474962
cell_1/comb_iter_4/left/separable_3x3_2/separable_conv2d/depthwise,CPU,232.0,210.0,0.9051724137931034
cell_0/comb_iter_1/left/separable_7x7_2/separable_conv2d/depthwise,OpenCL,1802.7,1377.1,0.763909691019027
cell_0/comb_iter_2/left/separable_5x5_2/separable_conv2d/depthwise,CPU,655.1,629.6,0.9610746450923523
cell_0/comb_iter_2/right/separable_3x3_2/separable_conv2d/depthwise,CPU,231.2,213.4,0.9230103806228375
cell_1/comb_iter_0/left/separable_5x5_2/separable_conv2d,CPU,467.7,438.1,0.9367115672439599
cell_1/comb_iter_4/left/separable_3x3_2/separable_conv2d,CPU,476.1,444.7,0.9340474690191135
cell_0/comb_iter_1/left/separable_7x7_2/separable_conv2d,OpenCL,1473.7,1143.4,0.7758702585329443
cell_0/comb_iter_2/left/separable_5x5_2/separable_conv2d,CPU,463.77777777777777,455.5,0.9821514135122185
cell_0/comb_iter_2/right/separable_3x3_2/separable_conv2d,CPU,466.0,470.5,1.009656652360515
cell_1/comb_iter_0/left/bn_sep_5x5_2/FusedBatchNorm___tr4cell_1/comb_iter_0/combine/add,CPU,423.6,144.8,0.34183191690273845
cell_1/comb_iter_0/right/MaxPool2D/MaxPool___tr4cell_1/comb_iter_0/combine/add,CPU,428.8,455.1,1.0613339552238805
cell_1/comb_iter_0/combine/add,CPU,74.66666666666667,76.4,1.0232142857142856
cell_0/comb_iter_1/left/bn_sep_7x7_2/FusedBatchNorm___tr4cell_0/comb_iter_1/combine/add,OpenCL,369.77777777777777,455.8,1.2326322115384616
cell_0/comb_iter_1/right/MaxPool2D/MaxPool___tr4cell_0/comb_iter_1/combine/add,OpenCL,298.0,488.9,1.6406040268456374
cell_0/comb_iter_1/combine/add,OpenCL,990.75,632.5,0.638405248549079
cell_0/comb_iter_2/combine/add,CPU,123.33333333333333,63.6,0.5156756756756757
cell_0/comb_iter_3/left/Relu,CPU,60.4,82.4,1.3642384105960266
cell_0/comb_iter_3/left/separable_3x3_1/separable_conv2d/depthwise,CPU,214.9,236.4,1.100046533271289
cell_0/comb_iter_3/left/separable_3x3_1/separable_conv2d,CPU,419.3,422.7,1.008108752683043
cell_0/comb_iter_3/left/separable_3x3_2/separable_conv2d/depthwise,CPU,195.22222222222223,198.8,1.0183266932270916
cell_0/comb_iter_3/left/separable_3x3_2/separable_conv2d,CPU,416.4,403.0,0.9678194044188281
cell_0/comb_iter_3/left/bn_sep_3x3_2/FusedBatchNorm___tr4cell_0/comb_iter_3/combine/add,CPU,99.22222222222223,90.6,0.9131019036954087
cell_0/comb_iter_3/right/MaxPool2D/MaxPool___tr4cell_0/comb_iter_3/combine/add,CPU,423.4,434.9,1.0271610769957487
cell_0/comb_iter_3/combine/add,CPU,54.625,70.4,1.2887871853546913
cell_0/comb_iter_2/combine/add___tr4cell_0/cell_output/concat,CPU,398.6,257.5,0.6460110386352232
cell_0/cell_output/concat,CPU,687.9,621.2,0.9030382323012066
cell_1/Relu_1,CPU,400.55555555555554,726.9,1.814729542302358
cell_2/Relu,OpenCL,1366.0,1003.3,0.7344802342606149
cell_1/Relu_1___tr4cell_1/1x1/Conv2D,CPU,769.0,869.5,1.1306892067620287
cell_1/1x1/Conv2D,CPU,2105.8,2265.3,1.0757431854877006
cell_2/Relu___tr4cell_2/prev_1x1/Conv2D,OpenCL,1416.0,1010.7,0.713771186440678
cell_2/prev_1x1/Conv2D,OpenCL,2990.5,2738.1,0.9155993980939642
cell_1/split,CPU,88.5,54.5,0.615819209039548
cell_2/comb_iter_0/left/Relu,OpenCL,339.77777777777777,1003.6,2.953695225637672
cell_2/comb_iter_0/right/MaxPool2D/MaxPool,OpenCL,819.1666666666666,950.6,1.160447609359105
cell_2/comb_iter_4/left/Relu,CPU,51.5,105.6,2.050485436893204
cell_1/comb_iter_1/left/Relu,OpenCL,297.6666666666667,556.9,1.870884658454647
cell_1/comb_iter_1/right/MaxPool2D/MaxPool,OpenCL,1041.3333333333333,961.8,0.9236235595390525
cell_1/comb_iter_2/left/Relu,CPU,55.22222222222222,71.6,1.296579476861167
cell_1/comb_iter_2/right/Relu,CPU,48.0,56.5,1.1770833333333333
cell_1/comb_iter_3/right/MaxPool2D/MaxPool,CPU,285.4,366.5,1.2841625788367206
cell_1/comb_iter_4/left/bn_sep_3x3_2/FusedBatchNorm___tr4cell_1/comb_iter_4/combine/add,CPU,452.6,103.8,0.22934158197083515
cell_1/split___tr4cell_1/comb_iter_4/combine/add,CPU,153.375,432.7,2.8211898940505296
cell_1/comb_iter_4/combine/add,CPU,77.33333333333333,59.9,0.7745689655172414
cell_2/comb_iter_0/left/separable_5x5_1/separable_conv2d/depthwise,OpenCL,1574.9,1255.2,0.7970029843164645
cell_2/comb_iter_4/left/separable_3x3_1/separable_conv2d/depthwise,CPU,239.8,251.3,1.047956630525438
cell_1/comb_iter_1/left/separable_7x7_1/separable_conv2d/depthwise,OpenCL,1853.0,1420.6,0.7666486778197517
cell_1/comb_iter_2/left/separable_5x5_1/separable_conv2d/depthwise,CPU,658.1,684.1,1.039507673605835
cell_1/comb_iter_2/right/separable_3x3_1/separable_conv2d/depthwise,CPU,231.5,239.7,1.0354211663066955
cell_2/comb_iter_0/left/separable_5x5_1/separable_conv2d,OpenCL,1608.7,1135.4,0.7057872816559956
cell_2/comb_iter_4/left/separable_3x3_1/separable_conv2d,CPU,478.8,446.7,0.9329573934837092
cell_1/comb_iter_1/left/separable_7x7_1/separable_conv2d,OpenCL,1542.9,1138.0,0.7375721044785792
cell_1/comb_iter_2/left/separable_5x5_1/separable_conv2d,CPU,471.5,471.3,0.999575821845175
cell_1/comb_iter_2/right/separable_3x3_1/separable_conv2d,CPU,482.1,465.3,0.9651524579962664
cell_2/comb_iter_0/left/separable_5x5_2/separable_conv2d/depthwise,OpenCL,1437.6,1079.9,0.7511825264329439
cell_2/comb_iter_4/left/separable_3x3_2/separable_conv2d/depthwise,CPU,242.8,213.6,0.8797364085667215
cell_1/comb_iter_1/left/separable_7x7_2/separable_conv2d/depthwise,OpenCL,1725.5,1370.0,0.7939727615184005
cell_1/comb_iter_2/left/separable_5x5_2/separable_conv2d/depthwise,CPU,669.6,635.6,0.9492234169653524
cell_1/comb_iter_2/right/separable_3x3_2/separable_conv2d/depthwise,CPU,230.8,233.8,1.0129982668977469
cell_2/comb_iter_0/left/separable_5x5_2/separable_conv2d,OpenCL,1582.888888888889,1106.0,0.6987224484065703
cell_2/comb_iter_4/left/separable_3x3_2/separable_conv2d,CPU,464.5,437.0,0.9407965554359526
cell_1/comb_iter_1/left/separable_7x7_2/separable_conv2d,OpenCL,1425.3,1120.2,0.7859398021469165
cell_1/comb_iter_2/left/separable_5x5_2/separable_conv2d,CPU,471.6,460.0,0.9754028837998303
cell_1/comb_iter_2/right/separable_3x3_2/separable_conv2d,CPU,468.4,460.3,0.9827070879590095
cell_2/comb_iter_0/left/bn_sep_5x5_2/FusedBatchNorm___tr4cell_2/comb_iter_0/combine/add,OpenCL,360.5,492.6,1.3664355062413316
cell_2/comb_iter_0/right/MaxPool2D/MaxPool___tr4cell_2/comb_iter_0/combine/add,OpenCL,348.0,510.1,1.4658045977011496
cell_2/comb_iter_0/combine/add,OpenCL,787.4285714285714,620.3,0.7877539912917271
cell_1/comb_iter_1/left/bn_sep_7x7_2/FusedBatchNorm___tr4cell_1/comb_iter_1/combine/add,OpenCL,436.0,530.7,1.2172018348623854
cell_1/comb_iter_1/right/MaxPool2D/MaxPool___tr4cell_1/comb_iter_1/combine/add,OpenCL,385.375,495.6,1.2860201102821927
cell_1/comb_iter_1/combine/add,OpenCL,777.875,722.7,0.9290695805881408
cell_1/comb_iter_2/combine/add,CPU,116.1,84.3,0.7260981912144703
cell_1/comb_iter_3/left/Relu,CPU,57.7,80.7,1.3986135181975736
cell_1/comb_iter_3/left/separable_3x3_1/separable_conv2d/depthwise,CPU,227.6,235.7,1.0355887521968365
cell_1/comb_iter_3/left/separable_3x3_1/separable_conv2d,CPU,422.4,434.0,1.0274621212121213
cell_1/comb_iter_3/left/separable_3x3_2/separable_conv2d/depthwise,CPU,197.0,195.7,0.9934010152284264
cell_1/comb_iter_3/left/separable_3x3_2/separable_conv2d,CPU,405.3333333333333,409.0,1.009046052631579
cell_1/comb_iter_3/left/bn_sep_3x3_2/FusedBatchNorm___tr4cell_1/comb_iter_3/combine/add,CPU,94.1,97.7,1.0382571732199788
cell_1/comb_iter_3/right/MaxPool2D/MaxPool___tr4cell_1/comb_iter_3/combine/add,CPU,423.3,450.4,1.064020789038507
cell_1/comb_iter_3/combine/add,CPU,57.4,74.4,1.2961672473867598
cell_1/comb_iter_2/combine/add___tr4cell_1/cell_output/concat,CPU,406.0,261.2,0.6433497536945813
cell_1/cell_output/concat,CPU,652.0,773.2,1.1858895705521473
cell_2/Relu_1,CPU,406.22222222222223,480.6,1.1830962800875273
cell_3/Relu,OpenCL,1350.5,1095.9,0.811477230655313
cell_2/Relu_1___tr4cell_2/1x1/Conv2D,CPU,807.4,842.9,1.0439682932870944
cell_2/1x1/Conv2D,CPU,2142.4,2145.3,1.0013536221060493
cell_3/Relu___tr4cell_3/prev_1x1/Conv2D,OpenCL,1431.7,982.7,0.6863868128797933
cell_3/prev_1x1/Conv2D,OpenCL,3899.5,3627.7,0.9302987562508014
cell_2/split,CPU,97.8,48.5,0.4959100204498978
cell_3/comb_iter_0/left/Relu,OpenCL,662.3333333333334,963.8,1.4551585304479113
cell_3/comb_iter_0/right/MaxPool2D/MaxPool,OpenCL,902.25,1035.7,1.1479080077583819
cell_3/comb_iter_4/left/Relu,CPU,97.4,174.8,1.7946611909650925
cell_2/comb_iter_1/left/Relu,CPU,90.0,67.3,0.7477777777777778
cell_2/comb_iter_1/right/MaxPool2D/MaxPool,CPU,328.0,310.1,0.9454268292682928
cell_2/comb_iter_2/left/Relu,CPU,56.333333333333336,124.9,2.2171597633136093
cell_2/comb_iter_2/right/Relu,CPU,50.4,84.9,1.6845238095238098
cell_2/comb_iter_3/right/MaxPool2D/MaxPool,CPU,286.3,356.6,1.2455466294097102
cell_2/comb_iter_4/left/bn_sep_3x3_2/FusedBatchNorm___tr4cell_2/comb_iter_4/combine/add,CPU,446.3,136.5,0.3058480842482635
cell_2/split___tr4cell_2/comb_iter_4/combine/add,CPU,182.88888888888889,416.3,2.2762454434993926
cell_2/comb_iter_4/combine/add,CPU,67.88888888888889,76.3,1.1238952536824878
cell_3/comb_iter_0/left/separable_5x5_1/separable_conv2d/depthwise,OpenCL,1525.6,1671.5,1.0956345044572628
cell_3/comb_iter_4/left/separable_3x3_1/separable_conv2d/depthwise,CPU,248.4,264.4,1.0644122383252816
cell_2/comb_iter_1/left/separable_7x7_1/separable_conv2d/depthwise,CPU,1283.6,1295.4,1.0091928949828608
cell_2/comb_iter_2/left/separable_5x5_1/separable_conv2d/depthwise,CPU,672.2,673.2,1.0014876524843797
cell_2/comb_iter_2/right/separable_3x3_1/separable_conv2d/depthwise,CPU,232.6,242.3,1.041702493551161
cell_3/comb_iter_0/left/separable_5x5_1/separable_conv2d,OpenCL,1425.9,1125.4,0.7892559085489866
cell_3/comb_iter_4/left/separable_3x3_1/separable_conv2d,CPU,395.0,387.3,0.9805063291139241
cell_2/comb_iter_1/left/separable_7x7_1/separable_conv2d,CPU,474.0,437.7,0.9234177215189873
cell_2/comb_iter_2/left/separable_5x5_1/separable_conv2d,CPU,470.4,455.8,0.9689625850340137
cell_2/comb_iter_2/right/separable_3x3_1/separable_conv2d,CPU,473.4,476.0,1.0054921841994087
cell_3/comb_iter_0/left/separable_5x5_2/separable_conv2d/depthwise,OpenCL,1367.7777777777778,1568.4,1.1466774979691308
cell_3/comb_iter_4/left/separable_3x3_2/separable_conv2d/depthwise,CPU,134.55555555555554,119.5,0.8881090008257639
cell_2/comb_iter_1/left/separable_7x7_2/separable_conv2d/depthwise,CPU,1257.4,1186.4,0.9435342770796883
cell_2/comb_iter_2/left/separable_5x5_2/separable_conv2d/depthwise,CPU,656.1,646.2,0.9849108367626886
cell_2/comb_iter_2/right/separable_3x3_2/separable_conv2d/depthwise,CPU,231.0,218.5,0.9458874458874459
cell_3/comb_iter_0/left/separable_5x5_2/separable_conv2d,OpenCL,1546.4,1177.8,0.761639937920331
cell_3/comb_iter_4/left/separable_3x3_2/separable_conv2d,CPU,401.6,380.1,0.9464641434262948
cell_2/comb_iter_1/left/separable_7x7_2/separable_conv2d,CPU,469.8,465.0,0.9897828863346104
cell_2/comb_iter_2/left/separable_5x5_2/separable_conv2d,CPU,482.7,460.6,0.9542158690698157
cell_2/comb_iter_2/right/separable_3x3_2/separable_conv2d,CPU,462.8,454.6,0.9822817631806396
cell_3/comb_iter_0/left/bn_sep_5x5_2/FusedBatchNorm___tr4cell_3/comb_iter_0/combine/add,OpenCL,366.85714285714283,303.4,0.8270249221183801
cell_3/comb_iter_0/right/MaxPool2D/MaxPool___tr4cell_3/comb_iter_0/combine/add,OpenCL,555.5555555555555,357.6,0.64368
cell_3/comb_iter_0/combine/add,OpenCL,375.22222222222223,456.7,1.217145395321291
cell_2/comb_iter_1/left/bn_sep_7x7_2/FusedBatchNorm___tr4cell_2/comb_iter_1/combine/add,CPU,417.3,134.4,0.32207045291157443
cell_2/comb_iter_1/right/MaxPool2D/MaxPool___tr4cell_2/comb_iter_1/combine/add,CPU,426.8,530.6,1.2432052483598877
cell_2/comb_iter_1/combine/add,CPU,77.8,75.3,0.967866323907455
cell_2/comb_iter_2/combine/add,CPU,121.22222222222223,67.6,0.5576535288725939
cell_2/comb_iter_3/left/Relu,CPU,59.2,88.0,1.4864864864864864
cell_2/comb_iter_3/left/separable_3x3_1/separable_conv2d/depthwise,CPU,211.2,229.0,1.084280303030303
cell_2/comb_iter_3/left/separable_3x3_1/separable_conv2d,CPU,435.77777777777777,422.3,0.9690719020907701
cell_2/comb_iter_3/left/separable_3x3_2/separable_conv2d/depthwise,CPU,199.0,194.6,0.9778894472361809
cell_2/comb_iter_3/left/separable_3x3_2/separable_conv2d,CPU,423.2,403.9,0.9543950850661626
cell_2/comb_iter_3/left/bn_sep_3x3_2/FusedBatchNorm___tr4cell_2/comb_iter_3/combine/add,CPU,94.5,90.6,0.9587301587301587
cell_2/comb_iter_3/right/MaxPool2D/MaxPool___tr4cell_2/comb_iter_3/combine/add,CPU,424.1,418.1,0.9858523933034662
cell_2/comb_iter_3/combine/add,CPU,68.0,77.1,1.1338235294117647
cell_2/comb_iter_2/combine/add___tr4cell_2/cell_output/concat,CPU,408.9,242.3,0.5925654194179507
cell_2/cell_output/concat,CPU,652.5,716.0,1.0973180076628353
cell_3/Relu_1,CPU,402.0,463.2,1.1522388059701492
cell_4/Relu,CPU,377.6,560.6,1.4846398305084745
cell_3/Relu_1___tr4cell_3/1x1/Conv2D,CPU,796.2,905.3,1.137025872896257
cell_3/1x1/Conv2D,CPU,3710.4,3766.7,1.0151735661923242
cell_4/Relu___tr4cell_4/AvgPool,CPU,779.5,870.7,1.1169980756895446
cell_4/AvgPool,CPU,289.77777777777777,423.6,1.4618098159509203
cell_4/Pad,CPU,571.0,674.0,1.180385288966725
cell_4/path1_conv/Conv2D,CPU,624.4,609.9,0.9767777065983344
cell_4/strided_slice,CPU,657.4,701.9,1.0676909035594768
cell_3/split,CPU,158.11111111111111,141.9,0.8974701335207309
cell_4/strided_slice___tr4cell_4/AvgPool_1,CPU,753.5,895.0,1.1877903118779032
cell_4/AvgPool_1,CPU,295.5,374.4,1.2670050761421319
cell_3/comb_iter_1/left/Relu,CPU,180.5,184.1,1.01994459833795
cell_3/comb_iter_1/right/MaxPool2D/MaxPool,CPU,218.8,252.1,1.1521937842778793
cell_3/comb_iter_2/left/Relu,CPU,101.0,171.6,1.699009900990099
cell_3/comb_iter_2/right/Relu,CPU,100.0,136.5,1.365
cell_3/comb_iter_3/right/MaxPool2D/MaxPool,CPU,175.3,261.1,1.4894466628636622
cell_3/comb_iter_4/right/Relu,CPU,96.0,192.9,2.009375
cell_4/path2_conv/Conv2D,CPU,603.8,616.0,1.0202053660152368
cell_3/comb_iter_1/left/separable_7x7_1/separable_conv2d/depthwise,CPU,797.4,790.6,0.9914722849260096
cell_3/comb_iter_2/left/separable_5x5_1/separable_conv2d/depthwise,CPU,497.0,511.1,1.028370221327968
cell_3/comb_iter_2/right/separable_3x3_1/separable_conv2d/depthwise,CPU,233.4,244.8,1.0488431876606683
cell_3/comb_iter_4/right/1x1/Conv2D,CPU,574.3,612.5,1.0665157583144698
cell_4/concat,CPU,84.5,51.1,0.6047337278106509
cell_3/comb_iter_1/left/separable_7x7_1/separable_conv2d,CPU,398.8,389.4,0.9764292878635907
cell_3/comb_iter_2/left/separable_5x5_1/separable_conv2d,CPU,400.1,401.3,1.0029992501874532
cell_3/comb_iter_2/right/separable_3x3_1/separable_conv2d,CPU,408.5,386.8,0.9468788249694002
cell_4/final_path_bn/FusedBatchNorm,CPU,41.8,26.2,0.6267942583732058
cell_3/comb_iter_4/combine/add,CPU,72.0,51.7,0.7180555555555556
cell_4/comb_iter_0/left/Relu,CPU,27.6,58.1,2.1050724637681157
cell_4/comb_iter_0/right/MaxPool2D/MaxPool,CPU,167.6,192.5,1.1485680190930787
cell_4/comb_iter_4/left/Relu,CPU,24.0,23.2,0.9666666666666667
cell_4/comb_iter_0/left/separable_5x5_1/separable_conv2d/depthwise,CPU,356.7,404.1,1.1328847771236334
cell_4/comb_iter_4/left/separable_3x3_1/separable_conv2d/depthwise,CPU,132.7,115.5,0.8703843255463453
cell_3/comb_iter_1/left/separable_7x7_2/separable_conv2d/depthwise,CPU,627.0,578.2,0.9221690590111643
cell_3/comb_iter_2/left/separable_5x5_2/separable_conv2d/depthwise,CPU,410.1,349.2,0.8514996342355522
cell_3/comb_iter_2/right/separable_3x3_2/separable_conv2d/depthwise,CPU,131.4,117.9,0.8972602739726028
cell_4/comb_iter_0/left/separable_5x5_1/separable_conv2d,CPU,398.4,387.9,0.973644578313253
cell_4/comb_iter_4/left/separable_3x3_1/separable_conv2d,CPU,405.1,385.0,0.9503826215749197
cell_3/comb_iter_1/left/separable_7x7_2/separable_conv2d,CPU,388.4,385.3,0.9920185375901134
cell_3/comb_iter_2/left/separable_5x5_2/separable_conv2d,CPU,391.0,382.7,0.978772378516624
cell_3/comb_iter_2/right/separable_3x3_2/separable_conv2d,CPU,395.5,383.8,0.970417193426043
cell_3/comb_iter_1/left/bn_sep_7x7_2/FusedBatchNorm___tr4cell_3/comb_iter_1/combine/add,CPU,146.11111111111111,37.1,0.2539163498098859
cell_3/comb_iter_1/right/MaxPool2D/MaxPool___tr4cell_3/comb_iter_1/combine/add,CPU,196.1,196.5,1.0020397756246813
cell_3/comb_iter_1/combine/add,CPU,31.2,31.0,0.9935897435897436
cell_3/comb_iter_2/combine/add,CPU,31.1,25.4,0.8167202572347266
cell_4/comb_iter_0/left/separable_5x5_2/separable_conv2d/depthwise,CPU,397.4,339.9,0.8553095118268746
cell_4/comb_iter_4/left/separable_3x3_2/separable_conv2d/depthwise,CPU,134.0,117.3,0.8753731343283582
cell_3/comb_iter_3/left/Relu,CPU,31.3,47.7,1.5239616613418532
cell_4/comb_iter_0/left/separable_5x5_2/separable_conv2d,CPU,382.6,380.9,0.995556717198118
cell_4/comb_iter_4/left/separable_3x3_2/separable_conv2d,CPU,384.6,381.7,0.9924596983879355
cell_3/comb_iter_3/left/separable_3x3_1/separable_conv2d/depthwise,CPU,126.2,135.9,1.0768621236133122
cell_3/comb_iter_3/left/separable_3x3_1/separable_conv2d,CPU,379.6,385.5,1.0155426765015805
cell_4/comb_iter_0/left/bn_sep_5x5_2/FusedBatchNorm___tr4cell_4/comb_iter_0/combine/add,CPU,115.11111111111111,36.1,0.3136100386100386
cell_4/comb_iter_0/right/MaxPool2D/MaxPool___tr4cell_4/comb_iter_0/combine/add,CPU,183.3,182.8,0.9972722313147845
cell_4/comb_iter_0/combine/add,CPU,28.22222222222222,32.9,1.1657480314960629
cell_3/comb_iter_3/left/separable_3x3_2/separable_conv2d/depthwise,CPU,120.0,113.5,0.9458333333333333
cell_3/comb_iter_3/left/separable_3x3_2/separable_conv2d,CPU,378.2,378.8,1.0015864621893178
cell_3/comb_iter_3/left/bn_sep_3x3_2/FusedBatchNorm___tr4cell_3/comb_iter_3/combine/add,CPU,36.7,37.3,1.0163487738419617
cell_3/comb_iter_3/right/MaxPool2D/MaxPool___tr4cell_3/comb_iter_3/combine/add,CPU,187.3,171.9,0.9177789642285104
cell_3/comb_iter_3/combine/add,CPU,25.444444444444443,27.5,1.0807860262008735
cell_3/comb_iter_2/combine/add___tr4cell_3/cell_output/concat,CPU,196.1,37.8,0.19275879653238143
cell_3/comb_iter_4/combine/add___tr4cell_3/cell_output/concat,CPU,199.1,43.5,0.21848317428427927
cell_3/cell_output/concat,CPU,286.4,239.9,0.8376396648044694
cell_4/Relu_1,CPU,151.77777777777777,199.3,1.3131039531478772
cell_5/Relu,OpenCL,1335.5,852.3,0.6381879445900411
cell_4/Relu_1___tr4cell_4/1x1/Conv2D,CPU,260.1,348.5,1.3398692810457515
cell_4/1x1/Conv2D,CPU,2147.3,2143.1,0.9980440553252921
cell_5/Relu___tr4cell_5/prev_1x1/Conv2D,OpenCL,1251.4,763.0,0.6097171168291513
cell_5/prev_1x1/Conv2D,OpenCL,2885.3,2357.3,0.8170034311856653
cell_4/split,CPU,40.111111111111114,26.1,0.6506925207756232
cell_5/comb_iter_0/left/Relu,CPU,33.1,63.3,1.9123867069486402
cell_5/comb_iter_0/right/MaxPool2D/MaxPool,CPU,180.5,226.2,1.253185595567867
cell_5/comb_iter_4/left/Relu,OpenCL,410.55555555555554,292.2,0.7117185385656293
cell_4/comb_iter_1/left/Relu,OpenCL,427.0,282.5,0.6615925058548009
cell_4/comb_iter_1/right/MaxPool2D/MaxPool,OpenCL,745.5,806.8,1.082226693494299
cell_4/comb_iter_2/left/Relu,CPU,24.4,27.4,1.1229508196721312
cell_4/comb_iter_2/right/Relu,CPU,25.0,25.2,1.008
cell_4/comb_iter_3/right/MaxPool2D/MaxPool,CPU,161.5,162.5,1.0061919504643964
cell_4/comb_iter_4/left/bn_sep_3x3_2/FusedBatchNorm___tr4cell_4/comb_iter_4/combine/add,CPU,195.3,39.4,0.20174091141833075
cell_4/split___tr4cell_4/comb_iter_4/combine/add,CPU,36.22222222222222,92.9,2.5647239263803683
cell_4/comb_iter_4/combine/add,CPU,44.333333333333336,48.7,1.0984962406015037
cell_5/comb_iter_0/left/separable_5x5_1/separable_conv2d/depthwise,CPU,390.0,411.4,1.0548717948717947
cell_5/comb_iter_4/left/separable_3x3_1/separable_conv2d/depthwise,OpenCL,1126.2,1099.5,0.9762919552477357
cell_4/comb_iter_1/left/separable_7x7_1/separable_conv2d/depthwise,OpenCL,1527.0,1111.0,0.7275703994760969
cell_4/comb_iter_2/left/separable_5x5_1/separable_conv2d/depthwise,CPU,401.5,422.0,1.0510585305105853
cell_4/comb_iter_2/right/separable_3x3_1/separable_conv2d/depthwise,CPU,132.1,132.3,1.0015140045420137
cell_5/comb_iter_0/left/separable_5x5_1/separable_conv2d,CPU,392.9,386.6,0.9839653855942989
cell_5/comb_iter_4/left/separable_3x3_1/separable_conv2d,OpenCL,1534.7,1133.7,0.738711148758715
cell_4/comb_iter_1/left/separable_7x7_1/separable_conv2d,OpenCL,1483.0,1086.8,0.7328388401888064
cell_4/comb_iter_2/left/separable_5x5_1/separable_conv2d,CPU,393.9,390.4,0.9911144960649911
cell_4/comb_iter_2/right/separable_3x3_1/separable_conv2d,CPU,394.0,383.3,0.9728426395939087
cell_5/comb_iter_0/left/separable_5x5_2/separable_conv2d/depthwise,CPU,410.4,338.8,0.8255360623781677
cell_5/comb_iter_4/left/separable_3x3_2/separable_conv2d/depthwise,OpenCL,968.0,1068.8,1.1041322314049586
cell_4/comb_iter_1/left/separable_7x7_2/separable_conv2d/depthwise,OpenCL,1559.2222222222222,1090.6,0.6994512933798902
cell_4/comb_iter_2/left/separable_5x5_2/separable_conv2d/depthwise,CPU,406.7,345.9,0.8505040570445045
cell_4/comb_iter_2/right/separable_3x3_2/separable_conv2d/depthwise,CPU,129.55555555555554,117.5,0.9069468267581476
cell_5/comb_iter_0/left/separable_5x5_2/separable_conv2d,CPU,392.2,380.6,0.9704232534421214
cell_5/comb_iter_4/left/separable_3x3_2/separable_conv2d,OpenCL,1515.5,1027.4,0.6779280765423953
cell_4/comb_iter_1/left/separable_7x7_2/separable_conv2d,OpenCL,1544.375,1044.2,0.6761311210036423
cell_4/comb_iter_2/left/separable_5x5_2/separable_conv2d,CPU,387.1,381.6,0.9857917850684578
cell_4/comb_iter_2/right/separable_3x3_2/separable_conv2d,CPU,394.8,380.2,0.9630192502532927
cell_5/comb_iter_0/left/bn_sep_5x5_2/FusedBatchNorm___tr4cell_5/comb_iter_0/combine/add,CPU,180.6,38.5,0.21317829457364343
cell_5/comb_iter_0/right/MaxPool2D/MaxPool___tr4cell_5/comb_iter_0/combine/add,CPU,188.55555555555554,196.0,1.0394814378314674
cell_5/comb_iter_0/combine/add,CPU,37.1,39.7,1.0700808625336928
cell_4/comb_iter_1/left/bn_sep_7x7_2/FusedBatchNorm___tr4cell_4/comb_iter_1/combine/add,OpenCL,407.7142857142857,261.6,0.641625788367204
cell_4/comb_iter_1/right/MaxPool2D/MaxPool___tr4cell_4/comb_iter_1/combine/add,OpenCL,503.25,280.7,0.5577744659711873
cell_4/comb_iter_1/combine/add,OpenCL,421.22222222222223,594.4,1.4111316275389079
cell_4/comb_iter_2/combine/add,CPU,50.77777777777778,23.5,0.462800875273523
cell_4/comb_iter_3/left/Relu,CPU,29.77777777777778,57.5,1.9309701492537312
cell_4/comb_iter_3/left/separable_3x3_1/separable_conv2d/depthwise,CPU,122.8,129.4,1.0537459283387622
cell_4/comb_iter_3/left/separable_3x3_1/separable_conv2d,CPU,384.0,386.9,1.0075520833333333
cell_4/comb_iter_3/left/separable_3x3_2/separable_conv2d/depthwise,CPU,116.8,113.6,0.9726027397260274
cell_4/comb_iter_3/left/separable_3x3_2/separable_conv2d,CPU,386.6,380.3,0.9837040869115364
cell_4/comb_iter_3/left/bn_sep_3x3_2/FusedBatchNorm___tr4cell_4/comb_iter_3/combine/add,CPU,39.1,36.7,0.9386189258312021
cell_4/comb_iter_3/right/MaxPool2D/MaxPool___tr4cell_4/comb_iter_3/combine/add,CPU,188.1,185.1,0.9840510366826156
cell_4/comb_iter_3/combine/add,CPU,32.44444444444444,26.8,0.8260273972602741
cell_4/comb_iter_2/combine/add___tr4cell_4/cell_output/concat,CPU,155.4,38.8,0.24967824967824964
cell_4/cell_output/concat,CPU,281.4,285.4,1.0142146410803128
cell_5/Relu_1,CPU,167.33333333333334,203.0,1.2131474103585658
cell_6/Relu,OpenCL,1219.2222222222222,889.6,0.7296454934840062
cell_5/Relu_1___tr4cell_5/1x1/Conv2D,CPU,268.0,272.4,1.016417910447761
cell_5/1x1/Conv2D,CPU,2120.0,2150.0,1.0141509433962264
cell_6/Relu___tr4cell_6/prev_1x1/Conv2D,OpenCL,1335.1,832.0,0.6231742940603701
cell_6/prev_1x1/Conv2D,OpenCL,4404.3,4006.1,0.9095883568330949
cell_5/split,CPU,55.6,27.4,0.49280575539568344
cell_6/comb_iter_0/left/Relu,OpenCL,473.1111111111111,1128.8,2.3859088774072337
cell_6/comb_iter_0/right/MaxPool2D/MaxPool,OpenCL,494.44444444444446,1014.1,2.050988764044944
cell_6/comb_iter_4/left/Relu,CPU,46.7,88.8,1.9014989293361884
cell_5/comb_iter_1/left/Relu,CPU,45.22222222222222,23.5,0.5196560196560197
cell_5/comb_iter_1/right/MaxPool2D/MaxPool,CPU,170.7,179.1,1.0492091388400704
cell_5/comb_iter_2/left/Relu,CPU,23.8,47.9,2.0126050420168067
cell_5/comb_iter_2/right/Relu,CPU,23.6,35.4,1.4999999999999998
cell_5/comb_iter_3/right/MaxPool2D/MaxPool,CPU,161.5,192.5,1.1919504643962848
cell_5/comb_iter_4/left/bn_sep_3x3_2/FusedBatchNorm___tr4cell_5/comb_iter_4/combine/add,OpenCL,381.42857142857144,413.5,1.0840823970037452
cell_5/split___tr4cell_5/comb_iter_4/combine/add,CPU,37.8,101.8,2.693121693121693
cell_5/comb_iter_4/combine/add,OpenCL,374.7142857142857,685.7,1.8299275638581778
cell_6/comb_iter_0/left/separable_5x5_1/separable_conv2d/depthwise,OpenCL,1482.5555555555557,1894.0,1.2775237952484448
cell_6/comb_iter_4/left/separable_3x3_1/separable_conv2d/depthwise,CPU,206.2,223.5,1.0838991270611058
cell_5/comb_iter_1/left/separable_7x7_1/separable_conv2d/depthwise,CPU,628.8,588.1,0.9352735368956744
cell_5/comb_iter_2/left/separable_5x5_1/separable_conv2d/depthwise,CPU,399.8,350.8,0.8774387193596799
cell_5/comb_iter_2/right/separable_3x3_1/separable_conv2d/depthwise,CPU,133.1,131.4,0.9872276483846733
cell_6/comb_iter_0/left/separable_5x5_1/separable_conv2d,OpenCL,1583.8,1175.4,0.7421391589847204
cell_6/comb_iter_4/left/separable_3x3_1/separable_conv2d,CPU,468.5,446.4,0.9528281750266808
cell_5/comb_iter_1/left/separable_7x7_1/separable_conv2d,CPU,401.4,396.8,0.9885401096163429
cell_5/comb_iter_2/left/separable_5x5_1/separable_conv2d,CPU,392.5,384.1,0.9785987261146497
cell_5/comb_iter_2/right/separable_3x3_1/separable_conv2d,CPU,394.9,386.2,0.9779691061028108
cell_6/comb_iter_0/left/separable_5x5_2/separable_conv2d/depthwise,OpenCL,1346.8,1400.4,1.03979803979804
cell_6/comb_iter_4/left/separable_3x3_2/separable_conv2d/depthwise,CPU,95.0,84.3,0.8873684210526316
cell_5/comb_iter_1/left/separable_7x7_2/separable_conv2d/depthwise,CPU,628.8,578.9,0.9206424936386769
cell_5/comb_iter_2/left/separable_5x5_2/separable_conv2d/depthwise,CPU,391.8,349.9,0.8930576824910668
cell_5/comb_iter_2/right/separable_3x3_2/separable_conv2d/depthwise,CPU,124.3,122.0,0.9814963797264682
cell_6/comb_iter_0/left/separable_5x5_2/separable_conv2d,OpenCL,1505.3,1169.5,0.7769215438782967
cell_6/comb_iter_4/left/separable_3x3_2/separable_conv2d,CPU,456.44444444444446,452.6,0.9915774099318403
cell_5/comb_iter_1/left/separable_7x7_2/separable_conv2d,CPU,395.4,383.7,0.9704097116843703
cell_5/comb_iter_2/left/separable_5x5_2/separable_conv2d,CPU,390.3,392.8,1.0064053292339226
cell_5/comb_iter_2/right/separable_3x3_2/separable_conv2d,CPU,390.0,387.9,0.9946153846153846
cell_6/comb_iter_0/left/bn_sep_5x5_2/FusedBatchNorm___tr4cell_6/comb_iter_0/combine/add,OpenCL,395.75,408.2,1.0314592545799115
cell_6/comb_iter_0/right/MaxPool2D/MaxPool___tr4cell_6/comb_iter_0/combine/add,OpenCL,491.44444444444446,380.5,0.7742482477956139
cell_6/comb_iter_0/combine/add,OpenCL,376.0,372.1,0.9896276595744682
cell_5/comb_iter_1/left/bn_sep_7x7_2/FusedBatchNorm___tr4cell_5/comb_iter_1/combine/add,CPU,164.2,37.9,0.23081607795371498
cell_5/comb_iter_1/right/MaxPool2D/MaxPool___tr4cell_5/comb_iter_1/combine/add,CPU,185.11111111111111,198.9,1.0744897959183675
cell_5/comb_iter_1/combine/add,CPU,31.625,38.9,1.2300395256916996
cell_5/comb_iter_2/combine/add,CPU,54.25,28.0,0.5161290322580645
cell_5/comb_iter_3/left/Relu,CPU,40.9,29.9,0.7310513447432763
cell_5/comb_iter_3/left/separable_3x3_1/separable_conv2d/depthwise,CPU,131.0,119.8,0.9145038167938931
cell_5/comb_iter_3/left/separable_3x3_1/separable_conv2d,CPU,383.3333333333333,381.7,0.9957391304347827
cell_5/comb_iter_3/left/separable_3x3_2/separable_conv2d/depthwise,CPU,115.3,113.0,0.9800520381613184
cell_5/comb_iter_3/left/separable_3x3_2/separable_conv2d,CPU,388.5,433.4,1.1155727155727155
cell_5/comb_iter_3/left/bn_sep_3x3_2/FusedBatchNorm___tr4cell_5/comb_iter_3/combine/add,CPU,37.9,35.9,0.9472295514511874
cell_5/comb_iter_3/right/MaxPool2D/MaxPool___tr4cell_5/comb_iter_3/combine/add,CPU,197.8,156.8,0.7927199191102123
cell_5/comb_iter_3/combine/add,CPU,27.2,23.1,0.849264705882353
cell_5/comb_iter_2/combine/add___tr4cell_5/cell_output/concat,CPU,179.4,101.7,0.5668896321070234
cell_5/cell_output/concat,CPU,234.55555555555554,290.8,1.239791567977262
cell_6/Relu_1,CPU,161.2,191.0,1.184863523573201
cell_7/Relu,CPU,147.5,261.6,1.7735593220338985
cell_6/Relu_1___tr4cell_6/1x1/Conv2D,CPU,257.4,282.0,1.0955710955710958
cell_6/1x1/Conv2D,CPU,4659.1,4690.2,1.0066751089266166
cell_7/Relu___tr4cell_7/AvgPool,CPU,331.0,377.8,1.1413897280966767
cell_7/AvgPool,CPU,150.44444444444446,230.9,1.5347858197932052
cell_7/Pad,CPU,316.4,299.7,0.9472187104930468
cell_7/path1_conv/Conv2D,CPU,735.5,714.3,0.9711760707002038
cell_7/strided_slice,CPU,284.8,328.8,1.154494382022472
cell_6/split,CPU,79.8,57.2,0.7167919799498748
cell_7/strided_slice___tr4cell_7/AvgPool_1,CPU,329.375,412.0,1.250853889943074
cell_7/AvgPool_1,CPU,157.33333333333334,182.8,1.161864406779661
cell_6/comb_iter_1/left/Relu,CPU,101.44444444444444,107.1,1.055750273822563
cell_6/comb_iter_1/right/MaxPool2D/MaxPool,CPU,138.0,126.8,0.9188405797101449
cell_6/comb_iter_2/left/Relu,CPU,46.9,85.7,1.8272921108742006
cell_6/comb_iter_2/right/Relu,CPU,46.22222222222222,50.0,1.0817307692307692
cell_6/comb_iter_3/right/MaxPool2D/MaxPool,CPU,95.5,130.1,1.362303664921466
cell_6/comb_iter_4/right/Relu,CPU,45.9,99.7,2.1721132897603486
cell_7/path2_conv/Conv2D,CPU,723.0,709.2,0.9809128630705395
cell_6/comb_iter_1/left/separable_7x7_1/separable_conv2d/depthwise,CPU,506.4,451.5,0.8915876777251185
cell_6/comb_iter_2/left/separable_5x5_1/separable_conv2d/depthwise,CPU,353.6,317.7,0.898472850678733
cell_6/comb_iter_2/right/separable_3x3_1/separable_conv2d/depthwise,CPU,212.9,210.7,0.9896665100986378
cell_6/comb_iter_4/right/1x1/Conv2D,CPU,520.1,535.8,1.0301865025956545
cell_7/concat,CPU,36.0,16.8,0.4666666666666667
cell_6/comb_iter_1/left/separable_7x7_1/separable_conv2d,CPU,448.2,430.9,0.9614011601963409
cell_6/comb_iter_2/left/separable_5x5_1/separable_conv2d,CPU,451.7,432.5,0.9574939118884216
cell_6/comb_iter_2/right/separable_3x3_1/separable_conv2d,CPU,453.1,448.1,0.9889649084087397
cell_7/final_path_bn/FusedBatchNorm,CPU,24.9,21.6,0.8674698795180724
cell_6/comb_iter_4/combine/add,CPU,39.5,34.7,0.8784810126582279
cell_7/comb_iter_0/left/Relu,CPU,16.8,12.7,0.7559523809523809
cell_7/comb_iter_0/right/MaxPool2D/MaxPool,CPU,106.1,112.2,1.057492931196984
cell_7/comb_iter_4/left/Relu,CPU,12.8,25.2,1.9687499999999998
cell_7/comb_iter_0/left/separable_5x5_1/separable_conv2d/depthwise,CPU,217.5,220.8,1.0151724137931035
cell_7/comb_iter_4/left/separable_3x3_1/separable_conv2d/depthwise,CPU,88.5,97.1,1.0971751412429378
cell_6/comb_iter_1/left/separable_7x7_2/separable_conv2d/depthwise,CPU,307.2,298.1,0.9703776041666667
cell_6/comb_iter_2/left/separable_5x5_2/separable_conv2d/depthwise,CPU,222.4,228.1,1.0256294964028776
cell_6/comb_iter_2/right/separable_3x3_2/separable_conv2d/depthwise,CPU,88.2,84.5,0.9580498866213152
cell_7/comb_iter_0/left/separable_5x5_1/separable_conv2d,CPU,427.1111111111111,424.3,0.9934183142559835
cell_7/comb_iter_4/left/separable_3x3_1/separable_conv2d,CPU,435.3,429.3,0.9862164024810476
cell_6/comb_iter_1/left/separable_7x7_2/separable_conv2d,CPU,447.8,420.6,0.9392585975882091
cell_6/comb_iter_2/left/separable_5x5_2/separable_conv2d,CPU,451.9,421.3,0.9322859039610534
cell_6/comb_iter_2/right/separable_3x3_2/separable_conv2d,CPU,462.4,437.1,0.9452854671280277
cell_6/comb_iter_1/left/bn_sep_7x7_2/FusedBatchNorm___tr4cell_6/comb_iter_1/combine/add,CPU,88.9,18.7,0.2103487064116985
cell_6/comb_iter_1/right/MaxPool2D/MaxPool___tr4cell_6/comb_iter_1/combine/add,CPU,91.0,94.5,1.0384615384615385
cell_6/comb_iter_1/combine/add,CPU,27.1,27.3,1.007380073800738
cell_6/comb_iter_2/combine/add,CPU,19.4,23.3,1.2010309278350517
cell_7/comb_iter_0/left/separable_5x5_2/separable_conv2d/depthwise,CPU,225.4,212.8,0.9440993788819876
cell_7/comb_iter_4/left/separable_3x3_2/separable_conv2d/depthwise,CPU,94.2,83.7,0.8885350318471338
cell_6/comb_iter_3/left/Relu,CPU,14.9,20.1,1.3489932885906042
cell_7/comb_iter_0/left/separable_5x5_2/separable_conv2d,CPU,425.4,437.2,1.0277385989656793
cell_7/comb_iter_4/left/separable_3x3_2/separable_conv2d,CPU,452.2,436.6,0.9655019902697922
cell_6/comb_iter_3/left/separable_3x3_1/separable_conv2d/depthwise,CPU,99.1,84.3,0.8506559031281534
cell_6/comb_iter_3/left/separable_3x3_1/separable_conv2d,CPU,451.2,426.4,0.9450354609929078
cell_7/comb_iter_0/left/bn_sep_5x5_2/FusedBatchNorm___tr4cell_7/comb_iter_0/combine/add,CPU,89.0,18.6,0.20898876404494385
cell_7/comb_iter_0/right/MaxPool2D/MaxPool___tr4cell_7/comb_iter_0/combine/add,CPU,97.4,98.8,1.0143737166324434
cell_7/comb_iter_0/combine/add,CPU,24.3,29.1,1.1975308641975309
cell_6/comb_iter_3/left/separable_3x3_2/separable_conv2d/depthwise,CPU,82.0,81.7,0.9963414634146341
cell_6/comb_iter_3/left/separable_3x3_2/separable_conv2d,CPU,421.0,426.5,1.013064133016627
cell_6/comb_iter_3/left/bn_sep_3x3_2/FusedBatchNorm___tr4cell_6/comb_iter_3/combine/add,CPU,17.2,16.3,0.9476744186046513
cell_6/comb_iter_3/right/MaxPool2D/MaxPool___tr4cell_6/comb_iter_3/combine/add,CPU,98.3,88.7,0.9023397761953205
cell_6/comb_iter_3/combine/add,CPU,22.375,24.4,1.0905027932960893
cell_6/comb_iter_2/combine/add___tr4cell_6/cell_output/concat,CPU,97.1,21.0,0.21627188465499486
cell_6/comb_iter_4/combine/add___tr4cell_6/cell_output/concat,CPU,91.66666666666667,18.1,0.19745454545454547
cell_6/cell_output/concat,CPU,102.9,106.8,1.0379008746355685
cell_7/Relu_1,CPU,67.7,66.1,0.9763663220088625
cell_8/Relu,OpenCL,1076.875,866.9,0.8050145095763204
cell_7/Relu_1___tr4cell_7/1x1/Conv2D,CPU,100.625,157.7,1.5672049689440992
cell_7/1x1/Conv2D,CPU,3097.3,3362.0,1.0854615310108804
cell_8/Relu___tr4cell_8/prev_1x1/Conv2D,OpenCL,1165.25,891.8,0.7653293284702853
cell_8/prev_1x1/Conv2D,OpenCL,3072.6,2683.6,0.8733971229577556
cell_7/split,CPU,22.3,13.8,0.6188340807174888
cell_8/comb_iter_0/left/Relu,CPU,16.0,27.3,1.70625
cell_8/comb_iter_0/right/MaxPool2D/MaxPool,CPU,113.9,126.9,1.1141352063213346
cell_8/comb_iter_4/left/Relu,OpenCL,488.875,576.8,1.1798517003323956
cell_7/comb_iter_1/left/Relu,OpenCL,346.22222222222223,262.4,0.7578947368421052
cell_7/comb_iter_1/right/MaxPool2D/MaxPool,OpenCL,513.8571428571429,513.4,0.9991103697525715
cell_7/comb_iter_2/left/Relu,CPU,13.0,13.9,1.0692307692307692
cell_7/comb_iter_2/right/Relu,CPU,13.1,12.4,0.9465648854961832
cell_7/comb_iter_3/right/MaxPool2D/MaxPool,CPU,97.8,110.1,1.1257668711656441
cell_7/comb_iter_4/left/bn_sep_3x3_2/FusedBatchNorm___tr4cell_7/comb_iter_4/combine/add,CPU,98.0,17.7,0.18061224489795918
cell_7/split___tr4cell_7/comb_iter_4/combine/add,CPU,15.4,89.9,5.837662337662338
cell_7/comb_iter_4/combine/add,CPU,22.22222222222222,25.1,1.1295000000000002
cell_8/comb_iter_0/left/separable_5x5_1/separable_conv2d/depthwise,CPU,218.0,221.6,1.0165137614678899
cell_8/comb_iter_4/left/separable_3x3_1/separable_conv2d/depthwise,OpenCL,890.2857142857143,1113.8,1.2510590500641847
cell_7/comb_iter_1/left/separable_7x7_1/separable_conv2d/depthwise,OpenCL,1479.8,1088.9,0.7358426814434383
cell_7/comb_iter_2/left/separable_5x5_1/separable_conv2d/depthwise,CPU,225.55555555555554,237.7,1.0538423645320196
cell_7/comb_iter_2/right/separable_3x3_1/separable_conv2d/depthwise,CPU,86.8,93.8,1.0806451612903225
cell_8/comb_iter_0/left/separable_5x5_1/separable_conv2d,CPU,436.7,440.8,1.0093885962903595
cell_8/comb_iter_4/left/separable_3x3_1/separable_conv2d,OpenCL,1446.888888888889,1258.0,0.8694516971279374
cell_7/comb_iter_1/left/separable_7x7_1/separable_conv2d,OpenCL,1468.3,1088.4,0.7412654089763673
cell_7/comb_iter_2/left/separable_5x5_1/separable_conv2d,CPU,464.4,441.9,0.9515503875968992
cell_7/comb_iter_2/right/separable_3x3_1/separable_conv2d,CPU,471.5,465.6,0.9874867444326617
cell_8/comb_iter_0/left/separable_5x5_2/separable_conv2d/depthwise,CPU,237.5,211.2,0.8892631578947368
cell_8/comb_iter_4/left/separable_3x3_2/separable_conv2d/depthwise,OpenCL,1073.111111111111,857.2,0.7987989231724996
cell_7/comb_iter_1/left/separable_7x7_2/separable_conv2d/depthwise,OpenCL,1383.6666666666667,1024.2,0.7402071789930137
cell_7/comb_iter_2/left/separable_5x5_2/separable_conv2d/depthwise,CPU,228.1,224.5,0.9842174484875055
cell_7/comb_iter_2/right/separable_3x3_2/separable_conv2d/depthwise,CPU,84.5,83.4,0.9869822485207101
cell_8/comb_iter_0/left/separable_5x5_2/separable_conv2d,CPU,428.7,453.9,1.058782365290413
cell_8/comb_iter_4/left/separable_3x3_2/separable_conv2d,OpenCL,1455.4,1067.0,0.7331317850762676
cell_7/comb_iter_1/left/separable_7x7_2/separable_conv2d,OpenCL,1524.0,1060.4,0.6958005249343833
cell_7/comb_iter_2/left/separable_5x5_2/separable_conv2d,CPU,455.5,452.5,0.9934138309549945
cell_7/comb_iter_2/right/separable_3x3_2/separable_conv2d,CPU,459.6,456.6,0.9934725848563969
cell_8/comb_iter_0/left/bn_sep_5x5_2/FusedBatchNorm___tr4cell_8/comb_iter_0/combine/add,CPU,101.7,17.9,0.176007866273353
cell_8/comb_iter_0/right/MaxPool2D/MaxPool___tr4cell_8/comb_iter_0/combine/add,CPU,92.6,86.2,0.9308855291576674
cell_8/comb_iter_0/combine/add,CPU,27.4,23.3,0.8503649635036497
cell_7/comb_iter_1/left/bn_sep_7x7_2/FusedBatchNorm___tr4cell_7/comb_iter_1/combine/add,OpenCL,482.3333333333333,316.6,0.6563925362819627
cell_7/comb_iter_1/right/MaxPool2D/MaxPool___tr4cell_7/comb_iter_1/combine/add,OpenCL,471.25,332.1,0.7047214854111407
cell_7/comb_iter_1/combine/add,OpenCL,463.22222222222223,469.5,1.013552410650036
cell_7/comb_iter_2/combine/add,CPU,23.22222222222222,21.7,0.9344497607655502
cell_7/comb_iter_3/left/Relu,CPU,13.9,12.7,0.9136690647482013
cell_7/comb_iter_3/left/separable_3x3_1/separable_conv2d/depthwise,CPU,85.6,91.2,1.0654205607476637
cell_7/comb_iter_3/left/separable_3x3_1/separable_conv2d,CPU,418.8,453.1,1.0819006685768864
cell_7/comb_iter_3/left/separable_3x3_2/separable_conv2d/depthwise,CPU,81.5,82.3,1.0098159509202453
cell_7/comb_iter_3/left/separable_3x3_2/separable_conv2d,CPU,425.8,449.8,1.0563644903710663
cell_7/comb_iter_3/left/bn_sep_3x3_2/FusedBatchNorm___tr4cell_7/comb_iter_3/combine/add,CPU,17.5,16.7,0.9542857142857143
cell_7/comb_iter_3/right/MaxPool2D/MaxPool___tr4cell_7/comb_iter_3/combine/add,CPU,91.4,88.7,0.9704595185995624
cell_7/comb_iter_3/combine/add,CPU,19.88888888888889,23.1,1.1614525139664804
cell_7/comb_iter_2/combine/add___tr4cell_7/cell_output/concat,CPU,76.88888888888889,17.2,0.22369942196531792
cell_7/cell_output/concat,CPU,104.3,111.1,1.0651965484180248
cell_8/Relu_1,CPU,66.0,71.1,1.0772727272727272
cell_8/Relu_1___tr4cell_8/1x1/Conv2D,CPU,99.55555555555556,112.9,1.1340401785714287
cell_8/1x1/Conv2D,CPU,3110.2,3245.3,1.0434377210468782
cell_8/split,CPU,13.125,13.4,1.020952380952381
cell_8/comb_iter_1/left/Relu,CPU,20.3,12.4,0.6108374384236454
cell_8/comb_iter_1/right/MaxPool2D/MaxPool,CPU,113.6,118.1,1.039612676056338
cell_8/comb_iter_2/left/Relu,CPU,13.0,20.2,1.5538461538461539
cell_8/comb_iter_2/right/Relu,CPU,13.2,12.9,0.9772727272727274
cell_8/comb_iter_3/right/MaxPool2D/MaxPool,CPU,98.7,105.7,1.070921985815603
cell_8/comb_iter_4/left/bn_sep_3x3_2/FusedBatchNorm___tr4cell_8/comb_iter_4/combine/add,OpenCL,393.2857142857143,264.8,0.6733018525245188
cell_8/split___tr4cell_8/comb_iter_4/combine/add,CPU,15.0,84.7,5.6466666666666665
cell_8/comb_iter_4/combine/add,OpenCL,411.55555555555554,482.4,1.1721382289416846
cell_8/comb_iter_1/left/separable_7x7_1/separable_conv2d/depthwise,CPU,305.5,296.6,0.9708674304418986
cell_8/comb_iter_2/left/separable_5x5_1/separable_conv2d/depthwise,CPU,224.9,212.3,0.9439751000444643
cell_8/comb_iter_2/right/separable_3x3_1/separable_conv2d/depthwise,CPU,88.66666666666667,91.6,1.0330827067669173
cell_8/comb_iter_1/left/separable_7x7_1/separable_conv2d,CPU,436.44444444444446,442.6,1.0141038696537679
cell_8/comb_iter_2/left/separable_5x5_1/separable_conv2d,CPU,442.22222222222223,443.5,1.002889447236181
cell_8/comb_iter_2/right/separable_3x3_1/separable_conv2d,CPU,469.2,463.6,0.9880647911338449
cell_8/comb_iter_1/left/separable_7x7_2/separable_conv2d/depthwise,CPU,312.9,294.7,0.941834451901566
cell_8/comb_iter_2/left/separable_5x5_2/separable_conv2d/depthwise,CPU,223.4,224.8,1.0062667860340198
cell_8/comb_iter_2/right/separable_3x3_2/separable_conv2d/depthwise,CPU,88.5,83.4,0.9423728813559322
cell_8/comb_iter_1/left/separable_7x7_2/separable_conv2d,CPU,419.7,463.0,1.1031689301882297
cell_8/comb_iter_2/left/separable_5x5_2/separable_conv2d,CPU,432.1,444.7,1.0291599166859522
cell_8/comb_iter_2/right/separable_3x3_2/separable_conv2d,CPU,456.5,441.8,0.9677984665936473
cell_8/comb_iter_1/left/bn_sep_7x7_2/FusedBatchNorm___tr4cell_8/comb_iter_1/combine/add,CPU,94.2,17.4,0.18471337579617833
cell_8/comb_iter_1/right/MaxPool2D/MaxPool___tr4cell_8/comb_iter_1/combine/add,CPU,92.44444444444444,99.8,1.0795673076923076
cell_8/comb_iter_1/combine/add,CPU,27.444444444444443,26.3,0.9582995951417005
cell_8/comb_iter_2/combine/add,CPU,18.77777777777778,22.0,1.1715976331360947
cell_8/comb_iter_3/left/Relu,CPU,14.0,12.3,0.8785714285714287
cell_8/comb_iter_3/left/separable_3x3_1/separable_conv2d/depthwise,CPU,86.2,91.4,1.060324825986079
cell_8/comb_iter_3/left/separable_3x3_1/separable_conv2d,CPU,427.0,427.8,1.001873536299766
cell_8/comb_iter_3/left/separable_3x3_2/separable_conv2d/depthwise,CPU,85.0,81.8,0.9623529411764705
cell_8/comb_iter_3/left/separable_3x3_2/separable_conv2d,CPU,446.6,438.0,0.980743394536498
cell_8/comb_iter_3/left/bn_sep_3x3_2/FusedBatchNorm___tr4cell_8/comb_iter_3/combine/add,CPU,17.444444444444443,16.3,0.9343949044585989
cell_8/comb_iter_3/right/MaxPool2D/MaxPool___tr4cell_8/comb_iter_3/combine/add,CPU,94.9,87.7,0.9241306638566912
cell_8/comb_iter_3/combine/add,CPU,23.22222222222222,20.7,0.8913875598086124
cell_8/comb_iter_2/combine/add___tr4cell_8/cell_output/concat,CPU,87.4,17.1,0.1956521739130435
cell_8/cell_output/concat,CPU,109.3,94.7,0.8664226898444648
final_layer/Relu,CPU,71.4,62.8,0.8795518207282912
final_layer/Mean,CPU,580.0,586.7,1.011551724137931
final_layer/FC/MatMul,CPU,6054.333333333333,6053.2,0.9998128062544734
final_layer/FC/BiasAdd,CPU,34.8,34.8,1.0
final_layer/predictions,CPU,22.0,20.0,0.9090909090909091
