cell_stem_1/Pad/paddings,CPU,1.0,0.2,0.2
cell_stem_1/strided_slice/stack,CPU,0.9,0.3,0.3333333333333333
cell_stem_1/strided_slice/stack_1,CPU,0.0,0.3,0
cell_stem_1/strided_slice/stack_2,CPU,0.9,0.3,0.3333333333333333
cell_0/Pad/paddings,CPU,0.0,0.0,0
cell_0/strided_slice/stack,CPU,0.0,0.2,0
cell_0/strided_slice/stack_1,CPU,0.0,0.2,0
cell_0/strided_slice/stack_2,CPU,0.0,0.1,0
cell_4/Pad/paddings,CPU,0.0,0.4,0
cell_4/strided_slice/stack,CPU,0.0,0.0,0
cell_4/strided_slice/stack_1,CPU,1.0,0.6,0.6
cell_4/strided_slice/stack_2,CPU,0.9,0.2,0.22222222222222224
cell_7/Pad/paddings,CPU,0.0,0.2,0
cell_7/strided_slice/stack,CPU,0.0,0.1,0
cell_7/strided_slice/stack_1,CPU,0.0,0.2,0
cell_7/strided_slice/stack_2,CPU,0.0,0.5,0
final_layer/FC/weights,CPU,0.0,0.4,0
final_layer/FC/biases,CPU,0.0,0.3,0
conv0/Conv2D,CPU,6248.0,7055.9,1.1293053777208706
cell_stem_0/Relu,OpenCL,1126.6666666666667,1478.5,1.3122781065088756
cell_stem_0/comb_iter_0/left/Relu,OpenCL,1120.3333333333333,1253.9,1.1192204700981851
cell_stem_0/comb_iter_0/right/MaxPool2D/MaxPool,OpenCL,1276.7,1196.7,0.9373384506931934
cell_stem_0/comb_iter_4/left/Relu,CPU,688.3333333333334,801.4,1.1642615012106536
cell_stem_1/Relu,CPU,667.2222222222222,1217.7,1.8250291423813492
cell_stem_0/1x1/Conv2D,OpenCL,2099.7,1972.5,0.9394199171310188
cell_stem_0/comb_iter_0/left/separable_5x5_1/separable_conv2d/depthwise,OpenCL,2504.3,2249.8,0.8983747953519946
cell_stem_0/comb_iter_0/right/1x1/Conv2D,OpenCL,1029.0,1333.3,1.295724003887269
cell_stem_0/comb_iter_4/left/separable_3x3_1/separable_conv2d/depthwise,CPU,1669.7,1754.3,1.0506677846319699
cell_stem_1/AvgPool,CPU,690.5,725.8,1.051122375090514
cell_stem_1/Pad_Gather_Index,CPU,0.9,0.2,0.22222222222222224
cell_stem_1/Pad_Gather,CPU,0.0,0.2,0
cell_stem_1/Pad,CPU,1078.0,2321.7,2.1537105751391463
cell_stem_0/comb_iter_0/left/separable_5x5_1/separable_conv2d,OpenCL,1354.111111111111,1183.0,0.8736358414704193
cell_stem_0/comb_iter_4/left/separable_3x3_1/separable_conv2d,CPU,865.3,866.3,1.0011556685542586
cell_stem_1/path1_conv/Conv2D,CPU,900.6,943.0,1.0470797246280257
cell_stem_1/Pad___tr4cell_stem_1/strided_slice,CPU,3775.4444444444443,4643.2,1.2298419612113365
cell_stem_1/strided_slice,CPU,1268.1,1531.2,1.2074757511237286
cell_stem_0/split,OpenCL,1319.7,1208.7,0.9158899749943169
cell_stem_1/strided_slice___tr4cell_stem_1/AvgPool_1,CPU,1178.7,1335.5,1.133027912106558
cell_stem_1/AvgPool_1,CPU,654.5,736.6,1.1254392666157373
cell_stem_0/comb_iter_1/left/Relu,OpenCL,813.1428571428571,949.6,1.167814476458187
cell_stem_0/comb_iter_1/right/MaxPool2D/MaxPool,OpenCL,926.625,804.7,0.8684203426413059
cell_stem_0/comb_iter_2/left/Relu,CPU,242.77777777777777,342.1,1.4091075514874143
cell_stem_0/comb_iter_2/right/Relu,CPU,210.44444444444446,352.2,1.6736008447729671
cell_stem_0/comb_iter_3/right/MaxPool2D/MaxPool,CPU,574.375,914.3,1.5918171926006528
cell_stem_0/comb_iter_4/right/Relu,CPU,215.55555555555554,315.7,1.4645876288659794
cell_stem_1/path2_conv/Conv2D,CPU,903.0,900.7,0.9974529346622371
cell_stem_0/comb_iter_1/left/separable_7x7_1/separable_conv2d/depthwise,OpenCL,2387.3,2147.0,0.8993423532861391
cell_stem_0/comb_iter_2/left/separable_5x5_1/separable_conv2d/depthwise,CPU,1488.9,1686.0,1.1323796091073945
cell_stem_0/comb_iter_2/right/separable_3x3_1/separable_conv2d/depthwise,CPU,874.2222222222222,892.7,1.0211362480935435
cell_stem_0/comb_iter_4/right/1x1/Conv2D,CPU,782.6,804.7,1.0282392026578073
cell_stem_0/comb_iter_0/left/separable_5x5_2/separable_conv2d/depthwise,OpenCL,1150.3333333333333,1200.7,1.0437844103158507
cell_stem_0/comb_iter_4/left/separable_3x3_2/separable_conv2d/depthwise,CPU,413.3,424.2,1.0263730946044036
cell_stem_1/concat,CPU,409.9,512.2,1.2495730666016103
cell_stem_0/comb_iter_1/left/separable_7x7_1/separable_conv2d,OpenCL,906.75,1090.6,1.202757099531293
cell_stem_0/comb_iter_2/left/separable_5x5_1/separable_conv2d,CPU,462.4,522.3,1.1295415224913494
cell_stem_0/comb_iter_2/right/separable_3x3_1/separable_conv2d,CPU,466.5,565.0,1.2111468381564845
cell_stem_0/comb_iter_0/left/separable_5x5_2/separable_conv2d,OpenCL,844.375,1738.1,2.058445595854922
cell_stem_0/comb_iter_4/left/separable_3x3_2/separable_conv2d,CPU,443.4,337.2,0.7604871447902571
cell_stem_1/final_path_bn/FusedBatchNorm,CPU,231.9,175.6,0.7572229409228115
cell_stem_1/comb_iter_0/left/Relu,CPU,169.7,180.2,1.0618738951090159
cell_stem_1/comb_iter_0/right/MaxPool2D/MaxPool,CPU,290.22222222222223,441.0,1.5195252679938744
cell_stem_1/comb_iter_4/left/Relu,CPU,83.8,186.2,2.2219570405727924
cell_stem_0/comb_iter_0/combine/add,OpenCL,512.1666666666666,1253.9,2.4482264887731864
cell_stem_0/comb_iter_4/combine/add,CPU,188.8,167.8,0.888771186440678
cell_stem_1/comb_iter_0/left/separable_5x5_1/separable_conv2d/depthwise,CPU,732.2,790.9,1.0801693526358918
cell_stem_1/comb_iter_4/left/separable_3x3_1/separable_conv2d/depthwise,CPU,454.9,610.1,1.3411738843701915
cell_stem_0/comb_iter_1/left/separable_7x7_2/separable_conv2d/depthwise,OpenCL,1445.7777777777778,1194.3,0.8260605594835536
cell_stem_0/comb_iter_2/left/separable_5x5_2/separable_conv2d/depthwise,CPU,1209.0,1310.0,1.0835401157981803
cell_stem_0/comb_iter_2/right/separable_3x3_2/separable_conv2d/depthwise,CPU,415.3,438.5,1.0558632313989886
cell_stem_1/comb_iter_0/left/separable_5x5_1/separable_conv2d,CPU,257.5,226.5,0.8796116504854369
cell_stem_1/comb_iter_4/left/separable_3x3_1/separable_conv2d,CPU,260.5,240.5,0.9232245681381958
cell_stem_0/comb_iter_1/left/separable_7x7_2/separable_conv2d,OpenCL,978.1111111111111,1036.6,1.059797796205839
cell_stem_0/comb_iter_2/left/separable_5x5_2/separable_conv2d,CPU,404.1,482.0,1.1927740658252908
cell_stem_0/comb_iter_2/right/separable_3x3_2/separable_conv2d,CPU,384.55555555555554,463.9,1.2063276509679284
cell_stem_0/comb_iter_1/left/bn_sep_7x7_2/FusedBatchNorm___tr4cell_stem_0/comb_iter_1/combine/add,OpenCL,320.7142857142857,955.2,2.9783518930957684
cell_stem_0/comb_iter_1/right/MaxPool2D/MaxPool___tr4cell_stem_0/comb_iter_1/combine/add,OpenCL,352.9,962.8,2.7282516293567585
cell_stem_0/comb_iter_1/combine/add,OpenCL,420.0,1005.3,2.3935714285714287
cell_stem_0/comb_iter_2/combine/add,CPU,120.4,127.5,1.058970099667774
cell_stem_1/comb_iter_0/left/separable_5x5_2/separable_conv2d/depthwise,CPU,549.4444444444445,508.0,0.9245702730030333
cell_stem_1/comb_iter_4/left/separable_3x3_2/separable_conv2d/depthwise,CPU,194.33333333333334,182.4,0.9385934819897084
cell_stem_0/comb_iter_3/left/Relu,CPU,113.88888888888889,119.6,1.0501463414634147
cell_stem_1/comb_iter_0/left/separable_5x5_2/separable_conv2d,CPU,206.9,205.1,0.9913001449975833
cell_stem_1/comb_iter_4/left/separable_3x3_2/separable_conv2d,CPU,198.7,244.2,1.2289884247609462
cell_stem_0/comb_iter_3/left/separable_3x3_1/separable_conv2d/depthwise,CPU,378.8,399.0,1.053326293558606
cell_stem_0/comb_iter_3/left/separable_3x3_1/separable_conv2d,CPU,314.22222222222223,371.9,1.1835572842998585
cell_stem_1/comb_iter_0/left/bn_sep_5x5_2/FusedBatchNorm___tr4cell_stem_1/comb_iter_0/combine/add,CPU,50.7,39.0,0.7692307692307692
cell_stem_1/comb_iter_0/right/MaxPool2D/MaxPool___tr4cell_stem_1/comb_iter_0/combine/add,CPU,187.1,187.2,1.0005344735435595
cell_stem_1/comb_iter_0/combine/add,CPU,31.7,33.9,1.0694006309148265
cell_stem_0/comb_iter_3/left/separable_3x3_2/separable_conv2d/depthwise,CPU,351.2,377.3,1.0743166287015946
cell_stem_0/comb_iter_3/left/separable_3x3_2/separable_conv2d,CPU,307.9,365.7,1.1877232867814227
cell_stem_0/comb_iter_3/left/bn_sep_3x3_2/FusedBatchNorm___tr4cell_stem_0/comb_iter_3/combine/add,CPU,76.9,141.8,1.8439531859557867
cell_stem_0/comb_iter_3/right/MaxPool2D/MaxPool___tr4cell_stem_0/comb_iter_3/combine/add,CPU,217.3,244.2,1.1237919926369073
cell_stem_0/comb_iter_3/combine/add,CPU,68.0,110.0,1.6176470588235294
cell_stem_0/comb_iter_1/combine/add___tr4cell_stem_0/cell_output/concat,OpenCL,305.25,973.8,3.19017199017199
cell_stem_0/comb_iter_3/combine/add___tr4cell_stem_0/cell_output/concat,CPU,104.4,123.0,1.1781609195402298
cell_stem_0/cell_output/concat,CPU,1077.1,983.8,0.9133785163865936
cell_stem_1/Relu_1,OpenCL,1101.2,1294.4,1.1754449691245914
cell_0/Relu,CPU,289.6,530.8,1.8328729281767953
cell_stem_1/1x1/Conv2D,OpenCL,1844.4,1473.2,0.7987421383647798
cell_0/AvgPool,CPU,732.7,736.5,1.0051862972567216
cell_0/Pad_Gather_Index,CPU,1.0,0.1,0.1
cell_0/Pad_Gather,CPU,0.0,0.0,0
cell_0/Pad,CPU,640.0,820.9,1.28265625
cell_0/path1_conv/Conv2D,CPU,588.2,598.0,1.0166609996599796
cell_0/Pad___tr4cell_0/strided_slice,CPU,1787.3,2115.2,1.183461086555139
cell_0/strided_slice,CPU,557.7,572.1,1.0258203335126412
cell_stem_1/split,OpenCL,1079.0,1104.8,1.0239110287303057
cell_0/strided_slice___tr4cell_0/AvgPool_1,CPU,695.5,878.9,1.2636951833213514
cell_0/AvgPool_1,CPU,517.1,729.9,1.411525817056662
cell_stem_1/comb_iter_1/left/Relu,CPU,177.4,145.9,0.822435174746336
cell_stem_1/comb_iter_1/right/MaxPool2D/MaxPool,CPU,323.7,520.6,1.6082792709298734
cell_stem_1/comb_iter_2/left/Relu,CPU,88.9,147.1,1.65466816647919
cell_stem_1/comb_iter_2/right/Relu,CPU,82.8,139.0,1.6787439613526571
cell_stem_1/comb_iter_3/right/MaxPool2D/MaxPool,CPU,247.0,506.3,2.0497975708502025
cell_stem_1/comb_iter_4/right/Relu,CPU,82.33333333333333,158.7,1.9275303643724697
cell_0/path2_conv/Conv2D,CPU,564.3,521.4,0.9239766081871346
cell_stem_1/comb_iter_1/left/separable_7x7_1/separable_conv2d/depthwise,CPU,1225.1,1244.5,1.0158354420047344
cell_stem_1/comb_iter_2/left/separable_5x5_1/separable_conv2d/depthwise,CPU,766.1,848.5,1.10755776008354
cell_stem_1/comb_iter_2/right/separable_3x3_1/separable_conv2d/depthwise,CPU,454.3,527.3,1.1606867708562623
cell_stem_1/comb_iter_4/right/1x1/Conv2D,CPU,493.1,594.6,1.2058406002839182
cell_0/concat,CPU,129.4,170.7,1.3191653786707882
cell_stem_1/comb_iter_1/left/separable_7x7_1/separable_conv2d,CPU,254.1,244.1,0.9606454151908698
cell_stem_1/comb_iter_2/left/separable_5x5_1/separable_conv2d,CPU,236.3,273.7,1.158273381294964
cell_stem_1/comb_iter_2/right/separable_3x3_1/separable_conv2d,CPU,236.66666666666666,245.0,1.0352112676056338
cell_0/final_path_bn/FusedBatchNorm,CPU,45.4,98.6,2.171806167400881
cell_stem_1/comb_iter_4/combine/add,CPU,81.0,95.7,1.1814814814814816
cell_0/comb_iter_0/left/Relu,OpenCL,339.25,1631.9,4.810316875460575
cell_0/comb_iter_0/right/MaxPool2D/MaxPool,OpenCL,635.1428571428571,762.8,1.2009896536212326
cell_0/comb_iter_4/left/Relu,OpenCL,328.625,1029.4,3.1324457968809436
cell_0/comb_iter_0/left/separable_5x5_1/separable_conv2d/depthwise,OpenCL,1151.4444444444443,1033.9,0.8979156614879863
cell_0/comb_iter_4/left/separable_3x3_1/separable_conv2d/depthwise,OpenCL,1037.2222222222222,1054.7,1.0168505623995716
cell_stem_1/comb_iter_1/left/separable_7x7_2/separable_conv2d/depthwise,CPU,1081.5,1029.7,0.9521035598705502
cell_stem_1/comb_iter_2/left/separable_5x5_2/separable_conv2d/depthwise,CPU,565.7,531.7,0.9398974721583878
cell_stem_1/comb_iter_2/right/separable_3x3_2/separable_conv2d/depthwise,CPU,187.8,194.4,1.035143769968051
cell_0/comb_iter_0/left/separable_5x5_1/separable_conv2d,OpenCL,1238.1,1140.6,0.9212503028834504
cell_0/comb_iter_4/left/separable_3x3_1/separable_conv2d,OpenCL,1215.4444444444443,1118.8,0.9204863333028613
cell_stem_1/comb_iter_1/left/separable_7x7_2/separable_conv2d,CPU,249.6,230.9,0.9250801282051282
cell_stem_1/comb_iter_2/left/separable_5x5_2/separable_conv2d,CPU,210.88888888888889,241.9,1.147049525816649
cell_stem_1/comb_iter_2/right/separable_3x3_2/separable_conv2d,CPU,227.0,228.7,1.007488986784141
cell_stem_1/comb_iter_1/left/bn_sep_7x7_2/FusedBatchNorm___tr4cell_stem_1/comb_iter_1/combine/add,CPU,49.5,50.3,1.016161616161616
cell_stem_1/comb_iter_1/right/MaxPool2D/MaxPool___tr4cell_stem_1/comb_iter_1/combine/add,CPU,210.6,188.8,0.8964862298195633
cell_stem_1/comb_iter_1/combine/add,CPU,40.1,37.2,0.9276807980049876
cell_stem_1/comb_iter_2/combine/add,CPU,38.7,37.4,0.96640826873385
cell_0/comb_iter_0/left/separable_5x5_2/separable_conv2d/depthwise,OpenCL,1151.5,1169.0,1.0151975683890577
cell_0/comb_iter_4/left/separable_3x3_2/separable_conv2d/depthwise,OpenCL,930.375,1046.6,1.1249227462044873
cell_stem_1/comb_iter_3/left/Relu,CPU,40.9,32.0,0.78239608801956
cell_0/comb_iter_0/left/separable_5x5_2/separable_conv2d,OpenCL,1156.111111111111,1191.0,1.0301777991350312
cell_0/comb_iter_4/left/separable_3x3_2/separable_conv2d,OpenCL,1201.5555555555557,1113.2,0.9264656926206769
cell_stem_1/comb_iter_3/left/separable_3x3_1/separable_conv2d/depthwise,CPU,187.1,186.8,0.9983965793693214
cell_stem_1/comb_iter_3/left/separable_3x3_1/separable_conv2d,CPU,203.8,219.2,1.0755642787046122
cell_0/comb_iter_0/left/bn_sep_5x5_2/FusedBatchNorm___tr4cell_0/comb_iter_0/combine/add,OpenCL,391.8888888888889,940.1,2.3988942444003403
cell_0/comb_iter_0/right/MaxPool2D/MaxPool___tr4cell_0/comb_iter_0/combine/add,OpenCL,345.8888888888889,1030.5,2.97928043687761
cell_0/comb_iter_0/combine/add,OpenCL,543.25,940.9,1.7319834330418775
cell_stem_1/comb_iter_3/left/separable_3x3_2/separable_conv2d/depthwise,CPU,171.44444444444446,170.3,0.9933246921581335
cell_stem_1/comb_iter_3/left/separable_3x3_2/separable_conv2d,CPU,196.66666666666666,199.1,1.0123728813559323
cell_stem_1/comb_iter_3/left/bn_sep_3x3_2/FusedBatchNorm___tr4cell_stem_1/comb_iter_3/combine/add,CPU,35.6,36.0,1.0112359550561798
cell_stem_1/comb_iter_3/right/MaxPool2D/MaxPool___tr4cell_stem_1/comb_iter_3/combine/add,CPU,189.2,175.4,0.9270613107822411
cell_stem_1/comb_iter_3/combine/add,CPU,27.4,29.8,1.0875912408759125
cell_stem_1/comb_iter_2/combine/add___tr4cell_stem_1/cell_output/concat,CPU,177.22222222222223,57.7,0.32557993730407525
cell_stem_1/comb_iter_4/combine/add___tr4cell_stem_1/cell_output/concat,CPU,189.5,203.6,1.0744063324538258
cell_stem_1/cell_output/concat,CPU,308.22222222222223,364.1,1.1812905551550108
cell_0/Relu_1,CPU,112.7,193.9,1.720496894409938
cell_1/Relu,CPU,99.33333333333333,173.6,1.7476510067114095
cell_0/Relu_1___tr4cell_0/1x1/Conv2D,CPU,214.4,374.0,1.7444029850746268
cell_0/1x1/Conv2D,CPU,1671.8,1830.5,1.0949276229214022
cell_1/Relu___tr4cell_1/prev_1x1/Conv2D,CPU,439.0,374.4,0.8528473804100227
cell_1/prev_1x1/Conv2D,CPU,1799.6,1830.2,1.0170037786174706
cell_0/split,CPU,78.66666666666667,44.5,0.5656779661016949
cell_1/comb_iter_0/left/Relu,CPU,45.1,98.1,2.1751662971175163
cell_1/comb_iter_0/right/MaxPool2D/MaxPool,CPU,500.49999999999994,560.4,1.1196803196803198
cell_1/comb_iter_4/left/Relu,CPU,41.3,68.2,1.6513317191283294
cell_0/comb_iter_1/left/Relu,OpenCL,374.7142857142857,1266.9,3.380975981700343
cell_0/comb_iter_1/right/MaxPool2D/MaxPool,OpenCL,874.75,1311.7,1.499514146899114
cell_0/comb_iter_2/left/Relu,CPU,48.2,86.2,1.788381742738589
cell_0/comb_iter_2/right/Relu,CPU,42.1,62.5,1.484560570071259
cell_0/comb_iter_3/right/MaxPool2D/MaxPool,CPU,492.7,518.4,1.0521615587578648
cell_0/comb_iter_4/left/bn_sep_3x3_2/FusedBatchNorm___tr4cell_0/comb_iter_4/combine/add,OpenCL,343.22222222222223,921.5,2.6848494658465523
cell_0/split___tr4cell_0/comb_iter_4/combine/add,CPU,82.1,467.0,5.688185140073082
cell_0/comb_iter_4/combine/add,OpenCL,583.8571428571429,1270.1,2.175360900415953
cell_1/comb_iter_0/left/separable_5x5_1/separable_conv2d/depthwise,CPU,1135.5,1263.9,1.1130779392338177
cell_1/comb_iter_4/left/separable_3x3_1/separable_conv2d/depthwise,CPU,392.0,395.2,1.0081632653061223
cell_0/comb_iter_1/left/separable_7x7_1/separable_conv2d/depthwise,OpenCL,1479.2,1223.6,0.8272038939967549
cell_0/comb_iter_2/left/separable_5x5_1/separable_conv2d/depthwise,CPU,1142.0,1156.0,1.0122591943957968
cell_0/comb_iter_2/right/separable_3x3_1/separable_conv2d/depthwise,CPU,391.0,390.7,0.99923273657289
cell_1/comb_iter_0/left/separable_5x5_1/separable_conv2d,CPU,816.5,821.0,1.005511328842621
cell_1/comb_iter_4/left/separable_3x3_1/separable_conv2d,CPU,823.6,807.4,0.9803302574065079
cell_0/comb_iter_1/left/separable_7x7_1/separable_conv2d,OpenCL,1263.7,1232.6,0.9753897285748199
cell_0/comb_iter_2/left/separable_5x5_1/separable_conv2d,CPU,827.6,830.3,1.003262445625906
cell_0/comb_iter_2/right/separable_3x3_1/separable_conv2d,CPU,815.1,832.2,1.020979020979021
cell_1/comb_iter_0/left/separable_5x5_2/separable_conv2d/depthwise,CPU,1157.3,1126.8,0.9736455543074397
cell_1/comb_iter_4/left/separable_3x3_2/separable_conv2d/depthwise,CPU,395.1,368.8,0.9334345735256897
cell_0/comb_iter_1/left/separable_7x7_2/separable_conv2d/depthwise,OpenCL,1465.8,1220.4,0.8325828898894803
cell_0/comb_iter_2/left/separable_5x5_2/separable_conv2d/depthwise,CPU,1119.3,1154.0,1.0310015188063968
cell_0/comb_iter_2/right/separable_3x3_2/separable_conv2d/depthwise,CPU,370.7,395.5,1.0669004585918533
cell_1/comb_iter_0/left/separable_5x5_2/separable_conv2d,CPU,761.6,857.9,1.1264443277310923
cell_1/comb_iter_4/left/separable_3x3_2/separable_conv2d,CPU,796.2,771.9,0.9694800301431801
cell_0/comb_iter_1/left/separable_7x7_2/separable_conv2d,OpenCL,1205.4444444444443,1240.1,1.028749193474053
cell_0/comb_iter_2/left/separable_5x5_2/separable_conv2d,CPU,788.6,822.1,1.0424803449150393
cell_0/comb_iter_2/right/separable_3x3_2/separable_conv2d,CPU,788.1,829.1,1.0520238548407563
cell_1/comb_iter_0/left/bn_sep_5x5_2/FusedBatchNorm___tr4cell_1/comb_iter_0/combine/add,CPU,311.7,137.4,0.44080846968238696
cell_1/comb_iter_0/right/MaxPool2D/MaxPool___tr4cell_1/comb_iter_0/combine/add,CPU,416.3,415.9,0.9990391544559212
cell_1/comb_iter_0/combine/add,CPU,58.7,94.4,1.6081771720613287
cell_0/comb_iter_1/left/bn_sep_7x7_2/FusedBatchNorm___tr4cell_0/comb_iter_1/combine/add,OpenCL,341.375,1155.5,3.3848407176858295
cell_0/comb_iter_1/right/MaxPool2D/MaxPool___tr4cell_0/comb_iter_1/combine/add,OpenCL,337.0,1128.5,3.3486646884273
cell_0/comb_iter_1/combine/add,OpenCL,391.42857142857144,1156.9,2.9555839416058394
cell_0/comb_iter_2/combine/add,CPU,144.44444444444446,115.1,0.7968461538461538
cell_0/comb_iter_3/left/Relu,CPU,44.1,110.1,2.496598639455782
cell_0/comb_iter_3/left/separable_3x3_1/separable_conv2d/depthwise,CPU,337.4,385.7,1.1431535269709543
cell_0/comb_iter_3/left/separable_3x3_1/separable_conv2d,CPU,722.7,770.3,1.065864120658641
cell_0/comb_iter_3/left/separable_3x3_2/separable_conv2d/depthwise,CPU,329.7,347.8,1.0548983924780104
cell_0/comb_iter_3/left/separable_3x3_2/separable_conv2d,CPU,720.6,767.7,1.065362198168193
cell_0/comb_iter_3/left/bn_sep_3x3_2/FusedBatchNorm___tr4cell_0/comb_iter_3/combine/add,CPU,82.0,134.7,1.6426829268292682
cell_0/comb_iter_3/right/MaxPool2D/MaxPool___tr4cell_0/comb_iter_3/combine/add,CPU,412.2,419.6,1.0179524502668609
cell_0/comb_iter_3/combine/add,CPU,50.1,128.3,2.560878243512974
cell_0/comb_iter_2/combine/add___tr4cell_0/cell_output/concat,CPU,88.42857142857143,338.4,3.826817447495961
cell_0/cell_output/concat,CPU,677.2,591.0,0.8727111636148848
cell_1/Relu_1,CPU,342.0,547.5,1.6008771929824561
cell_2/Relu,OpenCL,1047.0,1426.7,1.3626552053486152
cell_1/Relu_1___tr4cell_1/1x1/Conv2D,CPU,771.3333333333334,1064.8,1.3804667242869488
cell_1/1x1/Conv2D,CPU,3571.8,3724.2,1.0426675625734922
cell_2/Relu___tr4cell_2/prev_1x1/Conv2D,OpenCL,1018.9999999999999,1214.8,1.1921491658488714
cell_2/prev_1x1/Conv2D,OpenCL,2514.0,2370.2,0.9428003182179793
cell_1/split,CPU,94.8,76.6,0.8080168776371308
cell_2/comb_iter_0/left/Relu,CPU,46.8,68.6,1.4658119658119657
cell_2/comb_iter_0/right/MaxPool2D/MaxPool,CPU,504.29999999999995,591.4,1.1727146539758082
cell_2/comb_iter_4/left/Relu,CPU,42.0,70.1,1.669047619047619
cell_1/comb_iter_1/left/Relu,OpenCL,327.1111111111111,739.7,2.2613111413043483
cell_1/comb_iter_1/right/MaxPool2D/MaxPool,OpenCL,706.7142857142857,694.6,0.9828582979583587
cell_1/comb_iter_2/left/Relu,CPU,44.4,88.3,1.9887387387387387
cell_1/comb_iter_2/right/Relu,CPU,43.111111111111114,57.7,1.33840206185567
cell_1/comb_iter_3/right/MaxPool2D/MaxPool,OpenCL,682.375,1204.5,1.765158453929291
cell_1/comb_iter_4/left/bn_sep_3x3_2/FusedBatchNorm___tr4cell_1/comb_iter_4/combine/add,CPU,441.77777777777777,166.8,0.3775653923541248
cell_1/split___tr4cell_1/comb_iter_4/combine/add,CPU,85.14285714285714,397.4,4.6674496644295305
cell_1/comb_iter_4/combine/add,CPU,68.125,106.0,1.5559633027522937
cell_2/comb_iter_0/left/separable_5x5_1/separable_conv2d/depthwise,CPU,1159.8,1175.4,1.0134505949301604
cell_2/comb_iter_4/left/separable_3x3_1/separable_conv2d/depthwise,CPU,400.2,375.0,0.9370314842578711
cell_1/comb_iter_1/left/separable_7x7_1/separable_conv2d/depthwise,OpenCL,1474.8,1114.6,0.7557634933550311
cell_1/comb_iter_2/left/separable_5x5_1/separable_conv2d/depthwise,CPU,1160.4,1166.3,1.005084453636677
cell_1/comb_iter_2/right/separable_3x3_1/separable_conv2d/depthwise,CPU,394.2,395.3,1.0027904616945713
cell_2/comb_iter_0/left/separable_5x5_1/separable_conv2d,CPU,838.8,792.5,0.9448020982355747
cell_2/comb_iter_4/left/separable_3x3_1/separable_conv2d,CPU,816.7,785.1,0.9613077017264601
cell_1/comb_iter_1/left/separable_7x7_1/separable_conv2d,OpenCL,1153.375,1114.9,0.9666413785629133
cell_1/comb_iter_2/left/separable_5x5_1/separable_conv2d,CPU,809.5,824.0,1.0179122915379863
cell_1/comb_iter_2/right/separable_3x3_1/separable_conv2d,CPU,817.3,829.6,1.0150495534075616
cell_2/comb_iter_0/left/separable_5x5_2/separable_conv2d/depthwise,CPU,1125.5,1067.7,0.9486450466459352
cell_2/comb_iter_4/left/separable_3x3_2/separable_conv2d/depthwise,CPU,379.44444444444446,359.2,0.9466471449487555
cell_1/comb_iter_1/left/separable_7x7_2/separable_conv2d/depthwise,OpenCL,1453.7,1211.5,0.8333906583201486
cell_1/comb_iter_2/left/separable_5x5_2/separable_conv2d/depthwise,CPU,1107.6,1159.1,1.046496930299747
cell_1/comb_iter_2/right/separable_3x3_2/separable_conv2d/depthwise,CPU,371.4,388.2,1.0452342487883683
cell_2/comb_iter_0/left/separable_5x5_2/separable_conv2d,CPU,793.9,781.7,0.9846328252928581
cell_2/comb_iter_4/left/separable_3x3_2/separable_conv2d,CPU,825.4,775.9,0.940029076811243
cell_1/comb_iter_1/left/separable_7x7_2/separable_conv2d,OpenCL,1225.6666666666667,1243.8,1.0147946695675822
cell_1/comb_iter_2/left/separable_5x5_2/separable_conv2d,CPU,779.7,802.5,1.0292420161600615
cell_1/comb_iter_2/right/separable_3x3_2/separable_conv2d,CPU,799.0,810.0,1.0137672090112642
cell_2/comb_iter_0/left/bn_sep_5x5_2/FusedBatchNorm___tr4cell_2/comb_iter_0/combine/add,CPU,334.375,186.0,0.5562616822429907
cell_2/comb_iter_0/right/MaxPool2D/MaxPool___tr4cell_2/comb_iter_0/combine/add,CPU,449.1,436.3,0.9714985526608773
cell_2/comb_iter_0/combine/add,CPU,74.33333333333333,127.5,1.7152466367713006
cell_1/comb_iter_1/left/bn_sep_7x7_2/FusedBatchNorm___tr4cell_1/comb_iter_1/combine/add,OpenCL,315.625,1164.5,3.6895049504950497
cell_1/comb_iter_1/right/MaxPool2D/MaxPool___tr4cell_1/comb_iter_1/combine/add,OpenCL,312.42857142857144,1175.7,3.763100137174211
cell_1/comb_iter_1/combine/add,OpenCL,635.1428571428571,1170.3,1.8425775978407557
cell_1/comb_iter_2/combine/add,CPU,137.8,117.2,0.8505079825834543
cell_1/comb_iter_3/left/Relu,OpenCL,330.25,1304.3,3.9494322482967448
cell_1/comb_iter_3/left/separable_3x3_1/separable_conv2d/depthwise,OpenCL,664.8571428571429,1207.7,1.8164804469273743
cell_1/comb_iter_3/left/separable_3x3_1/separable_conv2d,OpenCL,1214.7777777777778,1230.8,1.0131894265069057
cell_1/comb_iter_3/left/separable_3x3_2/separable_conv2d/depthwise,OpenCL,933.7777777777778,1136.0,1.2165635411708708
cell_1/comb_iter_3/left/separable_3x3_2/separable_conv2d,OpenCL,1140.75,1164.9,1.0211702827087443
cell_1/comb_iter_3/left/bn_sep_3x3_2/FusedBatchNorm___tr4cell_1/comb_iter_3/combine/add,OpenCL,334.875,1054.5,3.148936170212766
cell_1/comb_iter_3/right/MaxPool2D/MaxPool___tr4cell_1/comb_iter_3/combine/add,OpenCL,352.14285714285717,1150.6,3.2674239350912773
cell_1/comb_iter_3/combine/add,OpenCL,546.2857142857143,1075.2,1.9682008368200836
cell_1/comb_iter_2/combine/add___tr4cell_1/cell_output/concat,CPU,105.77777777777777,288.8,2.730252100840336
cell_1/cell_output/concat,CPU,723.0,598.2,0.8273858921161826
cell_2/Relu_1,CPU,373.6,574.3,1.53720556745182
cell_3/Relu,OpenCL,991.2857142857143,1498.6,1.5117740308401786
cell_2/Relu_1___tr4cell_2/1x1/Conv2D,CPU,960.1,848.4,0.8836579522966357
cell_2/1x1/Conv2D,CPU,3680.9,3787.5,1.0289603086201744
cell_3/Relu___tr4cell_3/prev_1x1/Conv2D,OpenCL,1005.625,1211.8,1.2050217526413922
cell_3/prev_1x1/Conv2D,OpenCL,3440.3,3164.8,0.9199197744382758
cell_2/split,CPU,101.0,65.7,0.6504950495049505
cell_3/comb_iter_0/left/Relu,CPU,133.11111111111111,131.1,0.9848914858096828
cell_3/comb_iter_0/right/MaxPool2D/MaxPool,CPU,279.2,311.0,1.1138968481375358
cell_3/comb_iter_4/left/Relu,CPU,85.55555555555556,180.0,2.103896103896104
cell_2/comb_iter_1/left/Relu,OpenCL,334.9,612.7,1.8295013436846823
cell_2/comb_iter_1/right/MaxPool2D/MaxPool,OpenCL,672.6666666666666,790.7,1.1754707631318138
cell_2/comb_iter_2/left/Relu,CPU,47.25,80.0,1.693121693121693
cell_2/comb_iter_2/right/Relu,CPU,44.44444444444444,44.9,1.01025
cell_2/comb_iter_3/right/MaxPool2D/MaxPool,CPU,495.4,577.1,1.1649172385950748
cell_2/comb_iter_4/left/bn_sep_3x3_2/FusedBatchNorm___tr4cell_2/comb_iter_4/combine/add,CPU,436.1111111111111,146.5,0.3359235668789809
cell_2/split___tr4cell_2/comb_iter_4/combine/add,CPU,103.9,402.3,3.871992300288739
cell_2/comb_iter_4/combine/add,CPU,67.3,155.0,2.3031203566121845
cell_3/comb_iter_0/left/separable_5x5_1/separable_conv2d/depthwise,CPU,879.5,871.3,0.9906765207504263
cell_3/comb_iter_4/left/separable_3x3_1/separable_conv2d/depthwise,CPU,420.2,436.6,1.0390290337934318
cell_2/comb_iter_1/left/separable_7x7_1/separable_conv2d/depthwise,OpenCL,1438.4,1097.7,0.7631395995550612
cell_2/comb_iter_2/left/separable_5x5_1/separable_conv2d/depthwise,CPU,1156.0,1163.0,1.0060553633217992
cell_2/comb_iter_2/right/separable_3x3_1/separable_conv2d/depthwise,CPU,396.1,367.3,0.9272910881090634
cell_3/comb_iter_0/left/separable_5x5_1/separable_conv2d,CPU,704.2,656.0,0.9315535359272933
cell_3/comb_iter_4/left/separable_3x3_1/separable_conv2d,CPU,657.0,652.9,0.9937595129375951
cell_2/comb_iter_1/left/separable_7x7_1/separable_conv2d,OpenCL,1153.5,959.5,0.8318162115301257
cell_2/comb_iter_2/left/separable_5x5_1/separable_conv2d,CPU,788.4,846.3,1.0734398782343988
cell_2/comb_iter_2/right/separable_3x3_1/separable_conv2d,CPU,785.1,837.1,1.0662336008151827
cell_3/comb_iter_0/left/separable_5x5_2/separable_conv2d/depthwise,CPU,646.8,604.7,0.9349103277674707
cell_3/comb_iter_4/left/separable_3x3_2/separable_conv2d/depthwise,CPU,207.22222222222223,210.2,1.0143699731903484
cell_2/comb_iter_1/left/separable_7x7_2/separable_conv2d/depthwise,OpenCL,1425.6,1235.6,0.8667227833894501
cell_2/comb_iter_2/left/separable_5x5_2/separable_conv2d/depthwise,CPU,1032.2,1154.4,1.1183879093198992
cell_2/comb_iter_2/right/separable_3x3_2/separable_conv2d/depthwise,CPU,340.2,389.8,1.1457965902410348
cell_3/comb_iter_0/left/separable_5x5_2/separable_conv2d,CPU,652.0,647.2,0.992638036809816
cell_3/comb_iter_4/left/separable_3x3_2/separable_conv2d,CPU,644.4,639.7,0.9927063935443825
cell_2/comb_iter_1/left/separable_7x7_2/separable_conv2d,OpenCL,1148.3333333333333,1253.2,1.0913207547169812
cell_2/comb_iter_2/left/separable_5x5_2/separable_conv2d,CPU,753.0,799.2,1.0613545816733068
cell_2/comb_iter_2/right/separable_3x3_2/separable_conv2d,CPU,779.7,814.0,1.0439912786969348
cell_3/comb_iter_0/left/bn_sep_5x5_2/FusedBatchNorm___tr4cell_3/comb_iter_0/combine/add,CPU,117.0,48.6,0.4153846153846154
cell_3/comb_iter_0/right/MaxPool2D/MaxPool___tr4cell_3/comb_iter_0/combine/add,CPU,197.3,206.1,1.0446021287379623
cell_3/comb_iter_0/combine/add,CPU,39.333333333333336,48.1,1.2228813559322034
cell_2/comb_iter_1/left/bn_sep_7x7_2/FusedBatchNorm___tr4cell_2/comb_iter_1/combine/add,OpenCL,338.0,1168.0,3.455621301775148
cell_2/comb_iter_1/right/MaxPool2D/MaxPool___tr4cell_2/comb_iter_1/combine/add,OpenCL,356.25,1161.7,3.2609122807017545
cell_2/comb_iter_1/combine/add,OpenCL,563.8571428571429,1194.7,2.118799087914872
cell_2/comb_iter_2/combine/add,CPU,104.66666666666667,123.3,1.1780254777070063
cell_2/comb_iter_3/left/Relu,CPU,44.3,109.0,2.4604966139954856
cell_2/comb_iter_3/left/separable_3x3_1/separable_conv2d/depthwise,CPU,336.3,383.6,1.1406482307463575
cell_2/comb_iter_3/left/separable_3x3_1/separable_conv2d,CPU,710.0,748.6,1.0543661971830987
cell_2/comb_iter_3/left/separable_3x3_2/separable_conv2d/depthwise,CPU,328.9,349.2,1.0617208878078443
cell_2/comb_iter_3/left/separable_3x3_2/separable_conv2d,CPU,719.8,749.9,1.04181717143651
cell_2/comb_iter_3/left/bn_sep_3x3_2/FusedBatchNorm___tr4cell_2/comb_iter_3/combine/add,CPU,83.4,98.8,1.184652278177458
cell_2/comb_iter_3/right/MaxPool2D/MaxPool___tr4cell_2/comb_iter_3/combine/add,CPU,450.9,424.6,0.941672211133289
cell_2/comb_iter_3/combine/add,CPU,64.85714285714286,147.0,2.266519823788546
cell_2/comb_iter_2/combine/add___tr4cell_2/cell_output/concat,CPU,245.0,387.3,1.5808163265306123
cell_2/cell_output/concat,CPU,773.8888888888889,580.2,0.7497200287150037
cell_3/Relu_1,OpenCL,1033.111111111111,1578.7,1.5281028178102818
cell_4/Relu,CPU,292.0,493.0,1.6883561643835616
cell_3/Relu_1___tr4cell_3/1x1/Conv2D,OpenCL,991.3333333333334,1360.0,1.3718897108271688
cell_3/1x1/Conv2D,OpenCL,3423.2,3176.3,0.9278745033886423
cell_4/Relu___tr4cell_4/AvgPool,CPU,794.3,853.3,1.074279239582022
cell_4/AvgPool,CPU,452.6,507.5,1.1212991604065399
cell_4/Pad,CPU,643.0,590.3,0.9180404354587869
cell_4/path1_conv/Conv2D,CPU,965.2,903.5,0.9360754247824284
cell_4/strided_slice,CPU,564.3,600.4,1.063973063973064
cell_3/split,OpenCL,676.5555555555555,1290.7,1.9077516833634425
cell_4/strided_slice___tr4cell_4/AvgPool_1,CPU,780.5,910.3,1.1663036515054452
cell_4/AvgPool_1,CPU,431.6,500.5,1.1596385542168675
cell_3/comb_iter_1/left/Relu,OpenCL,477.0,823.7,1.7268343815513627
cell_3/comb_iter_1/right/MaxPool2D/MaxPool,OpenCL,554.0,638.2,1.1519855595667872
cell_3/comb_iter_2/left/Relu,CPU,84.4,137.6,1.630331753554502
cell_3/comb_iter_2/right/Relu,CPU,85.66666666666667,126.9,1.4813229571984436
cell_3/comb_iter_3/right/MaxPool2D/MaxPool,CPU,258.2,428.6,1.6599535243996903
cell_3/comb_iter_4/right/Relu,CPU,80.55555555555556,133.5,1.6572413793103449
cell_4/path2_conv/Conv2D,CPU,941.2,885.3,0.9406077348066297
cell_3/comb_iter_1/left/separable_7x7_1/separable_conv2d/depthwise,OpenCL,1576.7777777777778,1214.2,0.7700514410541893
cell_3/comb_iter_2/left/separable_5x5_1/separable_conv2d/depthwise,CPU,857.0,848.7,0.9903150525087515
cell_3/comb_iter_2/right/separable_3x3_1/separable_conv2d/depthwise,CPU,426.7,429.1,1.0056245605812046
cell_3/comb_iter_4/right/1x1/Conv2D,CPU,835.4,853.0,1.0210677519751017
cell_4/concat,CPU,65.9,54.7,0.8300455235204856
cell_3/comb_iter_1/left/separable_7x7_1/separable_conv2d,OpenCL,1204.3,1183.0,0.9823133770655152
cell_3/comb_iter_2/left/separable_5x5_1/separable_conv2d,CPU,651.1,665.2,1.0216556596528952
cell_3/comb_iter_2/right/separable_3x3_1/separable_conv2d,CPU,646.6,664.9,1.0283018867924527
cell_4/final_path_bn/FusedBatchNorm,CPU,21.2,28.5,1.3443396226415094
cell_3/comb_iter_4/combine/add,CPU,81.3,89.9,1.1057810578105782
cell_4/comb_iter_0/left/Relu,CPU,22.0,42.9,1.95
cell_4/comb_iter_0/right/MaxPool2D/MaxPool,CPU,273.7,333.8,1.2195834855681404
cell_4/comb_iter_4/left/Relu,CPU,20.8,47.9,2.3028846153846154
cell_4/comb_iter_0/left/separable_5x5_1/separable_conv2d/depthwise,CPU,592.8,635.5,1.0720310391363024
cell_4/comb_iter_4/left/separable_3x3_1/separable_conv2d/depthwise,CPU,206.7,224.9,1.0880503144654088
cell_3/comb_iter_1/left/separable_7x7_2/separable_conv2d/depthwise,OpenCL,1263.8,1290.5,1.0211267605633803
cell_3/comb_iter_2/left/separable_5x5_2/separable_conv2d/depthwise,CPU,619.8,663.7,1.070829299774121
cell_3/comb_iter_2/right/separable_3x3_2/separable_conv2d/depthwise,CPU,193.66666666666666,207.0,1.0688468158347677
cell_4/comb_iter_0/left/separable_5x5_1/separable_conv2d,CPU,632.1,642.3,1.0161366872330326
cell_4/comb_iter_4/left/separable_3x3_1/separable_conv2d,CPU,646.9,647.7,1.0012366671819448
cell_3/comb_iter_1/left/separable_7x7_2/separable_conv2d,OpenCL,1215.5,1302.4,1.0714932126696832
cell_3/comb_iter_2/left/separable_5x5_2/separable_conv2d,CPU,623.8,660.7,1.0591535748637386
cell_3/comb_iter_2/right/separable_3x3_2/separable_conv2d,CPU,628.8,657.6,1.0458015267175573
cell_3/comb_iter_1/left/bn_sep_7x7_2/FusedBatchNorm___tr4cell_3/comb_iter_1/combine/add,OpenCL,340.625,1258.3,3.694091743119266
cell_3/comb_iter_1/right/MaxPool2D/MaxPool___tr4cell_3/comb_iter_1/combine/add,OpenCL,306.85714285714283,1233.3,4.019134078212291
cell_3/comb_iter_1/combine/add,OpenCL,348.0,1239.9,3.5629310344827587
cell_3/comb_iter_2/combine/add,CPU,28.11111111111111,47.2,1.6790513833992096
cell_4/comb_iter_0/left/separable_5x5_2/separable_conv2d/depthwise,CPU,639.4,590.6,0.9236784485455115
cell_4/comb_iter_4/left/separable_3x3_2/separable_conv2d/depthwise,CPU,211.0,222.1,1.05260663507109
cell_3/comb_iter_3/left/Relu,CPU,24.444444444444443,53.2,2.1763636363636367
cell_4/comb_iter_0/left/separable_5x5_2/separable_conv2d,CPU,643.2,643.1,0.9998445273631841
cell_4/comb_iter_4/left/separable_3x3_2/separable_conv2d,CPU,636.7,622.1,0.9770692633893513
cell_3/comb_iter_3/left/separable_3x3_1/separable_conv2d/depthwise,CPU,200.6,223.4,1.1136590229312064
cell_3/comb_iter_3/left/separable_3x3_1/separable_conv2d,CPU,627.5,633.9,1.0101992031872509
cell_4/comb_iter_0/left/bn_sep_5x5_2/FusedBatchNorm___tr4cell_4/comb_iter_0/combine/add,CPU,41.8,34.7,0.8301435406698566
cell_4/comb_iter_0/right/MaxPool2D/MaxPool___tr4cell_4/comb_iter_0/combine/add,CPU,188.2,194.2,1.0318809776833155
cell_4/comb_iter_0/combine/add,CPU,29.6,45.9,1.5506756756756757
cell_3/comb_iter_3/left/separable_3x3_2/separable_conv2d/depthwise,CPU,192.7,203.2,1.054488842760768
cell_3/comb_iter_3/left/separable_3x3_2/separable_conv2d,CPU,618.8,626.4,1.0122818358112475
cell_3/comb_iter_3/left/bn_sep_3x3_2/FusedBatchNorm___tr4cell_3/comb_iter_3/combine/add,CPU,31.6,34.3,1.0854430379746833
cell_3/comb_iter_3/right/MaxPool2D/MaxPool___tr4cell_3/comb_iter_3/combine/add,CPU,190.4,180.3,0.9469537815126051
cell_3/comb_iter_3/combine/add,CPU,26.8,38.1,1.421641791044776
cell_3/comb_iter_2/combine/add___tr4cell_3/cell_output/concat,CPU,104.22222222222223,65.4,0.6275053304904051
cell_3/comb_iter_4/combine/add___tr4cell_3/cell_output/concat,CPU,175.9,37.2,0.2114837976122797
cell_3/cell_output/concat,CPU,214.3,235.8,1.1003266448903406
cell_4/Relu_1,CPU,129.0,172.3,1.3356589147286824
cell_5/Relu,OpenCL,907.125,1489.3,1.64178035000689
cell_4/Relu_1___tr4cell_4/1x1/Conv2D,CPU,218.9,428.8,1.958885335769758
cell_4/1x1/Conv2D,CPU,3396.6,4215.0,1.2409468291821233
cell_5/Relu___tr4cell_5/prev_1x1/Conv2D,OpenCL,885.375,1360.6,1.5367499647042213
cell_5/prev_1x1/Conv2D,OpenCL,2400.4,2127.4,0.8862689551741376
cell_4/split,CPU,41.1,24.6,0.5985401459854015
cell_5/comb_iter_0/left/Relu,CPU,22.6,35.8,1.5840707964601768
cell_5/comb_iter_0/right/MaxPool2D/MaxPool,CPU,302.2,384.0,1.270681667769689
cell_5/comb_iter_4/left/Relu,CPU,20.7,46.5,2.246376811594203
cell_4/comb_iter_1/left/Relu,OpenCL,364.57142857142856,432.4,1.1860501567398118
cell_4/comb_iter_1/right/MaxPool2D/MaxPool,OpenCL,466.3333333333333,536.2,1.1498213009292353
cell_4/comb_iter_2/left/Relu,CPU,21.4,39.8,1.8598130841121496
cell_4/comb_iter_2/right/Relu,CPU,21.1,23.8,1.1279620853080567
cell_4/comb_iter_3/right/MaxPool2D/MaxPool,CPU,293.3,377.3,1.2863961813842482
cell_4/comb_iter_4/left/bn_sep_3x3_2/FusedBatchNorm___tr4cell_4/comb_iter_4/combine/add,CPU,200.0,34.5,0.1725
cell_4/split___tr4cell_4/comb_iter_4/combine/add,CPU,31.7,140.3,4.425867507886435
cell_4/comb_iter_4/combine/add,CPU,49.3,54.0,1.0953346855983774
cell_5/comb_iter_0/left/separable_5x5_1/separable_conv2d/depthwise,CPU,623.2222222222222,685.0,1.0991264039935817
cell_5/comb_iter_4/left/separable_3x3_1/separable_conv2d/depthwise,CPU,215.2,218.9,1.0171933085501859
cell_4/comb_iter_1/left/separable_7x7_1/separable_conv2d/depthwise,OpenCL,1265.6,831.6,0.6570796460176992
cell_4/comb_iter_2/left/separable_5x5_1/separable_conv2d/depthwise,CPU,685.7,669.8,0.976812016917019
cell_4/comb_iter_2/right/separable_3x3_1/separable_conv2d/depthwise,CPU,213.8,218.3,1.0210477081384473
cell_5/comb_iter_0/left/separable_5x5_1/separable_conv2d,CPU,648.2,648.0,0.9996914532551681
cell_5/comb_iter_4/left/separable_3x3_1/separable_conv2d,CPU,630.5,639.0,1.0134813639968279
cell_4/comb_iter_1/left/separable_7x7_1/separable_conv2d,OpenCL,1201.6,870.0,0.7240346205059921
cell_4/comb_iter_2/left/separable_5x5_1/separable_conv2d,CPU,631.8,650.3,1.0292814181703072
cell_4/comb_iter_2/right/separable_3x3_1/separable_conv2d,CPU,636.9,663.4,1.0416077877217773
cell_5/comb_iter_0/left/separable_5x5_2/separable_conv2d/depthwise,CPU,600.5555555555555,606.7,1.0102312673450509
cell_5/comb_iter_4/left/separable_3x3_2/separable_conv2d/depthwise,CPU,201.9,197.7,0.9791976225854383
cell_4/comb_iter_1/left/separable_7x7_2/separable_conv2d/depthwise,OpenCL,1151.3333333333333,1308.7,1.1366821077012161
cell_4/comb_iter_2/left/separable_5x5_2/separable_conv2d/depthwise,CPU,629.2,657.9,1.0456134774316592
cell_4/comb_iter_2/right/separable_3x3_2/separable_conv2d/depthwise,CPU,200.1,203.7,1.0179910044977512
cell_5/comb_iter_0/left/separable_5x5_2/separable_conv2d,CPU,641.5,643.7,1.0034294621979736
cell_5/comb_iter_4/left/separable_3x3_2/separable_conv2d,CPU,649.4,669.3,1.0306436710809979
cell_4/comb_iter_1/left/separable_7x7_2/separable_conv2d,OpenCL,1142.4444444444443,1336.0,1.1694222913829995
cell_4/comb_iter_2/left/separable_5x5_2/separable_conv2d,CPU,655.7,656.6,1.0013725789232881
cell_4/comb_iter_2/right/separable_3x3_2/separable_conv2d,CPU,634.2,657.9,1.0373699148533584
cell_5/comb_iter_0/left/bn_sep_5x5_2/FusedBatchNorm___tr4cell_5/comb_iter_0/combine/add,CPU,53.125,40.4,0.7604705882352941
cell_5/comb_iter_0/right/MaxPool2D/MaxPool___tr4cell_5/comb_iter_0/combine/add,CPU,200.7,198.6,0.9895366218236173
cell_5/comb_iter_0/combine/add,CPU,31.8,60.0,1.8867924528301887
cell_4/comb_iter_1/left/bn_sep_7x7_2/FusedBatchNorm___tr4cell_4/comb_iter_1/combine/add,OpenCL,367.25,1363.3,3.7121851599727704
cell_4/comb_iter_1/right/MaxPool2D/MaxPool___tr4cell_4/comb_iter_1/combine/add,OpenCL,328.25,1357.1,4.134348819497334
cell_4/comb_iter_1/combine/add,OpenCL,302.5,1347.4,4.454214876033058
cell_4/comb_iter_2/combine/add,CPU,30.1,48.6,1.6146179401993355
cell_4/comb_iter_3/left/Relu,CPU,22.8,26.8,1.1754385964912282
cell_4/comb_iter_3/left/separable_3x3_1/separable_conv2d/depthwise,CPU,196.0,229.0,1.1683673469387754
cell_4/comb_iter_3/left/separable_3x3_1/separable_conv2d,CPU,630.0,641.1,1.0176190476190476
cell_4/comb_iter_3/left/separable_3x3_2/separable_conv2d/depthwise,CPU,192.2,225.8,1.174817898022893
cell_4/comb_iter_3/left/separable_3x3_2/separable_conv2d,CPU,618.3,644.4,1.042212518195051
cell_4/comb_iter_3/left/bn_sep_3x3_2/FusedBatchNorm___tr4cell_4/comb_iter_3/combine/add,CPU,32.1,34.5,1.074766355140187
cell_4/comb_iter_3/right/MaxPool2D/MaxPool___tr4cell_4/comb_iter_3/combine/add,CPU,187.6,184.9,0.9856076759061835
cell_4/comb_iter_3/combine/add,CPU,29.5,51.4,1.742372881355932
cell_4/comb_iter_2/combine/add___tr4cell_4/cell_output/concat,CPU,42.333333333333336,53.4,1.2614173228346455
cell_4/cell_output/concat,CPU,204.3,235.2,1.1512481644640233
cell_5/Relu_1,OpenCL,1043.6,1523.5,1.4598505174396321
cell_6/Relu,CPU,103.8,176.5,1.7003853564547207
cell_5/Relu_1___tr4cell_5/1x1/Conv2D,OpenCL,1020.3333333333333,1352.1,1.3251551780463902
cell_5/1x1/Conv2D,OpenCL,2457.9,2127.1,0.8654135644249155
cell_6/Relu___tr4cell_6/prev_1x1/Conv2D,CPU,259.4,456.8,1.760986892829607
cell_6/prev_1x1/Conv2D,CPU,6803.1,9216.9,1.3548088371477707
cell_5/split,OpenCL,355.8888888888889,1360.9,3.823946300343428
cell_6/comb_iter_0/left/Relu,CPU,70.11111111111111,61.4,0.8757527733755942
cell_6/comb_iter_0/right/MaxPool2D/MaxPool,CPU,170.22222222222223,193.6,1.1373368146214098
cell_6/comb_iter_4/left/Relu,CPU,41.3,83.2,2.0145278450363198
cell_5/comb_iter_1/left/Relu,OpenCL,368.0,1373.6,3.7326086956521736
cell_5/comb_iter_1/right/MaxPool2D/MaxPool,OpenCL,417.55555555555554,1379.6,3.3039914848323577
cell_5/comb_iter_2/left/Relu,CPU,20.9,28.5,1.3636363636363638
cell_5/comb_iter_2/right/Relu,CPU,21.1,33.6,1.5924170616113744
cell_5/comb_iter_3/right/MaxPool2D/MaxPool,CPU,292.1,379.0,1.2975008558712768
cell_5/comb_iter_4/left/bn_sep_3x3_2/FusedBatchNorm___tr4cell_5/comb_iter_4/combine/add,CPU,220.88888888888889,36.7,0.16614688128772637
cell_5/split___tr4cell_5/comb_iter_4/combine/add,OpenCL,357.22222222222223,1376.3,3.852783825816485
cell_5/comb_iter_4/combine/add,CPU,49.3,89.5,1.8154158215010143
cell_6/comb_iter_0/left/separable_5x5_1/separable_conv2d/depthwise,CPU,586.4,573.9,0.9786834924965894
cell_6/comb_iter_4/left/separable_3x3_1/separable_conv2d/depthwise,CPU,355.7,369.6,1.0390778746134384
cell_5/comb_iter_1/left/separable_7x7_1/separable_conv2d/depthwise,OpenCL,1228.0,1381.3,1.1248371335504885
cell_5/comb_iter_2/left/separable_5x5_1/separable_conv2d/depthwise,CPU,613.3,680.0,1.108755910647318
cell_5/comb_iter_2/right/separable_3x3_1/separable_conv2d/depthwise,CPU,222.1,200.3,0.9018460153084197
cell_6/comb_iter_0/left/separable_5x5_1/separable_conv2d,CPU,771.1,716.7,0.9294514330177669
cell_6/comb_iter_4/left/separable_3x3_1/separable_conv2d,CPU,745.5,718.4,0.9636485580147551
cell_5/comb_iter_1/left/separable_7x7_1/separable_conv2d,OpenCL,1201.3,1372.1,1.142179305752102
cell_5/comb_iter_2/left/separable_5x5_1/separable_conv2d,CPU,671.1,656.3,0.9779466547459394
cell_5/comb_iter_2/right/separable_3x3_1/separable_conv2d,CPU,657.8,655.1,0.9958954089388873
cell_6/comb_iter_0/left/separable_5x5_2/separable_conv2d/depthwise,CPU,382.4,368.2,0.9628661087866109
cell_6/comb_iter_4/left/separable_3x3_2/separable_conv2d/depthwise,CPU,145.2,140.4,0.9669421487603307
cell_5/comb_iter_1/left/separable_7x7_2/separable_conv2d/depthwise,OpenCL,1227.9,1456.9,1.1864972717648017
cell_5/comb_iter_2/left/separable_5x5_2/separable_conv2d/depthwise,CPU,612.2,641.0,1.0470434498529892
cell_5/comb_iter_2/right/separable_3x3_2/separable_conv2d/depthwise,CPU,195.7,200.3,1.0235053653551356
cell_6/comb_iter_0/left/separable_5x5_2/separable_conv2d,CPU,727.9,731.2,1.004533589778816
cell_6/comb_iter_4/left/separable_3x3_2/separable_conv2d,CPU,706.7,729.3,1.0319796236026602
cell_5/comb_iter_1/left/separable_7x7_2/separable_conv2d,OpenCL,1204.1,770.6,0.6399800681006561
cell_5/comb_iter_2/left/separable_5x5_2/separable_conv2d,CPU,649.2,642.0,0.988909426987061
cell_5/comb_iter_2/right/separable_3x3_2/separable_conv2d,CPU,644.8,649.2,1.0068238213399505
cell_6/comb_iter_0/left/bn_sep_5x5_2/FusedBatchNorm___tr4cell_6/comb_iter_0/combine/add,CPU,42.888888888888886,20.7,0.48264248704663215
cell_6/comb_iter_0/right/MaxPool2D/MaxPool___tr4cell_6/comb_iter_0/combine/add,CPU,101.3,95.4,0.9417571569595262
cell_6/comb_iter_0/combine/add,CPU,22.2,28.9,1.3018018018018018
cell_5/comb_iter_1/left/bn_sep_7x7_2/FusedBatchNorm___tr4cell_5/comb_iter_1/combine/add,OpenCL,380.75,276.8,0.7269862114248195
cell_5/comb_iter_1/right/MaxPool2D/MaxPool___tr4cell_5/comb_iter_1/combine/add,OpenCL,370.8888888888889,217.7,0.5869682444577591
cell_5/comb_iter_1/combine/add,OpenCL,355.57142857142856,697.7,1.9621936520691043
cell_5/comb_iter_2/combine/add,CPU,28.8,43.0,1.4930555555555556
cell_5/comb_iter_3/left/Relu,CPU,47.9,25.4,0.5302713987473904
cell_5/comb_iter_3/left/separable_3x3_1/separable_conv2d/depthwise,CPU,217.3,204.3,0.9401748734468477
cell_5/comb_iter_3/left/separable_3x3_1/separable_conv2d,CPU,647.7,638.9,0.9864134630230044
cell_5/comb_iter_3/left/separable_3x3_2/separable_conv2d/depthwise,CPU,191.2,192.7,1.0078451882845187
cell_5/comb_iter_3/left/separable_3x3_2/separable_conv2d,CPU,628.5,631.1,1.0041368337311058
cell_5/comb_iter_3/left/bn_sep_3x3_2/FusedBatchNorm___tr4cell_5/comb_iter_3/combine/add,CPU,32.7,34.2,1.0458715596330275
cell_5/comb_iter_3/right/MaxPool2D/MaxPool___tr4cell_5/comb_iter_3/combine/add,CPU,203.2,183.2,0.9015748031496063
cell_5/comb_iter_3/combine/add,CPU,29.7,35.4,1.1919191919191918
cell_5/comb_iter_2/combine/add___tr4cell_5/cell_output/concat,CPU,132.66666666666666,46.7,0.3520100502512563
cell_5/cell_output/concat,CPU,193.88888888888889,229.9,1.1857306590257881
cell_6/Relu_1,OpenCL,979.7777777777778,1576.8,1.6093445225674754
cell_7/Relu,CPU,105.3,171.2,1.6258309591642925
cell_6/Relu_1___tr4cell_6/1x1/Conv2D,OpenCL,980.2222222222222,1367.2,1.3947857628655635
cell_6/1x1/Conv2D,OpenCL,3904.5,3640.8,0.9324625432193623
cell_7/Relu___tr4cell_7/AvgPool,CPU,314.44444444444446,388.8,1.2364664310954063
cell_7/AvgPool,CPU,199.2,228.1,1.1450803212851406
cell_7/Pad,CPU,305.0,252.2,0.8268852459016393
cell_7/path1_conv/Conv2D,CPU,1140.8,1283.7,1.1252629733520338
cell_7/strided_slice,CPU,246.9,262.9,1.0648035641960307
cell_6/split,OpenCL,414.6666666666667,1434.4,3.459163987138264
cell_7/strided_slice___tr4cell_7/AvgPool_1,CPU,332.14285714285717,440.2,1.3253333333333333
cell_7/AvgPool_1,CPU,222.6,206.5,0.9276729559748428
cell_6/comb_iter_1/left/Relu,OpenCL,314.3333333333333,1352.5,4.302757158006363
cell_6/comb_iter_1/right/MaxPool2D/MaxPool,OpenCL,329.3333333333333,487.3,1.4796558704453442
cell_6/comb_iter_2/left/Relu,CPU,46.7,71.2,1.5246252676659529
cell_6/comb_iter_2/right/Relu,CPU,44.0,55.5,1.2613636363636365
cell_6/comb_iter_3/right/MaxPool2D/MaxPool,CPU,156.5,317.3,2.027476038338658
cell_6/comb_iter_4/right/Relu,CPU,41.0,72.3,1.7634146341463415
cell_7/path2_conv/Conv2D,CPU,1185.4,1245.5,1.0507001855913616
cell_6/comb_iter_1/left/separable_7x7_1/separable_conv2d/depthwise,OpenCL,1582.6,1156.0,0.7304435738657905
cell_6/comb_iter_2/left/separable_5x5_1/separable_conv2d/depthwise,CPU,613.2,559.1,0.9117742987606001
cell_6/comb_iter_2/right/separable_3x3_1/separable_conv2d/depthwise,CPU,356.0,347.8,0.9769662921348314
cell_6/comb_iter_4/right/1x1/Conv2D,CPU,813.6,860.3,1.0573992133726646
cell_7/concat,CPU,24.0,19.1,0.7958333333333334
cell_6/comb_iter_1/left/separable_7x7_1/separable_conv2d,OpenCL,1229.8,983.8,0.7999674743860791
cell_6/comb_iter_2/left/separable_5x5_1/separable_conv2d,CPU,744.2,768.4,1.0325181402848695
cell_6/comb_iter_2/right/separable_3x3_1/separable_conv2d,CPU,754.2,779.4,1.033412887828162
cell_7/final_path_bn/FusedBatchNorm,CPU,21.0,17.7,0.8428571428571429
cell_6/comb_iter_4/combine/add,CPU,50.8,52.2,1.0275590551181104
cell_7/comb_iter_0/left/Relu,CPU,14.4,22.4,1.5555555555555554
cell_7/comb_iter_0/right/MaxPool2D/MaxPool,CPU,169.3,180.5,1.0661547548730064
cell_7/comb_iter_4/left/Relu,CPU,11.7,19.7,1.6837606837606838
cell_7/comb_iter_0/left/separable_5x5_1/separable_conv2d/depthwise,CPU,374.0,364.7,0.9751336898395722
cell_7/comb_iter_4/left/separable_3x3_1/separable_conv2d/depthwise,CPU,144.77777777777777,158.0,1.091327705295472
cell_6/comb_iter_1/left/separable_7x7_2/separable_conv2d/depthwise,OpenCL,1140.5555555555557,1368.5,1.1998538723818801
cell_6/comb_iter_2/left/separable_5x5_2/separable_conv2d/depthwise,CPU,381.44444444444446,388.4,1.0182347800757354
cell_6/comb_iter_2/right/separable_3x3_2/separable_conv2d/depthwise,CPU,141.3,145.5,1.029723991507431
cell_7/comb_iter_0/left/separable_5x5_1/separable_conv2d,CPU,741.2,728.4,0.9827307069616836
cell_7/comb_iter_4/left/separable_3x3_1/separable_conv2d,CPU,715.2,748.7,1.0468400447427293
cell_6/comb_iter_1/left/separable_7x7_2/separable_conv2d,OpenCL,1198.4,1384.2,1.1550400534045393
cell_6/comb_iter_2/left/separable_5x5_2/separable_conv2d,CPU,730.3,751.2,1.028618376009859
cell_6/comb_iter_2/right/separable_3x3_2/separable_conv2d,CPU,731.2,758.1,1.036788840262582
cell_6/comb_iter_1/left/bn_sep_7x7_2/FusedBatchNorm___tr4cell_6/comb_iter_1/combine/add,OpenCL,346.57142857142856,1372.8,3.961088211046991
cell_6/comb_iter_1/right/MaxPool2D/MaxPool___tr4cell_6/comb_iter_1/combine/add,OpenCL,344.25,1369.9,3.979375453885258
cell_6/comb_iter_1/combine/add,OpenCL,320.8888888888889,1375.1,4.285283933518005
cell_6/comb_iter_2/combine/add,CPU,16.7,32.1,1.9221556886227547
cell_7/comb_iter_0/left/separable_5x5_2/separable_conv2d/depthwise,CPU,391.6666666666667,370.3,0.9454468085106382
cell_7/comb_iter_4/left/separable_3x3_2/separable_conv2d/depthwise,CPU,154.2,146.3,0.948767833981842
cell_6/comb_iter_3/left/Relu,CPU,12.5,23.5,1.88
cell_7/comb_iter_0/left/separable_5x5_2/separable_conv2d,CPU,720.5555555555555,754.6,1.0472474942174248
cell_7/comb_iter_4/left/separable_3x3_2/separable_conv2d,CPU,720.0,731.0,1.0152777777777777
cell_6/comb_iter_3/left/separable_3x3_1/separable_conv2d/depthwise,CPU,145.4,152.2,1.046767537826685
cell_6/comb_iter_3/left/separable_3x3_1/separable_conv2d,CPU,731.2,725.1,0.9916575492341356
cell_7/comb_iter_0/left/bn_sep_5x5_2/FusedBatchNorm___tr4cell_7/comb_iter_0/combine/add,CPU,22.625,15.4,0.6806629834254144
cell_7/comb_iter_0/right/MaxPool2D/MaxPool___tr4cell_7/comb_iter_0/combine/add,CPU,100.1,92.7,0.9260739260739261
cell_7/comb_iter_0/combine/add,CPU,19.9,29.2,1.4673366834170856
cell_6/comb_iter_3/left/separable_3x3_2/separable_conv2d/depthwise,CPU,141.2,138.9,0.9837110481586403
cell_6/comb_iter_3/left/separable_3x3_2/separable_conv2d,CPU,716.4,740.3,1.0333612506979342
cell_6/comb_iter_3/left/bn_sep_3x3_2/FusedBatchNorm___tr4cell_6/comb_iter_3/combine/add,CPU,15.3,15.0,0.9803921568627451
cell_6/comb_iter_3/right/MaxPool2D/MaxPool___tr4cell_6/comb_iter_3/combine/add,CPU,106.3,93.5,0.8795860771401693
cell_6/comb_iter_3/combine/add,CPU,25.3,27.1,1.0711462450592886
cell_6/comb_iter_2/combine/add___tr4cell_6/cell_output/concat,CPU,95.9,79.3,0.8269030239833158
cell_6/comb_iter_4/combine/add___tr4cell_6/cell_output/concat,CPU,106.6,17.3,0.16228893058161353
cell_6/cell_output/concat,CPU,90.11111111111111,92.5,1.0265104808877927
cell_7/Relu_1,CPU,60.0,63.6,1.06
cell_8/Relu,OpenCL,917.875,1507.5,1.6423804984338826
cell_7/Relu_1___tr4cell_7/1x1/Conv2D,CPU,120.44444444444444,101.1,0.8393911439114391
cell_7/1x1/Conv2D,CPU,5139.9,5350.3,1.0409346485340183
cell_8/Relu___tr4cell_8/prev_1x1/Conv2D,OpenCL,887.4444444444445,1372.7,1.5468010517090272
cell_8/prev_1x1/Conv2D,OpenCL,2663.0,2419.6,0.9085993240705971
cell_7/split,CPU,25.5,9.6,0.3764705882352941
cell_8/comb_iter_0/left/Relu,CPU,13.5,17.5,1.2962962962962963
cell_8/comb_iter_0/right/MaxPool2D/MaxPool,CPU,179.6,192.6,1.0723830734966593
cell_8/comb_iter_4/left/Relu,CPU,11.5,20.0,1.7391304347826086
cell_7/comb_iter_1/left/Relu,OpenCL,352.375,757.7,2.1502660517914154
cell_7/comb_iter_1/right/MaxPool2D/MaxPool,OpenCL,358.5,721.7,2.0131101813110184
cell_7/comb_iter_2/left/Relu,CPU,11.1,17.2,1.5495495495495495
cell_7/comb_iter_2/right/Relu,CPU,11.0,11.0,1.0
cell_7/comb_iter_3/right/MaxPool2D/MaxPool,CPU,166.0,182.0,1.0963855421686748
cell_7/comb_iter_4/left/bn_sep_3x3_2/FusedBatchNorm___tr4cell_7/comb_iter_4/combine/add,CPU,107.6,19.2,0.17843866171003717
cell_7/split___tr4cell_7/comb_iter_4/combine/add,CPU,13.4,82.6,6.164179104477611
cell_7/comb_iter_4/combine/add,CPU,26.9,31.0,1.1524163568773236
cell_8/comb_iter_0/left/separable_5x5_1/separable_conv2d/depthwise,CPU,376.22222222222223,382.7,1.0172179562906083
cell_8/comb_iter_4/left/separable_3x3_1/separable_conv2d/depthwise,CPU,155.66666666666666,142.1,0.912847965738758
cell_7/comb_iter_1/left/separable_7x7_1/separable_conv2d/depthwise,OpenCL,1032.9,2396.6,2.320263336237777
cell_7/comb_iter_2/left/separable_5x5_1/separable_conv2d/depthwise,CPU,392.2,380.0,0.9688934217236105
cell_7/comb_iter_2/right/separable_3x3_1/separable_conv2d/depthwise,CPU,156.4,148.9,0.9520460358056266
cell_8/comb_iter_0/left/separable_5x5_1/separable_conv2d,CPU,712.0,738.9,1.0377808988764046
cell_8/comb_iter_4/left/separable_3x3_1/separable_conv2d,CPU,718.4,741.8,1.0325723830734965
cell_7/comb_iter_1/left/separable_7x7_1/separable_conv2d,OpenCL,1130.6666666666667,1008.3,0.8917747641509433
cell_7/comb_iter_2/left/separable_5x5_1/separable_conv2d,CPU,766.4,737.7,0.962552192066806
cell_7/comb_iter_2/right/separable_3x3_1/separable_conv2d,CPU,749.3,748.7,0.9991992526357936
cell_8/comb_iter_0/left/separable_5x5_2/separable_conv2d/depthwise,CPU,398.5,364.7,0.9151819322459221
cell_8/comb_iter_4/left/separable_3x3_2/separable_conv2d/depthwise,CPU,153.0,141.0,0.9215686274509803
cell_7/comb_iter_1/left/separable_7x7_2/separable_conv2d/depthwise,OpenCL,998.4444444444445,2135.6,2.1389272201201868
cell_7/comb_iter_2/left/separable_5x5_2/separable_conv2d/depthwise,CPU,371.7,386.5,1.0398170567662093
cell_7/comb_iter_2/right/separable_3x3_2/separable_conv2d/depthwise,CPU,144.1,144.5,1.0027758501040944
cell_8/comb_iter_0/left/separable_5x5_2/separable_conv2d,CPU,711.9,733.0,1.0296389942407642
cell_8/comb_iter_4/left/separable_3x3_2/separable_conv2d,CPU,720.1,717.8,0.9968059991667823
cell_7/comb_iter_1/left/separable_7x7_2/separable_conv2d,OpenCL,1112.888888888889,1312.6,1.179452875399361
cell_7/comb_iter_2/left/separable_5x5_2/separable_conv2d,CPU,735.2,737.2,1.0027203482045701
cell_7/comb_iter_2/right/separable_3x3_2/separable_conv2d,CPU,769.9,741.6,0.9632419794778543
cell_8/comb_iter_0/left/bn_sep_5x5_2/FusedBatchNorm___tr4cell_8/comb_iter_0/combine/add,CPU,75.5,21.9,0.2900662251655629
cell_8/comb_iter_0/right/MaxPool2D/MaxPool___tr4cell_8/comb_iter_0/combine/add,CPU,104.4,94.4,0.9042145593869731
cell_8/comb_iter_0/combine/add,CPU,25.11111111111111,31.8,1.2663716814159292
cell_7/comb_iter_1/left/bn_sep_7x7_2/FusedBatchNorm___tr4cell_7/comb_iter_1/combine/add,OpenCL,362.5,1262.3,3.482206896551724
cell_7/comb_iter_1/right/MaxPool2D/MaxPool___tr4cell_7/comb_iter_1/combine/add,OpenCL,342.125,1255.2,3.6688344903178662
cell_7/comb_iter_1/combine/add,OpenCL,331.75,1258.8,3.794423511680482
cell_7/comb_iter_2/combine/add,CPU,20.0,29.7,1.4849999999999999
cell_7/comb_iter_3/left/Relu,CPU,12.7,12.9,1.0157480314960632
cell_7/comb_iter_3/left/separable_3x3_1/separable_conv2d/depthwise,CPU,145.0,149.3,1.0296551724137932
cell_7/comb_iter_3/left/separable_3x3_1/separable_conv2d,CPU,731.0,727.5,0.9952120383036935
cell_7/comb_iter_3/left/separable_3x3_2/separable_conv2d/depthwise,CPU,141.3,138.3,0.9787685774946921
cell_7/comb_iter_3/left/separable_3x3_2/separable_conv2d,CPU,719.2,729.5,1.014321468298109
cell_7/comb_iter_3/left/bn_sep_3x3_2/FusedBatchNorm___tr4cell_7/comb_iter_3/combine/add,CPU,15.2,16.1,1.0592105263157896
cell_7/comb_iter_3/right/MaxPool2D/MaxPool___tr4cell_7/comb_iter_3/combine/add,CPU,101.11111111111111,94.0,0.9296703296703296
cell_7/comb_iter_3/combine/add,CPU,20.555555555555557,34.5,1.6783783783783783
cell_7/comb_iter_2/combine/add___tr4cell_7/cell_output/concat,CPU,57.7,22.8,0.3951473136915078
cell_7/cell_output/concat,CPU,102.9,94.1,0.9144800777453838
cell_8/Relu_1,CPU,56.8,62.6,1.102112676056338
cell_8/Relu_1___tr4cell_8/1x1/Conv2D,CPU,104.3,101.4,0.9721955896452542
cell_8/1x1/Conv2D,CPU,4879.2,4972.8,1.0191834727004427
cell_8/split,CPU,13.8,10.0,0.7246376811594203
cell_8/comb_iter_1/left/Relu,OpenCL,327.375,1361.2,4.157922871324933
cell_8/comb_iter_1/right/MaxPool2D/MaxPool,OpenCL,418.875,1371.3,3.273769024171889
cell_8/comb_iter_2/left/Relu,CPU,11.1,17.8,1.6036036036036037
cell_8/comb_iter_2/right/Relu,CPU,11.1,11.5,1.0360360360360361
cell_8/comb_iter_3/right/MaxPool2D/MaxPool,CPU,166.22222222222223,179.7,1.0810828877005347
cell_8/comb_iter_4/left/bn_sep_3x3_2/FusedBatchNorm___tr4cell_8/comb_iter_4/combine/add,CPU,103.44444444444444,24.1,0.23297529538131043
cell_8/split___tr4cell_8/comb_iter_4/combine/add,CPU,13.6,83.6,6.147058823529411
cell_8/comb_iter_4/combine/add,CPU,28.8,50.8,1.7638888888888888
cell_8/comb_iter_1/left/separable_7x7_1/separable_conv2d/depthwise,OpenCL,1095.0,1303.0,1.1899543378995434
cell_8/comb_iter_2/left/separable_5x5_1/separable_conv2d/depthwise,CPU,388.8888888888889,386.8,0.9946285714285714
cell_8/comb_iter_2/right/separable_3x3_1/separable_conv2d/depthwise,CPU,145.5,149.2,1.0254295532646047
cell_8/comb_iter_1/left/separable_7x7_1/separable_conv2d,OpenCL,1190.3333333333333,1299.7,1.0918790254830582
cell_8/comb_iter_2/left/separable_5x5_1/separable_conv2d,CPU,722.8,801.1,1.1083287216380742
cell_8/comb_iter_2/right/separable_3x3_1/separable_conv2d,CPU,707.5,880.8,1.244946996466431
cell_8/comb_iter_1/left/separable_7x7_2/separable_conv2d/depthwise,OpenCL,1130.3333333333333,1296.7,1.1471837216160425
cell_8/comb_iter_2/left/separable_5x5_2/separable_conv2d/depthwise,CPU,371.0,392.5,1.0579514824797844
cell_8/comb_iter_2/right/separable_3x3_2/separable_conv2d/depthwise,CPU,141.9,198.0,1.3953488372093024
cell_8/comb_iter_1/left/separable_7x7_2/separable_conv2d,OpenCL,1140.111111111111,1276.7,1.1198031380957023
cell_8/comb_iter_2/left/separable_5x5_2/separable_conv2d,CPU,724.2,739.3,1.02085059375863
cell_8/comb_iter_2/right/separable_3x3_2/separable_conv2d,CPU,724.8,751.6,1.0369757174392937
cell_8/comb_iter_1/left/bn_sep_7x7_2/FusedBatchNorm___tr4cell_8/comb_iter_1/combine/add,OpenCL,335.0,1183.5,3.532835820895522
cell_8/comb_iter_1/right/MaxPool2D/MaxPool___tr4cell_8/comb_iter_1/combine/add,OpenCL,365.0,1196.0,3.276712328767123
cell_8/comb_iter_1/combine/add,OpenCL,391.7,1153.2,2.944089864692367
cell_8/comb_iter_2/combine/add,CPU,17.2,35.3,2.052325581395349
cell_8/comb_iter_3/left/Relu,CPU,11.9,12.8,1.0756302521008403
cell_8/comb_iter_3/left/separable_3x3_1/separable_conv2d/depthwise,CPU,145.0,139.8,0.9641379310344829
cell_8/comb_iter_3/left/separable_3x3_1/separable_conv2d,CPU,715.6,736.2,1.028787031861375
cell_8/comb_iter_3/left/separable_3x3_2/separable_conv2d/depthwise,CPU,141.7,140.1,0.9887085391672548
cell_8/comb_iter_3/left/separable_3x3_2/separable_conv2d,CPU,751.6,735.0,0.9779137839276211
cell_8/comb_iter_3/left/bn_sep_3x3_2/FusedBatchNorm___tr4cell_8/comb_iter_3/combine/add,CPU,15.9,16.3,1.0251572327044025
cell_8/comb_iter_3/right/MaxPool2D/MaxPool___tr4cell_8/comb_iter_3/combine/add,CPU,107.0,91.9,0.8588785046728973
cell_8/comb_iter_3/combine/add,CPU,25.6,25.7,1.00390625
cell_8/comb_iter_2/combine/add___tr4cell_8/cell_output/concat,CPU,74.5,37.7,0.5060402684563758
cell_8/cell_output/concat,CPU,97.5,101.5,1.041025641025641
final_layer/Relu,CPU,59.875,57.2,0.9553235908141963
final_layer/Mean,CPU,605.6,541.7,0.8944848084544254
final_layer/FC/MatMul,CPU,6206.555555555556,5990.5,0.9651891369340662
final_layer/FC/BiasAdd,CPU,26.3,22.6,0.8593155893536122
final_layer/predictions,CPU,18.0,17.3,0.9611111111111111
