conv0/Conv2D,CPU,3274.3333333333335,3664.8,1.119250738063728
cell_stem_0/Relu,OpenCL,1197.6,1355.2,1.1315965263861056
cell_stem_0/1x1/Conv2D,OpenCL,1765.6,1511.1,0.8558563661078387
cell_stem_0/comb_iter_1/left/MaxPool2D/MaxPool,OpenCL,956.6666666666666,976.2,1.020418118466899
cell_stem_0/comb_iter_1/right/Relu,OpenCL,1191.0,1567.3,1.315952980688497
cell_stem_0/comb_iter_1/right/separable_7x7_1/separable_conv2d/depthwise,OpenCL,3757.4,4343.9,1.1560919784957682
cell_stem_0/comb_iter_1/right/separable_7x7_1/separable_conv2d,OpenCL,1132.8,1085.6,0.9583333333333333
cell_stem_0/comb_iter_1/right/separable_7x7_2/separable_conv2d/depthwise,OpenCL,1422.4,1225.5,0.8615719910011248
cell_stem_0/comb_iter_1/right/separable_7x7_2/separable_conv2d,OpenCL,1024.888888888889,759.2,0.7407632263660018
cell_stem_0/comb_iter_1/left/MaxPool2D/MaxPool___tr4cell_stem_0/comb_iter_1/combine/add,OpenCL,367.0,638.6,1.7400544959128066
cell_stem_0/comb_iter_1/right/bn_sep_7x7_2/FusedBatchNormV3___tr4cell_stem_0/comb_iter_1/combine/add,OpenCL,379.6666666666667,525.3,1.3835820895522386
cell_stem_0/comb_iter_1/combine/add,OpenCL,510.1428571428571,593.1,1.1626155138616636
cell_stem_0/comb_iter_2/left/AvgPool2D/AvgPool,CPU,496.1,524.8,1.0578512396694213
cell_stem_0/comb_iter_2/right/Relu,CPU,782.7,900.6,1.1506324262169414
cell_stem_0/comb_iter_2/right/separable_5x5_1/separable_conv2d/depthwise,CPU,1546.2,1682.8,1.0883456215237355
cell_stem_0/comb_iter_2/right/separable_5x5_1/separable_conv2d,CPU,823.1,1101.0,1.3376260478678168
cell_stem_0/comb_iter_2/right/separable_5x5_2/separable_conv2d/depthwise,CPU,567.8,626.3,1.1030292356463545
cell_stem_0/comb_iter_2/right/separable_5x5_2/separable_conv2d,CPU,155.0,209.0,1.3483870967741935
cell_stem_0/comb_iter_2/left/AvgPool2D/AvgPool___tr4cell_stem_0/comb_iter_2/combine/add,CPU,137.6,182.9,1.32921511627907
cell_stem_0/comb_iter_2/right/bn_sep_5x5_2/FusedBatchNormV3___tr4cell_stem_0/comb_iter_2/combine/add,CPU,71.2,138.2,1.941011235955056
cell_stem_0/comb_iter_2/combine/add,CPU,31.0,75.3,2.429032258064516
cell_stem_0/comb_iter_0/left/Relu,CPU,278.3,362.2,1.3014732303269851
cell_stem_0/comb_iter_0/left/separable_5x5_1/separable_conv2d/depthwise,CPU,713.1,824.6,1.156359556864395
cell_stem_0/comb_iter_0/left/separable_5x5_1/separable_conv2d,CPU,139.5,201.1,1.4415770609318996
cell_stem_0/comb_iter_0/left/separable_5x5_2/separable_conv2d/depthwise,CPU,564.0,596.5,1.0576241134751774
cell_stem_0/comb_iter_0/left/separable_5x5_2/separable_conv2d,CPU,142.1,157.0,1.1048557353976074
cell_stem_0/comb_iter_0/right/Relu,CPU,806.1111111111111,1703.1,2.112736044107512
cell_stem_0/comb_iter_0/right/separable_7x7_1/separable_conv2d/depthwise,CPU,2561.5,2828.0,1.1040406012102284
cell_stem_0/comb_iter_0/right/separable_7x7_1/separable_conv2d,CPU,808.3333333333334,1106.2,1.3684948453608248
cell_stem_0/comb_iter_0/right/separable_7x7_2/separable_conv2d/depthwise,CPU,1040.4,1078.7,1.036812764321415
cell_stem_0/comb_iter_0/right/separable_7x7_2/separable_conv2d,CPU,151.0,194.7,1.2894039735099336
cell_stem_0/comb_iter_0/combine/add,CPU,50.333333333333336,79.3,1.5754966887417217
cell_stem_0/comb_iter_3/right/AvgPool2D/AvgPool,OpenCL,612.6,984.5,1.607084557623245
cell_stem_0/comb_iter_3/right/AvgPool2D/AvgPool___tr4cell_stem_0/comb_iter_3/combine/add,OpenCL,475.44444444444446,571.4,1.2018228558074315
cell_stem_0/comb_iter_3/combine/add,OpenCL,510.0,773.5,1.5166666666666666
cell_stem_0/comb_iter_4/left/Relu,CPU,37.3,67.1,1.7989276139410189
cell_stem_0/comb_iter_4/left/separable_3x3_1/separable_conv2d/depthwise,CPU,186.22222222222223,218.2,1.1717183770883053
cell_stem_0/comb_iter_4/left/separable_3x3_1/separable_conv2d,CPU,121.4,220.4,1.8154859967051071
cell_stem_0/comb_iter_4/left/separable_3x3_2/separable_conv2d/depthwise,CPU,176.1,201.7,1.1453719477569562
cell_stem_0/comb_iter_4/left/separable_3x3_2/separable_conv2d,CPU,103.6,187.5,1.8098455598455598
cell_stem_0/comb_iter_4/right/MaxPool2D/MaxPool,CPU,462.6,487.5,1.0538261997405967
cell_stem_0/comb_iter_4/left/bn_sep_3x3_2/FusedBatchNormV3___tr4cell_stem_0/comb_iter_4/combine/add,CPU,89.8,180.1,2.005567928730512
cell_stem_0/comb_iter_4/right/MaxPool2D/MaxPool___tr4cell_stem_0/comb_iter_4/combine/add,CPU,70.2,160.1,2.2806267806267804
cell_stem_0/comb_iter_4/combine/add,CPU,34.6,76.6,2.213872832369942
cell_stem_0/cell_output/concat,CPU,472.3333333333333,773.1,1.6367678193366269
cell_stem_1/Relu_1,OpenCL,970.4,834.2,0.8596455070074197
cell_stem_1/Relu_1___tr4cell_stem_1/1x1/Conv2D,OpenCL,1004.7777777777777,817.6,0.8137122636293266
cell_stem_1/1x1/Conv2D,OpenCL,1414.3,1126.9,0.7967899314148342
cell_stem_1/comb_iter_1/left/MaxPool2D/MaxPool,CPU,116.0,254.3,2.192241379310345
cell_stem_1/Relu,CPU,826.4,1174.7,1.4214666021297193
cell_stem_1/AvgPool2D,CPU,385.5,528.2,1.3701686121919585
cell_stem_1/path1_conv/Conv2D,CPU,787.1,964.6,1.2255113708550374
cell_stem_1/Pad/paddings,CPU,1.0,0.1,0.1
cell_stem_1/Pad_Gather_Index,CPU,0.0,0.5,0
cell_stem_1/Pad_Gather,CPU,0.0,0.3,0
cell_stem_1/Pad,CPU,1069.5555555555557,1601.2,1.4970704342405983
cell_stem_1/strided_slice/stack,CPU,0.0,0.4,0
cell_stem_1/strided_slice/stack_1,CPU,1.0,0.1,0.1
cell_stem_1/strided_slice/stack_2,CPU,0.9,0.1,0.11111111111111112
cell_stem_1/Pad___tr4cell_stem_1/strided_slice,CPU,3416.777777777778,4401.8,1.2882898117134403
cell_stem_1/strided_slice,CPU,1277.2,1348.7,1.0559818352646415
cell_stem_1/strided_slice___tr4cell_stem_1/AvgPool2D_1,CPU,1152.3,1199.1,1.0406144233272585
cell_stem_1/AvgPool2D_1,CPU,374.2,406.1,1.0852485301977552
cell_stem_1/path2_conv/Conv2D,CPU,770.8888888888889,958.0,1.2427212453156529
cell_stem_1/concat,CPU,157.0,325.4,2.0726114649681526
cell_stem_1/final_path_bn/FusedBatchNormV3,CPU,104.9,167.3,1.5948522402287892
cell_stem_1/comb_iter_1/right/Relu,CPU,81.44444444444444,116.6,1.431650750341064
cell_stem_1/comb_iter_1/right/separable_7x7_1/separable_conv2d/depthwise,CPU,461.2,552.5,1.1979618386817
cell_stem_1/comb_iter_1/right/separable_7x7_1/separable_conv2d,CPU,87.3,99.2,1.13631156930126
cell_stem_1/comb_iter_1/right/separable_7x7_2/separable_conv2d/depthwise,CPU,451.2,446.7,0.9900265957446809
cell_stem_1/comb_iter_1/right/separable_7x7_2/separable_conv2d,CPU,79.2,81.7,1.0315656565656566
cell_stem_1/comb_iter_1/left/MaxPool2D/MaxPool___tr4cell_stem_1/comb_iter_1/combine/add,CPU,144.2,151.1,1.0478502080443828
cell_stem_1/comb_iter_1/right/bn_sep_7x7_2/FusedBatchNormV3___tr4cell_stem_1/comb_iter_1/combine/add,CPU,28.7,28.9,1.0069686411149825
cell_stem_1/comb_iter_1/combine/add,CPU,18.6,21.3,1.1451612903225805
cell_stem_1/comb_iter_2/left/AvgPool2D/AvgPool,CPU,231.3,259.7,1.1227842628620837
cell_stem_1/comb_iter_2/right/Relu,CPU,101.66666666666667,162.0,1.5934426229508196
cell_stem_1/comb_iter_2/right/separable_5x5_1/separable_conv2d/depthwise,CPU,279.3333333333333,303.3,1.085799522673031
cell_stem_1/comb_iter_2/right/separable_5x5_1/separable_conv2d,CPU,86.33333333333333,97.1,1.1247104247104247
cell_stem_1/comb_iter_2/right/separable_5x5_2/separable_conv2d/depthwise,CPU,215.2,217.5,1.0106877323420076
cell_stem_1/comb_iter_2/right/separable_5x5_2/separable_conv2d,CPU,79.1,80.1,1.0126422250316056
cell_stem_1/comb_iter_2/left/AvgPool2D/AvgPool___tr4cell_stem_1/comb_iter_2/combine/add,CPU,39.666666666666664,136.9,3.451260504201681
cell_stem_1/comb_iter_2/right/bn_sep_5x5_2/FusedBatchNormV3___tr4cell_stem_1/comb_iter_2/combine/add,CPU,28.4,28.9,1.017605633802817
cell_stem_1/comb_iter_2/combine/add,CPU,15.5,21.5,1.3870967741935485
cell_stem_1/comb_iter_0/left/Relu,CPU,108.5,163.0,1.5023041474654377
cell_stem_1/comb_iter_0/left/separable_5x5_1/separable_conv2d/depthwise,CPU,238.8,366.4,1.5343383584589614
cell_stem_1/comb_iter_0/left/separable_5x5_1/separable_conv2d,CPU,81.5,93.6,1.1484662576687117
cell_stem_1/comb_iter_0/left/separable_5x5_2/separable_conv2d/depthwise,CPU,216.7,216.5,0.9990770650669129
cell_stem_1/comb_iter_0/left/separable_5x5_2/separable_conv2d,CPU,79.22222222222223,79.7,1.006030855539972
cell_stem_1/comb_iter_0/right/Relu,CPU,101.0,137.9,1.3653465346534654
cell_stem_1/comb_iter_0/right/separable_7x7_1/separable_conv2d/depthwise,CPU,416.7,481.4,1.1552675785937125
cell_stem_1/comb_iter_0/right/separable_7x7_1/separable_conv2d,CPU,82.44444444444444,93.3,1.1316711590296495
cell_stem_1/comb_iter_0/right/separable_7x7_2/separable_conv2d/depthwise,CPU,446.5,452.1,1.012541993281075
cell_stem_1/comb_iter_0/right/separable_7x7_2/separable_conv2d,CPU,79.2,80.6,1.0176767676767675
cell_stem_1/comb_iter_0/combine/add,CPU,16.2,27.5,1.6975308641975309
cell_stem_1/comb_iter_3/right/AvgPool2D/AvgPool,OpenCL,462.0,768.1,1.6625541125541126
cell_stem_1/comb_iter_3/right/AvgPool2D/AvgPool___tr4cell_stem_1/comb_iter_3/combine/add,OpenCL,446.25,663.8,1.4875070028011204
cell_stem_1/comb_iter_3/combine/add,OpenCL,421.0,722.3,1.7156769596199524
cell_stem_1/comb_iter_4/left/Relu,CPU,18.5,20.3,1.0972972972972974
cell_stem_1/comb_iter_4/left/separable_3x3_1/separable_conv2d/depthwise,CPU,79.3,101.2,1.2761664564943254
cell_stem_1/comb_iter_4/left/separable_3x3_1/separable_conv2d,CPU,81.0,84.7,1.045679012345679
cell_stem_1/comb_iter_4/left/separable_3x3_2/separable_conv2d/depthwise,CPU,76.2,75.6,0.9921259842519684
cell_stem_1/comb_iter_4/left/separable_3x3_2/separable_conv2d,CPU,79.3,79.2,0.9987389659520808
cell_stem_1/comb_iter_4/right/MaxPool2D/MaxPool,CPU,191.9,243.4,1.2683689421573736
cell_stem_1/comb_iter_4/left/bn_sep_3x3_2/FusedBatchNormV3___tr4cell_stem_1/comb_iter_4/combine/add,CPU,28.8,142.5,4.947916666666667
cell_stem_1/comb_iter_4/right/MaxPool2D/MaxPool___tr4cell_stem_1/comb_iter_4/combine/add,CPU,28.5,77.4,2.7157894736842105
cell_stem_1/comb_iter_4/combine/add,CPU,15.444444444444445,27.2,1.7611510791366907
cell_stem_1/cell_output/concat,CPU,116.44444444444444,194.3,1.6686068702290078
cell_1/Relu,CPU,64.3,141.3,2.1975116640746504
cell_1/Relu___tr4cell_1/prev_1x1/Conv2D,CPU,128.9,207.6,1.6105508145849494
cell_1/prev_1x1/Conv2D,CPU,476.4,528.5,1.1093618807724601
cell_0/Relu,CPU,284.7,356.8,1.253249034070952
cell_0/Relu___tr4cell_0/AvgPool2D,CPU,301.7,550.6,1.8249917136228042
cell_0/AvgPool2D,CPU,177.3,359.1,2.0253807106598987
cell_0/path1_conv/Conv2D,CPU,168.77777777777777,205.3,1.2163923633969718
cell_0/Pad/paddings,CPU,0.0,0.2,0
cell_0/Pad,CPU,267.3,496.0,1.8555929667040778
cell_0/strided_slice/stack,CPU,0.0,0.1,0
cell_0/strided_slice/stack_1,CPU,0.9,0.3,0.3333333333333333
cell_0/strided_slice/stack_2,CPU,0.0,0.3,0
cell_0/strided_slice,CPU,381.0,467.0,1.2257217847769029
cell_0/strided_slice___tr4cell_0/AvgPool2D_1,CPU,240.1,473.3,1.9712619741774262
cell_0/AvgPool2D_1,CPU,134.1,289.7,2.1603281133482475
cell_0/path2_conv/Conv2D,CPU,167.0,163.7,0.9802395209580838
cell_0/concat,CPU,100.2,140.9,1.406187624750499
cell_0/final_path_bn/FusedBatchNormV3,CPU,30.9,34.4,1.1132686084142396
cell_0/Relu_1,OpenCL,502.0,869.2,1.7314741035856576
cell_0/Relu_1___tr4cell_0/1x1/Conv2D,OpenCL,411.375,830.3,2.0183530841689454
cell_0/1x1/Conv2D,OpenCL,1283.2222222222222,1112.6,0.867036107022253
cell_0/comb_iter_0/left/Relu,CPU,32.7,73.9,2.2599388379204894
cell_0/comb_iter_0/left/separable_5x5_1/separable_conv2d/depthwise,CPU,463.1,499.1,1.077736989851004
cell_0/comb_iter_0/left/separable_5x5_1/separable_conv2d,CPU,230.5,246.4,1.0689804772234273
cell_0/comb_iter_0/left/separable_5x5_2/separable_conv2d/depthwise,CPU,426.2,436.3,1.0236977944626937
cell_0/comb_iter_0/left/separable_5x5_2/separable_conv2d,CPU,224.33333333333334,241.0,1.074294205052006
cell_0/comb_iter_0/right/Relu,CPU,39.77777777777778,44.3,1.1136871508379886
cell_0/comb_iter_0/right/separable_3x3_1/separable_conv2d/depthwise,CPU,148.55555555555554,171.0,1.1510845175766642
cell_0/comb_iter_0/right/separable_3x3_1/separable_conv2d,CPU,231.2,258.5,1.1180795847750866
cell_0/comb_iter_0/right/separable_3x3_2/separable_conv2d/depthwise,CPU,145.6,148.3,1.0185439560439562
cell_0/comb_iter_0/right/separable_3x3_2/separable_conv2d,CPU,224.4,230.7,1.0280748663101604
cell_0/comb_iter_0/combine/add,CPU,27.2,54.4,2.0
cell_0/comb_iter_1/left/Relu,CPU,34.8,56.7,1.6293103448275865
cell_0/comb_iter_1/left/separable_5x5_1/separable_conv2d/depthwise,CPU,431.7,484.4,1.122075515404216
cell_0/comb_iter_1/left/separable_5x5_1/separable_conv2d,CPU,228.9,245.9,1.074268239405854
cell_0/comb_iter_1/left/separable_5x5_2/separable_conv2d/depthwise,CPU,424.9,439.8,1.0350670746057897
cell_0/comb_iter_1/left/separable_5x5_2/separable_conv2d,CPU,226.0,240.5,1.0641592920353982
cell_0/comb_iter_1/right/Relu,CPU,33.3,49.3,1.4804804804804805
cell_0/comb_iter_1/right/separable_3x3_1/separable_conv2d/depthwise,CPU,145.9,167.6,1.1487320082248114
cell_0/comb_iter_1/right/separable_3x3_1/separable_conv2d,CPU,231.0,243.2,1.0528138528138529
cell_0/comb_iter_1/right/separable_3x3_2/separable_conv2d/depthwise,CPU,144.5,146.6,1.0145328719723183
cell_0/comb_iter_1/right/separable_3x3_2/separable_conv2d,CPU,223.9,231.5,1.0339437248771772
cell_0/comb_iter_1/combine/add,CPU,27.5,48.8,1.7745454545454544
cell_0/comb_iter_2/left/AvgPool2D/AvgPool,OpenCL,537.4285714285714,952.7,1.7727006911217438
cell_0/comb_iter_2/left/AvgPool2D/AvgPool___tr4cell_0/comb_iter_2/combine/add,OpenCL,303.2857142857143,765.2,2.5230334432406973
cell_0/final_path_bn/FusedBatchNormV3___tr4cell_0/comb_iter_2/combine/add,CPU,75.11111111111111,184.5,2.456360946745562
cell_0/comb_iter_2/combine/add,OpenCL,452.14285714285717,886.8,1.9613270142180093
cell_0/comb_iter_3/left/AvgPool2D/AvgPool,OpenCL,600.8571428571429,1172.2,1.9508796956728482
cell_0/comb_iter_3/right/AvgPool2D/AvgPool,OpenCL,545.5714285714286,1042.5,1.910840534171249
cell_0/comb_iter_3/left/AvgPool2D/AvgPool___tr4cell_0/comb_iter_3/combine/add,OpenCL,317.25,825.2,2.601103230890465
cell_0/comb_iter_3/right/AvgPool2D/AvgPool___tr4cell_0/comb_iter_3/combine/add,OpenCL,316.85714285714283,458.4,1.4467087466185753
cell_0/comb_iter_3/combine/add,OpenCL,461.875,625.4,1.3540460081190797
cell_0/comb_iter_4/left/Relu,CPU,37.888888888888886,63.0,1.6627565982404693
cell_0/comb_iter_4/left/separable_3x3_1/separable_conv2d/depthwise,CPU,146.7,183.9,1.2535787321063396
cell_0/comb_iter_4/left/separable_3x3_1/separable_conv2d,CPU,233.4,243.3,1.0424164524421593
cell_0/comb_iter_4/left/separable_3x3_2/separable_conv2d/depthwise,CPU,145.88888888888889,153.2,1.05011424219345
cell_0/comb_iter_4/left/separable_3x3_2/separable_conv2d,CPU,226.1,237.1,1.0486510393631137
cell_0/comb_iter_4/combine/add,CPU,27.5,116.7,4.243636363636364
cell_0/comb_iter_2/combine/add___tr4cell_0/cell_output/concat,OpenCL,336.0,652.4,1.9416666666666667
cell_0/comb_iter_3/combine/add___tr4cell_0/cell_output/concat,OpenCL,301.57142857142856,733.8,2.433254381809569
cell_0/cell_output/concat,CPU,240.2,397.5,1.654870940882598
cell_1/Relu_1,OpenCL,1164.4,1055.2,0.9062177945723119
cell_1/1x1/Conv2D,OpenCL,2192.6,1867.6,0.8517741494116574
cell_1/comb_iter_0/left/Relu,CPU,36.0,81.6,2.2666666666666666
cell_1/comb_iter_0/left/separable_5x5_1/separable_conv2d/depthwise,CPU,503.09999999999997,498.0,0.9898628503279667
cell_1/comb_iter_0/left/separable_5x5_1/separable_conv2d,CPU,235.6,243.3,1.0326825127334467
cell_1/comb_iter_0/left/separable_5x5_2/separable_conv2d/depthwise,CPU,426.6,429.2,1.006094702297234
cell_1/comb_iter_0/left/separable_5x5_2/separable_conv2d,CPU,225.55555555555554,233.4,1.0347783251231528
cell_1/comb_iter_0/right/Relu,CPU,58.0,68.7,1.1844827586206896
cell_1/comb_iter_0/right/separable_3x3_1/separable_conv2d/depthwise,CPU,150.4,181.2,1.2047872340425532
cell_1/comb_iter_0/right/separable_3x3_1/separable_conv2d,CPU,231.0,265.3,1.1484848484848484
cell_1/comb_iter_0/right/separable_3x3_2/separable_conv2d/depthwise,CPU,144.6,166.5,1.1514522821576765
cell_1/comb_iter_0/right/separable_3x3_2/separable_conv2d,CPU,224.1,249.1,1.111557340473003
cell_1/comb_iter_0/combine/add,CPU,26.9,59.9,2.2267657992565058
cell_1/comb_iter_1/left/Relu,CPU,45.3,37.0,0.8167770419426049
cell_1/comb_iter_1/left/separable_5x5_1/separable_conv2d/depthwise,CPU,438.3,516.2,1.1777321469313256
cell_1/comb_iter_1/left/separable_5x5_1/separable_conv2d,CPU,229.2,257.9,1.12521815008726
cell_1/comb_iter_1/left/separable_5x5_2/separable_conv2d/depthwise,CPU,424.9,432.0,1.0167098140738997
cell_1/comb_iter_1/left/separable_5x5_2/separable_conv2d,CPU,224.2,248.3,1.1074933095450492
cell_1/comb_iter_1/right/Relu,CPU,35.4,61.5,1.7372881355932204
cell_1/comb_iter_1/right/separable_3x3_1/separable_conv2d/depthwise,CPU,145.0,164.1,1.1317241379310345
cell_1/comb_iter_1/right/separable_3x3_1/separable_conv2d,CPU,232.5,247.8,1.0658064516129033
cell_1/comb_iter_1/right/separable_3x3_2/separable_conv2d/depthwise,CPU,145.1,147.5,1.016540317022743
cell_1/comb_iter_1/right/separable_3x3_2/separable_conv2d,CPU,224.4,229.4,1.0222816399286987
cell_1/comb_iter_1/combine/add,CPU,25.8,56.3,2.182170542635659
cell_1/comb_iter_2/left/AvgPool2D/AvgPool,OpenCL,455.0,1072.8,2.3578021978021977
cell_1/comb_iter_2/left/AvgPool2D/AvgPool___tr4cell_1/comb_iter_2/combine/add,OpenCL,344.75,955.5,2.771573604060914
cell_1/prev_bn/FusedBatchNormV3___tr4cell_1/comb_iter_2/combine/add,CPU,121.6,81.0,0.6661184210526316
cell_1/comb_iter_2/combine/add,OpenCL,431.25,923.0,2.1402898550724636
cell_1/comb_iter_3/left/AvgPool2D/AvgPool,CPU,229.2,268.7,1.1723385689354275
cell_1/comb_iter_3/right/AvgPool2D/AvgPool,CPU,225.8,244.3,1.0819309123117804
cell_1/comb_iter_3/left/AvgPool2D/AvgPool___tr4cell_1/comb_iter_3/combine/add,CPU,59.0,135.9,2.3033898305084746
cell_1/comb_iter_3/right/AvgPool2D/AvgPool___tr4cell_1/comb_iter_3/combine/add,CPU,58.5,176.8,3.0222222222222226
cell_1/comb_iter_3/combine/add,CPU,38.2,70.0,1.832460732984293
cell_1/comb_iter_4/left/Relu,CPU,41.6,73.8,1.7740384615384615
cell_1/comb_iter_4/left/separable_3x3_1/separable_conv2d/depthwise,CPU,146.66666666666666,192.3,1.3111363636363638
cell_1/comb_iter_4/left/separable_3x3_1/separable_conv2d,CPU,232.2,238.8,1.0284237726098193
cell_1/comb_iter_4/left/separable_3x3_2/separable_conv2d/depthwise,CPU,145.6,154.4,1.0604395604395604
cell_1/comb_iter_4/left/separable_3x3_2/separable_conv2d,CPU,225.8,235.2,1.04162976085031
cell_1/comb_iter_4/combine/add,CPU,27.2,105.3,3.8713235294117645
cell_1/comb_iter_2/combine/add___tr4cell_1/cell_output/concat,OpenCL,266.7142857142857,589.9,2.2117300482056774
cell_1/comb_iter_3/combine/add___tr4cell_1/cell_output/concat,CPU,48.7,56.9,1.1683778234086242
cell_1/cell_output/concat,CPU,229.6,428.9,1.8680313588850175
cell_3/Relu,CPU,413.6,499.5,1.2076885880077368
cell_3/prev_1x1/Conv2D,CPU,1517.1,1601.5,1.0556324566607345
cell_2/Relu,CPU,409.8,523.8,1.2781844802342606
cell_2/prev_1x1/Conv2D,CPU,1483.6,1600.9,1.0790644378538692
cell_2/Relu_1,OpenCL,1124.6,926.4,0.8237595589542949
cell_2/1x1/Conv2D,OpenCL,2128.7,1836.6,0.8627801005308404
cell_2/comb_iter_0/left/Relu,CPU,34.8,69.3,1.9913793103448276
cell_2/comb_iter_0/left/separable_5x5_1/separable_conv2d/depthwise,CPU,497.9,510.2,1.024703755774252
cell_2/comb_iter_0/left/separable_5x5_1/separable_conv2d,CPU,236.7,252.2,1.0654837346852557
cell_2/comb_iter_0/left/separable_5x5_2/separable_conv2d/depthwise,CPU,428.0,439.3,1.0264018691588785
cell_2/comb_iter_0/left/separable_5x5_2/separable_conv2d,CPU,225.11111111111111,246.4,1.0945705824284304
cell_2/comb_iter_0/right/Relu,CPU,56.3,63.4,1.1261101243339253
cell_2/comb_iter_0/right/separable_3x3_1/separable_conv2d/depthwise,CPU,149.2,168.4,1.128686327077748
cell_2/comb_iter_0/right/separable_3x3_1/separable_conv2d,CPU,230.6,248.9,1.0793581960104077
cell_2/comb_iter_0/right/separable_3x3_2/separable_conv2d/depthwise,CPU,145.5,163.3,1.1223367697594502
cell_2/comb_iter_0/right/separable_3x3_2/separable_conv2d,CPU,226.6,242.1,1.0684024713150926
cell_2/comb_iter_0/combine/add,CPU,27.4,53.8,1.9635036496350364
cell_2/comb_iter_1/left/Relu,CPU,38.5,38.4,0.9974025974025974
cell_2/comb_iter_1/left/separable_5x5_1/separable_conv2d/depthwise,CPU,426.5,510.4,1.196717467760844
cell_2/comb_iter_1/left/separable_5x5_1/separable_conv2d,CPU,228.6,252.7,1.105424321959755
cell_2/comb_iter_1/left/separable_5x5_2/separable_conv2d/depthwise,CPU,431.3,444.9,1.031532575933225
cell_2/comb_iter_1/left/separable_5x5_2/separable_conv2d,CPU,224.4,242.8,1.0819964349376114
cell_2/comb_iter_1/right/Relu,CPU,34.7,47.5,1.3688760806916425
cell_2/comb_iter_1/right/separable_3x3_1/separable_conv2d/depthwise,CPU,145.4,165.7,1.139614855570839
cell_2/comb_iter_1/right/separable_3x3_1/separable_conv2d,CPU,232.3,248.2,1.0684459750322857
cell_2/comb_iter_1/right/separable_3x3_2/separable_conv2d/depthwise,CPU,144.8,154.0,1.0635359116022098
cell_2/comb_iter_1/right/separable_3x3_2/separable_conv2d,CPU,223.4,237.5,1.0631154879140554
cell_2/comb_iter_1/combine/add,CPU,26.2,60.0,2.290076335877863
cell_2/comb_iter_2/left/AvgPool2D/AvgPool,OpenCL,564.3333333333334,1110.2,1.9672770230360306
cell_2/comb_iter_2/left/AvgPool2D/AvgPool___tr4cell_2/comb_iter_2/combine/add,OpenCL,337.14285714285717,754.7,2.2385169491525425
cell_2/prev_bn/FusedBatchNormV3___tr4cell_2/comb_iter_2/combine/add,CPU,113.0,116.8,1.0336283185840707
cell_2/comb_iter_2/combine/add,OpenCL,365.2857142857143,924.8,2.531716855690262
cell_2/comb_iter_3/left/AvgPool2D/AvgPool,OpenCL,528.8333333333334,1630.6,3.083391112511818
cell_2/comb_iter_3/right/AvgPool2D/AvgPool,OpenCL,641.8571428571429,1339.8,2.08738036946361
cell_2/comb_iter_3/left/AvgPool2D/AvgPool___tr4cell_2/comb_iter_3/combine/add,OpenCL,289.42857142857144,707.7,2.445162882527147
cell_2/comb_iter_3/right/AvgPool2D/AvgPool___tr4cell_2/comb_iter_3/combine/add,OpenCL,243.5,633.5,2.6016427104722792
cell_2/comb_iter_3/combine/add,OpenCL,360.0,740.4,2.0566666666666666
cell_2/comb_iter_4/left/Relu,CPU,41.3,62.4,1.5108958837772397
cell_2/comb_iter_4/left/separable_3x3_1/separable_conv2d/depthwise,CPU,147.6,185.1,1.2540650406504066
cell_2/comb_iter_4/left/separable_3x3_1/separable_conv2d,CPU,229.6,241.5,1.0518292682926829
cell_2/comb_iter_4/left/separable_3x3_2/separable_conv2d/depthwise,CPU,146.8,153.5,1.0456403269754768
cell_2/comb_iter_4/left/separable_3x3_2/separable_conv2d,CPU,224.0,243.4,1.0866071428571429
cell_2/comb_iter_4/combine/add,CPU,28.2,113.3,4.0177304964539005
cell_2/comb_iter_2/combine/add___tr4cell_2/cell_output/concat,OpenCL,283.8333333333333,330.2,1.1633587786259543
cell_2/comb_iter_3/combine/add___tr4cell_2/cell_output/concat,OpenCL,335.14285714285717,479.7,1.4313299232736572
cell_2/cell_output/concat,CPU,260.8,452.1,1.7335122699386503
cell_3/Relu_1,OpenCL,1088.8,889.8,0.8172299779573843
cell_3/1x1/Conv2D,OpenCL,2128.2,1818.3,0.8543839864674373
cell_3/comb_iter_0/left/Relu,CPU,33.888888888888886,53.6,1.5816393442622954
cell_3/comb_iter_0/left/separable_5x5_1/separable_conv2d/depthwise,CPU,486.9,498.2,1.0232080509344834
cell_3/comb_iter_0/left/separable_5x5_1/separable_conv2d,CPU,237.6,234.6,0.9873737373737373
cell_3/comb_iter_0/left/separable_5x5_2/separable_conv2d/depthwise,CPU,431.5,426.5,0.9884125144843569
cell_3/comb_iter_0/left/separable_5x5_2/separable_conv2d,CPU,225.11111111111111,228.6,1.0154985192497532
cell_3/comb_iter_0/right/Relu,CPU,57.0,63.6,1.1157894736842104
cell_3/comb_iter_0/right/separable_3x3_1/separable_conv2d/depthwise,CPU,148.5,170.4,1.1474747474747475
cell_3/comb_iter_0/right/separable_3x3_1/separable_conv2d,CPU,230.1,238.9,1.0382442416340723
cell_3/comb_iter_0/right/separable_3x3_2/separable_conv2d/depthwise,CPU,145.1,147.0,1.0130944176430048
cell_3/comb_iter_0/right/separable_3x3_2/separable_conv2d,CPU,223.8,227.1,1.0147453083109919
cell_3/comb_iter_0/combine/add,CPU,27.1,38.7,1.4280442804428044
cell_3/comb_iter_1/left/Relu,CPU,39.888888888888886,39.6,0.9927576601671311
cell_3/comb_iter_1/left/separable_5x5_1/separable_conv2d/depthwise,CPU,426.5,515.1,1.2077373974208676
cell_3/comb_iter_1/left/separable_5x5_1/separable_conv2d,CPU,228.8,256.2,1.1197552447552446
cell_3/comb_iter_1/left/separable_5x5_2/separable_conv2d/depthwise,CPU,424.4,432.0,1.0179076343072573
cell_3/comb_iter_1/left/separable_5x5_2/separable_conv2d,CPU,224.4,228.1,1.016488413547237
cell_3/comb_iter_1/right/Relu,CPU,35.8,46.7,1.304469273743017
cell_3/comb_iter_1/right/separable_3x3_1/separable_conv2d/depthwise,CPU,147.2,155.9,1.0591032608695654
cell_3/comb_iter_1/right/separable_3x3_1/separable_conv2d,CPU,233.5,240.4,1.0295503211991435
cell_3/comb_iter_1/right/separable_3x3_2/separable_conv2d/depthwise,CPU,144.5,146.1,1.0110726643598615
cell_3/comb_iter_1/right/separable_3x3_2/separable_conv2d,CPU,224.33333333333334,238.0,1.0609212481426449
cell_3/comb_iter_1/combine/add,CPU,25.666666666666668,42.6,1.6597402597402597
cell_3/comb_iter_2/left/AvgPool2D/AvgPool,OpenCL,553.6666666666666,680.7,1.2294400963275136
cell_3/comb_iter_2/left/AvgPool2D/AvgPool___tr4cell_3/comb_iter_2/combine/add,OpenCL,372.5,778.0,2.088590604026846
cell_3/prev_bn/FusedBatchNormV3___tr4cell_3/comb_iter_2/combine/add,CPU,117.44444444444444,155.0,1.3197729422894986
cell_3/comb_iter_2/combine/add,OpenCL,373.0,878.2,2.3544235924932977
cell_3/comb_iter_3/left/AvgPool2D/AvgPool,OpenCL,524.8333333333334,1186.8,2.2612892981899013
cell_3/comb_iter_3/right/AvgPool2D/AvgPool,OpenCL,680.8333333333334,1157.9,1.7007099143206854
cell_3/comb_iter_3/left/AvgPool2D/AvgPool___tr4cell_3/comb_iter_3/combine/add,OpenCL,334.85714285714283,623.2,1.8610921501706488
cell_3/comb_iter_3/right/AvgPool2D/AvgPool___tr4cell_3/comb_iter_3/combine/add,OpenCL,324.5,450.1,1.3870570107858244
cell_3/comb_iter_3/combine/add,OpenCL,399.6666666666667,947.0,2.3694745621351125
cell_3/comb_iter_4/left/Relu,CPU,40.77777777777778,79.7,1.9544959128065396
cell_3/comb_iter_4/left/separable_3x3_1/separable_conv2d/depthwise,CPU,147.5,191.6,1.2989830508474576
cell_3/comb_iter_4/left/separable_3x3_1/separable_conv2d,CPU,230.2,245.3,1.0655951346655084
cell_3/comb_iter_4/left/separable_3x3_2/separable_conv2d/depthwise,CPU,144.55555555555554,151.3,1.0466564181398925
cell_3/comb_iter_4/left/separable_3x3_2/separable_conv2d,CPU,227.0,234.2,1.0317180616740087
cell_3/comb_iter_4/combine/add,CPU,28.22222222222222,110.5,3.9153543307086616
cell_3/comb_iter_2/combine/add___tr4cell_3/cell_output/concat,OpenCL,318.75,435.2,1.3653333333333333
cell_3/comb_iter_3/combine/add___tr4cell_3/cell_output/concat,OpenCL,350.625,597.6,1.7043850267379679
cell_3/cell_output/concat,CPU,249.1,576.3,2.313528703331995
reduction_cell_0/Relu_1,CPU,406.1,461.3,1.1359271115488796
reduction_cell_0/1x1/Conv2D,CPU,2681.3,2822.7,1.052735613321896
reduction_cell_0/comb_iter_1/left/MaxPool2D/MaxPool,CPU,125.55555555555556,190.5,1.5172566371681415
reduction_cell_0/Relu,OpenCL,984.8888888888889,1478.1,1.5007784296028879
reduction_cell_0/prev_1x1/Conv2D,OpenCL,2945.0,2952.1,1.0024108658743633
reduction_cell_0/comb_iter_1/right/Relu,CPU,71.7,170.3,2.375174337517434
reduction_cell_0/comb_iter_1/right/separable_7x7_1/separable_conv2d/depthwise,CPU,574.6,599.5,1.0433344935607378
reduction_cell_0/comb_iter_1/right/separable_7x7_1/separable_conv2d,CPU,234.6,245.9,1.0481670929241262
reduction_cell_0/comb_iter_1/right/separable_7x7_2/separable_conv2d/depthwise,CPU,418.7,409.2,0.9773107236684977
reduction_cell_0/comb_iter_1/right/separable_7x7_2/separable_conv2d,CPU,225.5,230.2,1.0208425720620842
reduction_cell_0/comb_iter_1/left/MaxPool2D/MaxPool___tr4reduction_cell_0/comb_iter_1/combine/add,CPU,154.6,159.8,1.0336351875808538
reduction_cell_0/comb_iter_1/right/bn_sep_7x7_2/FusedBatchNormV3___tr4reduction_cell_0/comb_iter_1/combine/add,CPU,26.7,25.5,0.9550561797752809
reduction_cell_0/comb_iter_1/combine/add,CPU,18.5,20.8,1.1243243243243244
reduction_cell_0/comb_iter_2/left/AvgPool2D/AvgPool,OpenCL,438.5,1145.5,2.6123147092360317
reduction_cell_0/comb_iter_2/right/Relu,OpenCL,458.75,1288.8,2.8093732970027245
reduction_cell_0/comb_iter_2/right/separable_5x5_1/separable_conv2d/depthwise,OpenCL,1225.5,1178.6,0.9617299061607506
reduction_cell_0/comb_iter_2/right/separable_5x5_1/separable_conv2d,OpenCL,1076.0,820.8,0.7628252788104088
reduction_cell_0/comb_iter_2/right/separable_5x5_2/separable_conv2d/depthwise,OpenCL,1054.9,888.1,0.841880746990236
reduction_cell_0/comb_iter_2/right/separable_5x5_2/separable_conv2d,OpenCL,1075.7777777777778,864.7,0.8037905391448048
reduction_cell_0/comb_iter_2/left/AvgPool2D/AvgPool___tr4reduction_cell_0/comb_iter_2/combine/add,OpenCL,275.6,246.2,0.8933236574746007
reduction_cell_0/comb_iter_2/right/bn_sep_5x5_2/FusedBatchNormV3___tr4reduction_cell_0/comb_iter_2/combine/add,OpenCL,292.2857142857143,243.9,0.8344574780058651
reduction_cell_0/comb_iter_2/combine/add,OpenCL,439.875,544.0,1.2367149758454106
reduction_cell_0/comb_iter_0/left/Relu,CPU,108.1,115.0,1.0638297872340425
reduction_cell_0/comb_iter_0/left/separable_5x5_1/separable_conv2d/depthwise,CPU,291.0,354.0,1.2164948453608246
reduction_cell_0/comb_iter_0/left/separable_5x5_1/separable_conv2d,CPU,226.9,228.8,1.0083737329219922
reduction_cell_0/comb_iter_0/left/separable_5x5_2/separable_conv2d/depthwise,CPU,239.7,240.2,1.0020859407592824
reduction_cell_0/comb_iter_0/left/separable_5x5_2/separable_conv2d,CPU,223.88888888888889,224.7,1.0036228287841191
reduction_cell_0/comb_iter_0/right/Relu,CPU,94.0,139.3,1.4819148936170214
reduction_cell_0/comb_iter_0/right/separable_7x7_1/separable_conv2d/depthwise,CPU,449.5,584.3,1.299888765294772
reduction_cell_0/comb_iter_0/right/separable_7x7_1/separable_conv2d,CPU,225.6,237.0,1.050531914893617
reduction_cell_0/comb_iter_0/right/separable_7x7_2/separable_conv2d/depthwise,CPU,409.3,408.9,0.9990227217200097
reduction_cell_0/comb_iter_0/right/separable_7x7_2/separable_conv2d,CPU,224.2,236.4,1.0544157002676182
reduction_cell_0/comb_iter_0/combine/add,CPU,17.0,27.0,1.588235294117647
reduction_cell_0/comb_iter_3/right/AvgPool2D/AvgPool,CPU,110.8,112.9,1.0189530685920578
reduction_cell_0/comb_iter_3/right/AvgPool2D/AvgPool___tr4reduction_cell_0/comb_iter_3/combine/add,CPU,26.8,29.7,1.1082089552238805
reduction_cell_0/comb_iter_3/combine/add,CPU,34.4,30.5,0.8866279069767442
reduction_cell_0/comb_iter_4/left/Relu,CPU,17.2,18.4,1.069767441860465
reduction_cell_0/comb_iter_4/left/separable_3x3_1/separable_conv2d/depthwise,CPU,85.3,84.8,0.9941383352872216
reduction_cell_0/comb_iter_4/left/separable_3x3_1/separable_conv2d,CPU,225.3,232.1,1.0301819795827785
reduction_cell_0/comb_iter_4/left/separable_3x3_2/separable_conv2d/depthwise,CPU,82.66666666666667,81.7,0.9883064516129032
reduction_cell_0/comb_iter_4/left/separable_3x3_2/separable_conv2d,CPU,223.0,221.6,0.9937219730941704
reduction_cell_0/comb_iter_4/right/MaxPool2D/MaxPool,CPU,179.0,153.0,0.8547486033519553
reduction_cell_0/comb_iter_4/left/bn_sep_3x3_2/FusedBatchNormV3___tr4reduction_cell_0/comb_iter_4/combine/add,CPU,27.1,64.4,2.3763837638376386
reduction_cell_0/comb_iter_4/right/MaxPool2D/MaxPool___tr4reduction_cell_0/comb_iter_4/combine/add,CPU,26.2,33.6,1.2824427480916032
reduction_cell_0/comb_iter_4/combine/add,CPU,19.875,26.7,1.3433962264150943
reduction_cell_0/cell_output/concat,CPU,95.77777777777777,142.7,1.489907192575406
cell_5/Relu,CPU,65.4,142.6,2.180428134556575
cell_5/Relu___tr4cell_5/prev_1x1/Conv2D,CPU,103.5,265.2,2.56231884057971
cell_5/prev_1x1/Conv2D,CPU,973.9,1018.9,1.0462059759728926
cell_4/Relu,CPU,467.3333333333333,530.0,1.1340941512125535
cell_4/AvgPool2D,CPU,290.77777777777777,453.8,1.5606419564386702
cell_4/path1_conv/Conv2D,CPU,426.9,469.3,1.099320684000937
cell_4/Pad/paddings,CPU,0.0,0.2,0
cell_4/Pad_Gather_Index,CPU,0.9,0.3,0.3333333333333333
cell_4/Pad_Gather,CPU,0.0,0.0,0
cell_4/Pad,CPU,630.375,800.1,1.2692444973230221
cell_4/strided_slice/stack,CPU,0.875,0.2,0.2285714285714286
cell_4/strided_slice/stack_1,CPU,0.0,0.2,0
cell_4/strided_slice/stack_2,CPU,0.0,0.2,0
cell_4/Pad___tr4cell_4/strided_slice,CPU,1304.4,2283.3,1.750459981600736
cell_4/strided_slice,CPU,571.3,666.4,1.1664624540521618
cell_4/strided_slice___tr4cell_4/AvgPool2D_1,CPU,545.3,791.4,1.4513112048413719
cell_4/AvgPool2D_1,CPU,207.25,344.6,1.6627261761158023
cell_4/path2_conv/Conv2D,CPU,433.7,472.4,1.0892321881484897
cell_4/concat,CPU,23.375,38.2,1.6342245989304813
cell_4/final_path_bn/FusedBatchNormV3,CPU,25.666666666666668,18.4,0.7168831168831168
cell_4/Relu_1,OpenCL,429.1111111111111,690.5,1.6091403417918178
cell_4/Relu_1___tr4cell_4/1x1/Conv2D,OpenCL,461.125,688.4,1.492870696665763
cell_4/1x1/Conv2D,OpenCL,1726.2,1443.9,0.8364615919360445
cell_4/comb_iter_0/left/Relu,CPU,18.0,23.0,1.2777777777777777
cell_4/comb_iter_0/left/separable_5x5_1/separable_conv2d/depthwise,CPU,260.4,277.6,1.0660522273425501
cell_4/comb_iter_0/left/separable_5x5_1/separable_conv2d,CPU,227.66666666666666,230.7,1.0133235724743777
cell_4/comb_iter_0/left/separable_5x5_2/separable_conv2d/depthwise,CPU,239.2,240.8,1.0066889632107023
cell_4/comb_iter_0/left/separable_5x5_2/separable_conv2d,CPU,228.7,227.2,0.9934411893310013
cell_4/comb_iter_0/right/Relu,CPU,23.0,29.1,1.2652173913043478
cell_4/comb_iter_0/right/separable_3x3_1/separable_conv2d/depthwise,CPU,85.4,85.1,0.996487119437939
cell_4/comb_iter_0/right/separable_3x3_1/separable_conv2d,CPU,235.9,232.5,0.9855871131835523
cell_4/comb_iter_0/right/separable_3x3_2/separable_conv2d/depthwise,CPU,82.6,82.2,0.9951573849878935
cell_4/comb_iter_0/right/separable_3x3_2/separable_conv2d,CPU,227.5,221.5,0.9736263736263736
cell_4/comb_iter_0/combine/add,CPU,17.5,20.5,1.1714285714285715
cell_4/comb_iter_1/left/Relu,CPU,19.4,18.0,0.9278350515463918
cell_4/comb_iter_1/left/separable_5x5_1/separable_conv2d/depthwise,CPU,251.6,247.9,0.9852941176470589
cell_4/comb_iter_1/left/separable_5x5_1/separable_conv2d,CPU,226.5,230.3,1.016777041942605
cell_4/comb_iter_1/left/separable_5x5_2/separable_conv2d/depthwise,CPU,244.3,242.5,0.9926320098239868
cell_4/comb_iter_1/left/separable_5x5_2/separable_conv2d,CPU,223.4,224.5,1.004923903312444
cell_4/comb_iter_1/right/Relu,CPU,17.5,18.6,1.062857142857143
cell_4/comb_iter_1/right/separable_3x3_1/separable_conv2d/depthwise,CPU,82.2,86.9,1.0571776155717763
cell_4/comb_iter_1/right/separable_3x3_1/separable_conv2d,CPU,236.9,237.0,1.0004221190375686
cell_4/comb_iter_1/right/separable_3x3_2/separable_conv2d/depthwise,CPU,82.3,81.6,0.991494532199271
cell_4/comb_iter_1/right/separable_3x3_2/separable_conv2d,CPU,225.55555555555554,227.9,1.0103940886699507
cell_4/comb_iter_1/combine/add,CPU,16.0,18.5,1.15625
cell_4/comb_iter_2/left/AvgPool2D/AvgPool,OpenCL,412.375,626.3,1.5187632615944224
cell_4/comb_iter_2/left/AvgPool2D/AvgPool___tr4cell_4/comb_iter_2/combine/add,OpenCL,307.875,339.8,1.1036946812829882
cell_4/final_path_bn/FusedBatchNormV3___tr4cell_4/comb_iter_2/combine/add,CPU,31.625,49.9,1.5778656126482213
cell_4/comb_iter_2/combine/add,OpenCL,415.1111111111111,781.4,1.882387580299786
cell_4/comb_iter_3/left/AvgPool2D/AvgPool,CPU,108.0,119.6,1.1074074074074074
cell_4/comb_iter_3/right/AvgPool2D/AvgPool,CPU,107.0,108.0,1.0093457943925233
cell_4/comb_iter_3/left/AvgPool2D/AvgPool___tr4cell_4/comb_iter_3/combine/add,CPU,25.5,28.0,1.0980392156862746
cell_4/comb_iter_3/right/AvgPool2D/AvgPool___tr4cell_4/comb_iter_3/combine/add,CPU,26.1,29.4,1.1264367816091954
cell_4/comb_iter_3/combine/add,CPU,31.555555555555557,57.0,1.806338028169014
cell_4/comb_iter_4/left/Relu,OpenCL,326.14285714285717,222.2,0.6812965396408234
cell_4/comb_iter_4/left/separable_3x3_1/separable_conv2d/depthwise,OpenCL,486.57142857142856,534.0,1.0974750440399297
cell_4/comb_iter_4/left/separable_3x3_1/separable_conv2d,OpenCL,1040.7777777777778,847.4,0.8141987829614604
cell_4/comb_iter_4/left/separable_3x3_2/separable_conv2d/depthwise,OpenCL,630.2857142857143,719.3,1.1412284678150497
cell_4/comb_iter_4/left/separable_3x3_2/separable_conv2d,OpenCL,1085.0,839.7,0.7739170506912443
cell_4/comb_iter_4/combine/add,OpenCL,401.125,585.7,1.460143346837021
cell_4/comb_iter_2/combine/add___tr4cell_4/cell_output/concat,OpenCL,386.25,359.5,0.9307443365695793
cell_4/comb_iter_3/combine/add___tr4cell_4/cell_output/concat,CPU,21.9,20.3,0.9269406392694065
cell_4/cell_output/concat,CPU,91.2,180.1,1.974780701754386
cell_5/Relu_1,OpenCL,1098.1,799.1,0.7277115016847282
cell_5/1x1/Conv2D,OpenCL,2259.3,1932.8,0.8554862125437082
cell_5/comb_iter_0/left/Relu,CPU,18.0,29.3,1.6277777777777778
cell_5/comb_iter_0/left/separable_5x5_1/separable_conv2d/depthwise,CPU,246.44444444444446,309.0,1.2538322813345355
cell_5/comb_iter_0/left/separable_5x5_1/separable_conv2d,CPU,230.5,233.0,1.0108459869848156
cell_5/comb_iter_0/left/separable_5x5_2/separable_conv2d/depthwise,CPU,239.7,238.5,0.9949937421777222
cell_5/comb_iter_0/left/separable_5x5_2/separable_conv2d,CPU,222.4,228.1,1.0256294964028776
cell_5/comb_iter_0/right/Relu,CPU,29.9,18.0,0.6020066889632107
cell_5/comb_iter_0/right/separable_3x3_1/separable_conv2d/depthwise,CPU,84.55555555555556,83.5,0.9875164257555847
cell_5/comb_iter_0/right/separable_3x3_1/separable_conv2d,CPU,224.88888888888889,230.6,1.025395256916996
cell_5/comb_iter_0/right/separable_3x3_2/separable_conv2d/depthwise,CPU,82.7,91.0,1.1003627569528416
cell_5/comb_iter_0/right/separable_3x3_2/separable_conv2d,CPU,224.4,228.4,1.017825311942959
cell_5/comb_iter_0/combine/add,CPU,17.1,26.1,1.526315789473684
cell_5/comb_iter_1/left/Relu,CPU,19.444444444444443,20.6,1.0594285714285716
cell_5/comb_iter_1/left/separable_5x5_1/separable_conv2d/depthwise,CPU,241.22222222222223,325.1,1.3477199447259327
cell_5/comb_iter_1/left/separable_5x5_1/separable_conv2d,CPU,226.1,234.6,1.037593984962406
cell_5/comb_iter_1/left/separable_5x5_2/separable_conv2d/depthwise,CPU,240.2,246.8,1.0274771024146545
cell_5/comb_iter_1/left/separable_5x5_2/separable_conv2d,CPU,219.5,227.7,1.0373576309794987
cell_5/comb_iter_1/right/Relu,CPU,18.9,19.3,1.0211640211640214
cell_5/comb_iter_1/right/separable_3x3_1/separable_conv2d/depthwise,CPU,82.7,87.1,1.053204353083434
cell_5/comb_iter_1/right/separable_3x3_1/separable_conv2d,CPU,225.0,231.6,1.0293333333333332
cell_5/comb_iter_1/right/separable_3x3_2/separable_conv2d/depthwise,CPU,82.0,81.9,0.9987804878048782
cell_5/comb_iter_1/right/separable_3x3_2/separable_conv2d,CPU,221.3,223.4,1.0094893809308632
cell_5/comb_iter_1/combine/add,CPU,15.8,18.7,1.1835443037974682
cell_5/comb_iter_2/left/AvgPool2D/AvgPool,OpenCL,433.77777777777777,762.9,1.758734631147541
cell_5/comb_iter_2/left/AvgPool2D/AvgPool___tr4cell_5/comb_iter_2/combine/add,OpenCL,472.8888888888889,527.0,1.1144266917293233
cell_5/prev_bn/FusedBatchNormV3___tr4cell_5/comb_iter_2/combine/add,CPU,30.88888888888889,43.8,1.4179856115107912
cell_5/comb_iter_2/combine/add,OpenCL,374.1111111111111,1199.4,3.2059994059994064
cell_5/comb_iter_3/left/AvgPool2D/AvgPool,CPU,107.6,123.4,1.1468401486988848
cell_5/comb_iter_3/right/AvgPool2D/AvgPool,CPU,107.7,109.3,1.0148560817084493
cell_5/comb_iter_3/left/AvgPool2D/AvgPool___tr4cell_5/comb_iter_3/combine/add,CPU,26.4,28.8,1.090909090909091
cell_5/comb_iter_3/right/AvgPool2D/AvgPool___tr4cell_5/comb_iter_3/combine/add,CPU,26.0,26.9,1.0346153846153845
cell_5/comb_iter_3/combine/add,CPU,22.0,24.8,1.1272727272727272
cell_5/comb_iter_4/left/Relu,CPU,18.0,37.3,2.072222222222222
cell_5/comb_iter_4/left/separable_3x3_1/separable_conv2d/depthwise,CPU,81.6,108.2,1.325980392156863
cell_5/comb_iter_4/left/separable_3x3_1/separable_conv2d,CPU,227.9,228.4,1.0021939447125932
cell_5/comb_iter_4/left/separable_3x3_2/separable_conv2d/depthwise,CPU,81.6,83.2,1.019607843137255
cell_5/comb_iter_4/left/separable_3x3_2/separable_conv2d,CPU,222.2,226.3,1.0184518451845186
cell_5/comb_iter_4/combine/add,CPU,15.0,50.6,3.3733333333333335
cell_5/comb_iter_2/combine/add___tr4cell_5/cell_output/concat,OpenCL,327.57142857142856,211.8,0.6465765372873965
cell_5/comb_iter_3/combine/add___tr4cell_5/cell_output/concat,CPU,20.5,20.5,1.0
cell_5/cell_output/concat,CPU,75.75,195.3,2.5782178217821783
cell_7/Relu,CPU,187.2,223.7,1.1949786324786325
cell_7/prev_1x1/Conv2D,CPU,1546.5,1680.1,1.0863886194633041
cell_6/Relu,CPU,180.5,204.6,1.1335180055401661
cell_6/prev_1x1/Conv2D,CPU,1446.7777777777778,1630.4,1.1269180554488902
cell_6/Relu_1,OpenCL,1059.5555555555557,796.3,0.7515415268456375
cell_6/1x1/Conv2D,OpenCL,2221.6,1924.6,0.8663125675189053
cell_6/comb_iter_0/left/Relu,CPU,18.0,24.0,1.3333333333333333
cell_6/comb_iter_0/left/separable_5x5_1/separable_conv2d/depthwise,CPU,253.2,299.8,1.184044233807267
cell_6/comb_iter_0/left/separable_5x5_1/separable_conv2d,CPU,232.33333333333334,229.1,0.9860832137733141
cell_6/comb_iter_0/left/separable_5x5_2/separable_conv2d/depthwise,CPU,240.8,239.5,0.9946013289036545
cell_6/comb_iter_0/left/separable_5x5_2/separable_conv2d,CPU,223.33333333333334,225.6,1.0101492537313432
cell_6/comb_iter_0/right/Relu,CPU,26.333333333333332,22.0,0.8354430379746836
cell_6/comb_iter_0/right/separable_3x3_1/separable_conv2d/depthwise,CPU,85.9,85.2,0.9918509895227008
cell_6/comb_iter_0/right/separable_3x3_1/separable_conv2d,CPU,226.1,236.5,1.0459973463069439
cell_6/comb_iter_0/right/separable_3x3_2/separable_conv2d/depthwise,CPU,82.5,83.9,1.016969696969697
cell_6/comb_iter_0/right/separable_3x3_2/separable_conv2d,CPU,223.6,226.7,1.0138640429338104
cell_6/comb_iter_0/combine/add,CPU,17.2,19.6,1.1395348837209303
cell_6/comb_iter_1/left/Relu,CPU,19.5,18.9,0.9692307692307691
cell_6/comb_iter_1/left/separable_5x5_1/separable_conv2d/depthwise,CPU,240.77777777777777,305.6,1.2692201199815414
cell_6/comb_iter_1/left/separable_5x5_1/separable_conv2d,CPU,227.0,235.5,1.0374449339207048
cell_6/comb_iter_1/left/separable_5x5_2/separable_conv2d/depthwise,CPU,239.2,238.9,0.9987458193979933
cell_6/comb_iter_1/left/separable_5x5_2/separable_conv2d,CPU,222.5,222.1,0.9982022471910112
cell_6/comb_iter_1/right/Relu,CPU,17.9,18.3,1.022346368715084
cell_6/comb_iter_1/right/separable_3x3_1/separable_conv2d/depthwise,CPU,81.0,89.1,1.0999999999999999
cell_6/comb_iter_1/right/separable_3x3_1/separable_conv2d,CPU,225.2,228.9,1.016429840142096
cell_6/comb_iter_1/right/separable_3x3_2/separable_conv2d/depthwise,CPU,82.2,80.6,0.9805352798053527
cell_6/comb_iter_1/right/separable_3x3_2/separable_conv2d,CPU,225.0,222.6,0.9893333333333333
cell_6/comb_iter_1/combine/add,CPU,15.0,19.8,1.32
cell_6/comb_iter_2/left/AvgPool2D/AvgPool,CPU,126.7,130.4,1.0292028413575376
cell_6/comb_iter_2/left/AvgPool2D/AvgPool___tr4cell_6/comb_iter_2/combine/add,CPU,28.1,32.0,1.1387900355871885
cell_6/prev_bn/FusedBatchNormV3___tr4cell_6/comb_iter_2/combine/add,CPU,28.11111111111111,57.3,2.0383399209486166
cell_6/comb_iter_2/combine/add,CPU,16.7,23.9,1.4311377245508983
cell_6/comb_iter_3/left/AvgPool2D/AvgPool,OpenCL,412.0,813.5,1.9745145631067962
cell_6/comb_iter_3/right/AvgPool2D/AvgPool,OpenCL,440.14285714285717,955.1,2.169977280103862
cell_6/comb_iter_3/left/AvgPool2D/AvgPool___tr4cell_6/comb_iter_3/combine/add,OpenCL,345.375,294.9,0.8538545059717697
cell_6/comb_iter_3/right/AvgPool2D/AvgPool___tr4cell_6/comb_iter_3/combine/add,OpenCL,453.0,325.4,0.7183222958057395
cell_6/comb_iter_3/combine/add,OpenCL,377.125,707.3,1.8755054690089492
cell_6/comb_iter_4/left/Relu,CPU,18.3,21.1,1.1530054644808743
cell_6/comb_iter_4/left/separable_3x3_1/separable_conv2d/depthwise,CPU,83.0,103.8,1.2506024096385542
cell_6/comb_iter_4/left/separable_3x3_1/separable_conv2d,CPU,223.2,233.0,1.0439068100358424
cell_6/comb_iter_4/left/separable_3x3_2/separable_conv2d/depthwise,CPU,82.3,81.6,0.991494532199271
cell_6/comb_iter_4/left/separable_3x3_2/separable_conv2d,CPU,220.4,227.1,1.0303992740471868
cell_6/comb_iter_4/combine/add,CPU,15.1,49.5,3.2781456953642385
cell_6/comb_iter_2/combine/add___tr4cell_6/cell_output/concat,CPU,29.3,30.2,1.030716723549488
cell_6/comb_iter_3/combine/add___tr4cell_6/cell_output/concat,OpenCL,342.42857142857144,531.5,1.5521485189820607
cell_6/cell_output/concat,CPU,80.22222222222223,170.7,2.127839335180055
cell_7/Relu_1,OpenCL,1007.8000000000001,800.6,0.7944036515181583
cell_7/1x1/Conv2D,OpenCL,2226.8,1924.6,0.8642895634991915
cell_7/comb_iter_0/left/Relu,CPU,17.8,24.3,1.3651685393258426
cell_7/comb_iter_0/left/separable_5x5_1/separable_conv2d/depthwise,CPU,253.11111111111111,300.4,1.1868305531167689
cell_7/comb_iter_0/left/separable_5x5_1/separable_conv2d,CPU,227.7,239.1,1.0500658761528328
cell_7/comb_iter_0/left/separable_5x5_2/separable_conv2d/depthwise,CPU,239.4,240.2,1.0033416875522139
cell_7/comb_iter_0/left/separable_5x5_2/separable_conv2d,CPU,221.5,223.2,1.0076749435665913
cell_7/comb_iter_0/right/Relu,CPU,30.0,23.0,0.7666666666666667
cell_7/comb_iter_0/right/separable_3x3_1/separable_conv2d/depthwise,CPU,84.5,83.7,0.9905325443786983
cell_7/comb_iter_0/right/separable_3x3_1/separable_conv2d,CPU,225.9,231.3,1.0239043824701195
cell_7/comb_iter_0/right/separable_3x3_2/separable_conv2d/depthwise,CPU,81.9,84.0,1.0256410256410255
cell_7/comb_iter_0/right/separable_3x3_2/separable_conv2d,CPU,223.0,224.3,1.005829596412556
cell_7/comb_iter_0/combine/add,CPU,17.0,17.8,1.0470588235294118
cell_7/comb_iter_1/left/Relu,CPU,20.0,19.1,0.9550000000000001
cell_7/comb_iter_1/left/separable_5x5_1/separable_conv2d/depthwise,CPU,239.8,304.6,1.2702251876563804
cell_7/comb_iter_1/left/separable_5x5_1/separable_conv2d,CPU,224.3,233.1,1.0392331698617923
cell_7/comb_iter_1/left/separable_5x5_2/separable_conv2d/depthwise,CPU,238.88888888888889,238.2,0.9971162790697674
cell_7/comb_iter_1/left/separable_5x5_2/separable_conv2d,CPU,221.3,221.0,0.9986443741527338
cell_7/comb_iter_1/right/Relu,CPU,18.7,19.1,1.0213903743315509
cell_7/comb_iter_1/right/separable_3x3_1/separable_conv2d/depthwise,CPU,85.22222222222223,85.3,1.0009126466753584
cell_7/comb_iter_1/right/separable_3x3_1/separable_conv2d,CPU,226.5,229.1,1.0114790286975717
cell_7/comb_iter_1/right/separable_3x3_2/separable_conv2d/depthwise,CPU,82.0,81.7,0.9963414634146341
cell_7/comb_iter_1/right/separable_3x3_2/separable_conv2d,CPU,222.5,221.6,0.9959550561797752
cell_7/comb_iter_1/combine/add,CPU,15.1,21.3,1.4105960264900663
cell_7/comb_iter_2/left/AvgPool2D/AvgPool,CPU,133.4,134.9,1.0112443778110944
cell_7/comb_iter_2/left/AvgPool2D/AvgPool___tr4cell_7/comb_iter_2/combine/add,CPU,28.0,33.4,1.1928571428571428
cell_7/prev_bn/FusedBatchNormV3___tr4cell_7/comb_iter_2/combine/add,CPU,34.111111111111114,66.6,1.9524429967426706
cell_7/comb_iter_2/combine/add,CPU,17.1,23.3,1.3625730994152045
cell_7/comb_iter_3/left/AvgPool2D/AvgPool,OpenCL,439.42857142857144,959.9,2.1844278283485044
cell_7/comb_iter_3/right/AvgPool2D/AvgPool,OpenCL,428.875,1262.6,2.943981346546196
cell_7/comb_iter_3/left/AvgPool2D/AvgPool___tr4cell_7/comb_iter_3/combine/add,OpenCL,289.0,419.3,1.4508650519031143
cell_7/comb_iter_3/right/AvgPool2D/AvgPool___tr4cell_7/comb_iter_3/combine/add,OpenCL,328.3333333333333,626.4,1.9078172588832487
cell_7/comb_iter_3/combine/add,OpenCL,351.375,716.7,2.039701173959445
cell_7/comb_iter_4/left/Relu,CPU,18.9,25.8,1.3650793650793651
cell_7/comb_iter_4/left/separable_3x3_1/separable_conv2d/depthwise,CPU,80.75,108.7,1.3461300309597524
cell_7/comb_iter_4/left/separable_3x3_1/separable_conv2d,CPU,226.0,229.3,1.0146017699115044
cell_7/comb_iter_4/left/separable_3x3_2/separable_conv2d/depthwise,CPU,82.7,86.9,1.0507859733978235
cell_7/comb_iter_4/left/separable_3x3_2/separable_conv2d,CPU,221.11111111111111,223.8,1.0121608040201004
cell_7/comb_iter_4/combine/add,CPU,15.2,52.9,3.4802631578947367
cell_7/comb_iter_2/combine/add___tr4cell_7/cell_output/concat,CPU,31.9,34.8,1.0909090909090908
cell_7/comb_iter_3/combine/add___tr4cell_7/cell_output/concat,OpenCL,323.0,434.9,1.346439628482972
cell_7/cell_output/concat,CPU,82.88888888888889,192.0,2.316353887399464
reduction_cell_1/Relu_1,CPU,188.66666666666666,226.6,1.201060070671378
reduction_cell_1/1x1/Conv2D,CPU,2830.2,3246.1,1.1469507455303511
reduction_cell_1/comb_iter_1/left/MaxPool2D/MaxPool,CPU,80.22222222222223,126.2,1.573130193905817
reduction_cell_1/Relu,OpenCL,832.125,1358.2,1.632206699714586
reduction_cell_1/prev_1x1/Conv2D,OpenCL,3456.0,3225.1,0.9331886574074074
reduction_cell_1/comb_iter_1/right/Relu,CPU,40.666666666666664,76.4,1.878688524590164
reduction_cell_1/comb_iter_1/right/separable_7x7_1/separable_conv2d/depthwise,CPU,349.0,375.9,1.077077363896848
reduction_cell_1/comb_iter_1/right/separable_7x7_1/separable_conv2d,CPU,264.1,259.3,0.9818250662627792
reduction_cell_1/comb_iter_1/right/separable_7x7_2/separable_conv2d/depthwise,CPU,218.4,217.7,0.9967948717948717
reduction_cell_1/comb_iter_1/right/separable_7x7_2/separable_conv2d,CPU,261.8,260.1,0.9935064935064936
reduction_cell_1/comb_iter_1/left/MaxPool2D/MaxPool___tr4reduction_cell_1/comb_iter_1/combine/add,CPU,77.4,77.7,1.003875968992248
reduction_cell_1/comb_iter_1/right/bn_sep_7x7_2/FusedBatchNormV3___tr4reduction_cell_1/comb_iter_1/combine/add,CPU,10.3,10.3,1.0
reduction_cell_1/comb_iter_1/combine/add,CPU,14.5,16.0,1.103448275862069
reduction_cell_1/comb_iter_2/left/AvgPool2D/AvgPool,CPU,143.55555555555554,149.7,1.0428018575851394
reduction_cell_1/comb_iter_2/right/Relu,CPU,47.22222222222222,77.3,1.6369411764705881
reduction_cell_1/comb_iter_2/right/separable_5x5_1/separable_conv2d/depthwise,CPU,219.2,259.6,1.1843065693430659
reduction_cell_1/comb_iter_2/right/separable_5x5_1/separable_conv2d,CPU,250.7,271.5,1.0829676904666934
reduction_cell_1/comb_iter_2/right/separable_5x5_2/separable_conv2d/depthwise,CPU,155.2,156.7,1.0096649484536082
reduction_cell_1/comb_iter_2/right/separable_5x5_2/separable_conv2d,CPU,253.5,259.1,1.0220907297830375
reduction_cell_1/comb_iter_2/left/AvgPool2D/AvgPool___tr4reduction_cell_1/comb_iter_2/combine/add,CPU,17.666666666666668,51.0,2.8867924528301887
reduction_cell_1/comb_iter_2/right/bn_sep_5x5_2/FusedBatchNormV3___tr4reduction_cell_1/comb_iter_2/combine/add,CPU,10.5,10.2,0.9714285714285713
reduction_cell_1/comb_iter_2/combine/add,CPU,11.8,14.7,1.2457627118644066
reduction_cell_1/comb_iter_0/left/Relu,CPU,46.22222222222222,74.2,1.6052884615384617
reduction_cell_1/comb_iter_0/left/separable_5x5_1/separable_conv2d/depthwise,CPU,207.9,227.3,1.0933140933140932
reduction_cell_1/comb_iter_0/left/separable_5x5_1/separable_conv2d,CPU,259.1111111111111,256.5,0.9899228130360207
reduction_cell_1/comb_iter_0/left/separable_5x5_2/separable_conv2d/depthwise,CPU,155.3,151.8,0.9774629748873149
reduction_cell_1/comb_iter_0/left/separable_5x5_2/separable_conv2d,CPU,253.33333333333334,255.0,1.006578947368421
reduction_cell_1/comb_iter_0/right/Relu,CPU,54.0,78.5,1.4537037037037037
reduction_cell_1/comb_iter_0/right/separable_7x7_1/separable_conv2d/depthwise,CPU,299.0,363.4,1.2153846153846153
reduction_cell_1/comb_iter_0/right/separable_7x7_1/separable_conv2d,CPU,261.3333333333333,268.4,1.0270408163265305
reduction_cell_1/comb_iter_0/right/separable_7x7_2/separable_conv2d/depthwise,CPU,217.7,217.9,1.0009186954524576
reduction_cell_1/comb_iter_0/right/separable_7x7_2/separable_conv2d,CPU,262.3,260.8,0.994281357224552
reduction_cell_1/comb_iter_0/combine/add,CPU,13.222222222222221,16.6,1.2554621848739498
reduction_cell_1/comb_iter_3/right/AvgPool2D/AvgPool,OpenCL,470.1111111111111,801.0,1.703852517135429
reduction_cell_1/comb_iter_3/right/AvgPool2D/AvgPool___tr4reduction_cell_1/comb_iter_3/combine/add,OpenCL,379.14285714285717,347.0,0.915222305953278
reduction_cell_1/comb_iter_3/combine/add,OpenCL,350.625,409.7,1.1684848484848485
reduction_cell_1/comb_iter_4/left/Relu,CPU,9.6,9.2,0.9583333333333333
reduction_cell_1/comb_iter_4/left/separable_3x3_1/separable_conv2d/depthwise,CPU,63.6,63.5,0.9984276729559748
reduction_cell_1/comb_iter_4/left/separable_3x3_1/separable_conv2d,CPU,252.4,258.6,1.0245641838351822
reduction_cell_1/comb_iter_4/left/separable_3x3_2/separable_conv2d/depthwise,CPU,60.4,59.9,0.9917218543046358
reduction_cell_1/comb_iter_4/left/separable_3x3_2/separable_conv2d,CPU,247.4,276.2,1.116410670978173
reduction_cell_1/comb_iter_4/right/MaxPool2D/MaxPool,CPU,143.4,156.9,1.094142259414226
reduction_cell_1/comb_iter_4/left/bn_sep_3x3_2/FusedBatchNormV3___tr4reduction_cell_1/comb_iter_4/combine/add,CPU,11.1,17.9,1.6126126126126126
reduction_cell_1/comb_iter_4/right/MaxPool2D/MaxPool___tr4reduction_cell_1/comb_iter_4/combine/add,CPU,9.9,10.2,1.0303030303030303
reduction_cell_1/comb_iter_4/combine/add,CPU,12.555555555555555,15.3,1.2185840707964604
reduction_cell_1/cell_output/concat,CPU,44.3,55.6,1.2550790067720092
cell_9/Relu,CPU,32.1,42.8,1.3333333333333333
cell_9/Relu___tr4cell_9/prev_1x1/Conv2D,CPU,41.1,123.6,3.0072992700729926
cell_9/prev_1x1/Conv2D,CPU,1206.6,1555.2,1.2889109895574342
cell_8/Relu,CPU,198.33333333333334,250.0,1.2605042016806722
cell_8/AvgPool2D,CPU,136.11111111111111,189.3,1.3907755102040817
cell_8/path1_conv/Conv2D,CPU,447.4,579.5,1.2952615109521681
cell_8/Pad/paddings,CPU,0.0,0.0,0
cell_8/Pad_Gather_Index,CPU,0.0,0.1,0
cell_8/Pad_Gather,CPU,0.0,0.1,0
cell_8/Pad,CPU,311.6,422.6,1.3562259306803595
cell_8/strided_slice/stack,CPU,0.0,0.2,0
cell_8/strided_slice/stack_1,CPU,0.0,0.1,0
cell_8/strided_slice/stack_2,CPU,0.0,0.3,0
cell_8/Pad___tr4cell_8/strided_slice,CPU,619.4,1222.7,1.9740071036486924
cell_8/strided_slice,CPU,237.9,267.6,1.12484237074401
cell_8/strided_slice___tr4cell_8/AvgPool2D_1,CPU,232.66666666666666,399.9,1.7187679083094556
cell_8/AvgPool2D_1,CPU,110.1,174.2,1.5821980018165305
cell_8/path2_conv/Conv2D,CPU,473.5,532.5,1.1246040126715946
cell_8/concat,CPU,12.2,15.9,1.3032786885245902
cell_8/final_path_bn/FusedBatchNormV3,CPU,11.6,13.3,1.146551724137931
cell_8/Relu_1,OpenCL,381.625,588.1,1.541041598427776
cell_8/Relu_1___tr4cell_8/1x1/Conv2D,OpenCL,463.625,568.3,1.2257751415475868
cell_8/1x1/Conv2D,OpenCL,1737.2,1508.6,0.8684089339166474
cell_8/comb_iter_0/left/Relu,CPU,10.7,19.2,1.794392523364486
cell_8/comb_iter_0/left/separable_5x5_1/separable_conv2d/depthwise,CPU,171.0,182.4,1.0666666666666667
cell_8/comb_iter_0/left/separable_5x5_1/separable_conv2d,CPU,251.22222222222223,264.2,1.0516585581601061
cell_8/comb_iter_0/left/separable_5x5_2/separable_conv2d/depthwise,CPU,155.5,153.2,0.985209003215434
cell_8/comb_iter_0/left/separable_5x5_2/separable_conv2d,CPU,253.0,267.0,1.0553359683794465
cell_8/comb_iter_0/right/Relu,CPU,16.7,19.8,1.18562874251497
cell_8/comb_iter_0/right/separable_3x3_1/separable_conv2d/depthwise,CPU,62.2,66.1,1.062700964630225
cell_8/comb_iter_0/right/separable_3x3_1/separable_conv2d,CPU,267.1,265.6,0.9943841257955822
cell_8/comb_iter_0/right/separable_3x3_2/separable_conv2d/depthwise,CPU,60.111111111111114,61.7,1.0264325323475045
cell_8/comb_iter_0/right/separable_3x3_2/separable_conv2d,CPU,259.5,260.5,1.0038535645472062
cell_8/comb_iter_0/combine/add,CPU,13.0,17.4,1.3384615384615384
cell_8/comb_iter_1/left/Relu,CPU,12.6,18.2,1.4444444444444444
cell_8/comb_iter_1/left/separable_5x5_1/separable_conv2d/depthwise,CPU,156.11111111111111,156.3,1.0012099644128114
cell_8/comb_iter_1/left/separable_5x5_1/separable_conv2d,CPU,257.0,262.9,1.0229571984435797
cell_8/comb_iter_1/left/separable_5x5_2/separable_conv2d/depthwise,CPU,155.4,162.2,1.0437580437580436
cell_8/comb_iter_1/left/separable_5x5_2/separable_conv2d,CPU,257.77777777777777,266.7,1.0346120689655172
cell_8/comb_iter_1/right/Relu,CPU,11.11111111111111,19.2,1.728
cell_8/comb_iter_1/right/separable_3x3_1/separable_conv2d/depthwise,CPU,60.5,65.9,1.0892561983471076
cell_8/comb_iter_1/right/separable_3x3_1/separable_conv2d,CPU,261.3,259.0,0.9911978568694986
cell_8/comb_iter_1/right/separable_3x3_2/separable_conv2d/depthwise,CPU,61.1,60.4,0.9885433715220949
cell_8/comb_iter_1/right/separable_3x3_2/separable_conv2d,CPU,250.5,259.1,1.0343313373253493
cell_8/comb_iter_1/combine/add,CPU,11.222222222222221,16.3,1.4524752475247527
cell_8/comb_iter_2/left/AvgPool2D/AvgPool,CPU,73.1,75.3,1.0300957592339262
cell_8/comb_iter_2/left/AvgPool2D/AvgPool___tr4cell_8/comb_iter_2/combine/add,CPU,12.0,12.1,1.0083333333333333
cell_8/final_path_bn/FusedBatchNormV3___tr4cell_8/comb_iter_2/combine/add,CPU,24.11111111111111,81.8,3.392626728110599
cell_8/comb_iter_2/combine/add,CPU,12.1,13.7,1.1322314049586777
cell_8/comb_iter_3/left/AvgPool2D/AvgPool,CPU,58.5,74.0,1.264957264957265
cell_8/comb_iter_3/right/AvgPool2D/AvgPool,CPU,57.3,57.6,1.005235602094241
cell_8/comb_iter_3/left/AvgPool2D/AvgPool___tr4cell_8/comb_iter_3/combine/add,CPU,11.1,10.8,0.972972972972973
cell_8/comb_iter_3/right/AvgPool2D/AvgPool___tr4cell_8/comb_iter_3/combine/add,CPU,10.0,9.4,0.9400000000000001
cell_8/comb_iter_3/combine/add,CPU,22.2,13.4,0.6036036036036037
cell_8/comb_iter_4/left/Relu,OpenCL,351.125,373.3,1.0631541473834105
cell_8/comb_iter_4/left/separable_3x3_1/separable_conv2d/depthwise,OpenCL,480.625,1038.7,2.161144343302991
cell_8/comb_iter_4/left/separable_3x3_1/separable_conv2d,OpenCL,1115.4444444444443,887.0,0.7951987249726069
cell_8/comb_iter_4/left/separable_3x3_2/separable_conv2d/depthwise,OpenCL,468.625,641.4,1.368684982662043
cell_8/comb_iter_4/left/separable_3x3_2/separable_conv2d,OpenCL,985.75,836.4,0.848490996703018
cell_8/comb_iter_4/combine/add,OpenCL,327.25,450.9,1.3778456837280366
cell_8/comb_iter_2/combine/add___tr4cell_8/cell_output/concat,CPU,14.6,13.2,0.9041095890410958
cell_8/comb_iter_3/combine/add___tr4cell_8/cell_output/concat,CPU,10.0,8.3,0.8300000000000001
cell_8/cell_output/concat,CPU,54.55555555555556,75.8,1.3894093686354378
cell_9/Relu_1,OpenCL,1000.2222222222222,829.9,0.8297156187513886
cell_9/1x1/Conv2D,OpenCL,2280.9,1989.2,0.8721118856591696
cell_9/comb_iter_0/left/Relu,CPU,10.5,12.6,1.2
cell_9/comb_iter_0/left/separable_5x5_1/separable_conv2d/depthwise,CPU,164.0,178.8,1.0902439024390245
cell_9/comb_iter_0/left/separable_5x5_1/separable_conv2d,CPU,268.44444444444446,259.6,0.9670529801324503
cell_9/comb_iter_0/left/separable_5x5_2/separable_conv2d/depthwise,CPU,156.8,163.6,1.0433673469387754
cell_9/comb_iter_0/left/separable_5x5_2/separable_conv2d,CPU,262.6,255.9,0.9744859101294744
cell_9/comb_iter_0/right/Relu,CPU,17.22222222222222,9.2,0.5341935483870968
cell_9/comb_iter_0/right/separable_3x3_1/separable_conv2d/depthwise,CPU,63.0,61.9,0.9825396825396825
cell_9/comb_iter_0/right/separable_3x3_1/separable_conv2d,CPU,268.44444444444446,269.3,1.0031870860927152
cell_9/comb_iter_0/right/separable_3x3_2/separable_conv2d/depthwise,CPU,60.5,61.8,1.0214876033057851
cell_9/comb_iter_0/right/separable_3x3_2/separable_conv2d,CPU,258.5,261.9,1.0131528046421663
cell_9/comb_iter_0/combine/add,CPU,12.8,15.0,1.171875
cell_9/comb_iter_1/left/Relu,CPU,12.11111111111111,11.0,0.908256880733945
cell_9/comb_iter_1/left/separable_5x5_1/separable_conv2d/depthwise,CPU,157.6,178.9,1.1351522842639594
cell_9/comb_iter_1/left/separable_5x5_1/separable_conv2d,CPU,261.8,268.3,1.0248281130634072
cell_9/comb_iter_1/left/separable_5x5_2/separable_conv2d/depthwise,CPU,152.7,155.5,1.0183366077275704
cell_9/comb_iter_1/left/separable_5x5_2/separable_conv2d,CPU,260.2,267.7,1.0288239815526519
cell_9/comb_iter_1/right/Relu,CPU,11.0,12.7,1.1545454545454545
cell_9/comb_iter_1/right/separable_3x3_1/separable_conv2d/depthwise,CPU,61.1,64.6,1.0572831423895253
cell_9/comb_iter_1/right/separable_3x3_1/separable_conv2d,CPU,254.1,256.6,1.0098386462022826
cell_9/comb_iter_1/right/separable_3x3_2/separable_conv2d/depthwise,CPU,61.0,61.3,1.0049180327868852
cell_9/comb_iter_1/right/separable_3x3_2/separable_conv2d,CPU,248.2,251.9,1.0149073327961322
cell_9/comb_iter_1/combine/add,CPU,11.222222222222221,18.4,1.6396039603960395
cell_9/comb_iter_2/left/AvgPool2D/AvgPool,OpenCL,416.375,828.8,1.990513359351546
cell_9/comb_iter_2/left/AvgPool2D/AvgPool___tr4cell_9/comb_iter_2/combine/add,OpenCL,364.5,582.7,1.5986282578875173
cell_9/prev_bn/FusedBatchNormV3___tr4cell_9/comb_iter_2/combine/add,CPU,21.22222222222222,22.1,1.0413612565445027
cell_9/comb_iter_2/combine/add,OpenCL,471.75,680.3,1.4420773714891362
cell_9/comb_iter_3/left/AvgPool2D/AvgPool,CPU,57.3,71.0,1.2390924956369984
cell_9/comb_iter_3/right/AvgPool2D/AvgPool,CPU,57.9,57.6,0.994818652849741
cell_9/comb_iter_3/left/AvgPool2D/AvgPool___tr4cell_9/comb_iter_3/combine/add,CPU,10.1,12.2,1.2079207920792079
cell_9/comb_iter_3/right/AvgPool2D/AvgPool___tr4cell_9/comb_iter_3/combine/add,CPU,10.7,11.0,1.0280373831775702
cell_9/comb_iter_3/combine/add,CPU,14.222222222222221,22.5,1.58203125
cell_9/comb_iter_4/left/Relu,CPU,10.3,15.1,1.466019417475728
cell_9/comb_iter_4/left/separable_3x3_1/separable_conv2d/depthwise,CPU,59.8,75.9,1.2692307692307694
cell_9/comb_iter_4/left/separable_3x3_1/separable_conv2d,CPU,254.80000000000004,260.7,1.0231554160125587
cell_9/comb_iter_4/left/separable_3x3_2/separable_conv2d/depthwise,CPU,60.9,60.0,0.9852216748768473
cell_9/comb_iter_4/left/separable_3x3_2/separable_conv2d,CPU,250.66666666666666,267.0,1.065159574468085
cell_9/comb_iter_4/combine/add,CPU,10.88888888888889,32.1,2.9479591836734693
cell_9/comb_iter_2/combine/add___tr4cell_9/cell_output/concat,OpenCL,414.875,289.1,0.6968363965049714
cell_9/comb_iter_3/combine/add___tr4cell_9/cell_output/concat,CPU,9.6,9.2,0.9583333333333333
cell_9/cell_output/concat,CPU,52.22222222222222,82.3,1.5759574468085107
cell_11/Relu,CPU,86.7,99.9,1.152249134948097
cell_11/prev_1x1/Conv2D,CPU,1928.2,2538.3,1.3164090861943782
cell_10/Relu,CPU,100.55555555555556,79.0,0.7856353591160221
cell_10/prev_1x1/Conv2D,CPU,1964.3,2468.0,1.256427225983811
cell_10/Relu_1,OpenCL,1019.1111111111111,810.1,0.7949084169210642
cell_10/1x1/Conv2D,OpenCL,2223.8,1928.3,0.8671193452648619
cell_10/comb_iter_0/left/Relu,CPU,11.0,12.7,1.1545454545454545
cell_10/comb_iter_0/left/separable_5x5_1/separable_conv2d/depthwise,CPU,167.3,174.1,1.0406455469216975
cell_10/comb_iter_0/left/separable_5x5_1/separable_conv2d,CPU,261.44444444444446,272.5,1.042286442838929
cell_10/comb_iter_0/left/separable_5x5_2/separable_conv2d/depthwise,CPU,156.22222222222223,155.8,0.9972972972972973
cell_10/comb_iter_0/left/separable_5x5_2/separable_conv2d,CPU,258.9,259.4,1.0019312475859405
cell_10/comb_iter_0/right/Relu,CPU,17.4,12.4,0.7126436781609197
cell_10/comb_iter_0/right/separable_3x3_1/separable_conv2d/depthwise,CPU,62.666666666666664,64.3,1.026063829787234
cell_10/comb_iter_0/right/separable_3x3_1/separable_conv2d,CPU,256.2,260.3,1.0160031225604997
cell_10/comb_iter_0/right/separable_3x3_2/separable_conv2d/depthwise,CPU,59.9,60.5,1.010016694490818
cell_10/comb_iter_0/right/separable_3x3_2/separable_conv2d,CPU,269.7,265.9,0.985910270671116
cell_10/comb_iter_0/combine/add,CPU,13.0,19.4,1.4923076923076921
cell_10/comb_iter_1/left/Relu,CPU,12.5,9.7,0.7759999999999999
cell_10/comb_iter_1/left/separable_5x5_1/separable_conv2d/depthwise,CPU,156.9,173.8,1.1077119184193753
cell_10/comb_iter_1/left/separable_5x5_1/separable_conv2d,CPU,267.1,257.6,0.9644327967053538
cell_10/comb_iter_1/left/separable_5x5_2/separable_conv2d/depthwise,CPU,154.9,151.1,0.9754680438992898
cell_10/comb_iter_1/left/separable_5x5_2/separable_conv2d,CPU,256.7,252.2,0.9824698091156993
cell_10/comb_iter_1/right/Relu,CPU,11.4,16.2,1.4210526315789473
cell_10/comb_iter_1/right/separable_3x3_1/separable_conv2d/depthwise,CPU,61.5,65.0,1.056910569105691
cell_10/comb_iter_1/right/separable_3x3_1/separable_conv2d,CPU,261.8,258.9,0.9889228418640182
cell_10/comb_iter_1/right/separable_3x3_2/separable_conv2d/depthwise,CPU,60.2,61.2,1.0166112956810631
cell_10/comb_iter_1/right/separable_3x3_2/separable_conv2d,CPU,255.30000000000004,260.0,1.0184097140618877
cell_10/comb_iter_1/combine/add,CPU,12.7,15.2,1.1968503937007875
cell_10/comb_iter_2/left/AvgPool2D/AvgPool,CPU,74.1,72.9,0.9838056680161945
cell_10/comb_iter_2/left/AvgPool2D/AvgPool___tr4cell_10/comb_iter_2/combine/add,CPU,12.3,12.3,1.0
cell_10/prev_bn/FusedBatchNormV3___tr4cell_10/comb_iter_2/combine/add,CPU,19.22222222222222,22.6,1.1757225433526013
cell_10/comb_iter_2/combine/add,CPU,12.5,13.9,1.112
cell_10/comb_iter_3/left/AvgPool2D/AvgPool,OpenCL,403.44444444444446,680.5,1.6867254199944919
cell_10/comb_iter_3/right/AvgPool2D/AvgPool,OpenCL,439.55555555555554,777.2,1.768149646107179
cell_10/comb_iter_3/left/AvgPool2D/AvgPool___tr4cell_10/comb_iter_3/combine/add,OpenCL,425.2857142857143,306.5,0.7206919717836748
cell_10/comb_iter_3/right/AvgPool2D/AvgPool___tr4cell_10/comb_iter_3/combine/add,OpenCL,362.3333333333333,390.1,1.076632934682613
cell_10/comb_iter_3/combine/add,OpenCL,328.875,478.2,1.4540478905359178
cell_10/comb_iter_4/left/Relu,CPU,10.0,12.6,1.26
cell_10/comb_iter_4/left/separable_3x3_1/separable_conv2d/depthwise,CPU,60.9,83.5,1.3711001642036125
cell_10/comb_iter_4/left/separable_3x3_1/separable_conv2d,CPU,257.9,258.9,1.0038774718883288
cell_10/comb_iter_4/left/separable_3x3_2/separable_conv2d/depthwise,CPU,61.2,63.6,1.0392156862745099
cell_10/comb_iter_4/left/separable_3x3_2/separable_conv2d,CPU,251.7,277.2,1.101311084624553
cell_10/comb_iter_4/combine/add,CPU,10.3,32.7,3.174757281553398
cell_10/comb_iter_2/combine/add___tr4cell_10/cell_output/concat,CPU,14.6,14.5,0.9931506849315068
cell_10/comb_iter_3/combine/add___tr4cell_10/cell_output/concat,OpenCL,356.2857142857143,555.9,1.5602646351242984
cell_10/cell_output/concat,CPU,54.1,76.2,1.4085027726432533
cell_11/Relu_1,OpenCL,931.375,799.3,0.858193531069655
cell_11/1x1/Conv2D,OpenCL,2197.2,1928.2,0.8775714545785546
cell_11/comb_iter_0/left/Relu,CPU,11.0,12.0,1.0909090909090908
cell_11/comb_iter_0/left/separable_5x5_1/separable_conv2d/depthwise,CPU,170.4,171.5,1.0064553990610328
cell_11/comb_iter_0/left/separable_5x5_1/separable_conv2d,CPU,268.2,277.6,1.0350484712900823
cell_11/comb_iter_0/left/separable_5x5_2/separable_conv2d/depthwise,CPU,157.5,157.5,1.0
cell_11/comb_iter_0/left/separable_5x5_2/separable_conv2d,CPU,262.8,268.2,1.0205479452054793
cell_11/comb_iter_0/right/Relu,CPU,17.9,10.6,0.5921787709497207
cell_11/comb_iter_0/right/separable_3x3_1/separable_conv2d/depthwise,CPU,62.9,64.5,1.0254372019077902
cell_11/comb_iter_0/right/separable_3x3_1/separable_conv2d,CPU,256.8,264.3,1.0292056074766356
cell_11/comb_iter_0/right/separable_3x3_2/separable_conv2d/depthwise,CPU,60.3,61.7,1.0232172470978442
cell_11/comb_iter_0/right/separable_3x3_2/separable_conv2d,CPU,256.8888888888889,268.6,1.0455882352941177
cell_11/comb_iter_0/combine/add,CPU,13.0,17.5,1.3461538461538463
cell_11/comb_iter_1/left/Relu,CPU,12.6,8.9,0.7063492063492064
cell_11/comb_iter_1/left/separable_5x5_1/separable_conv2d/depthwise,CPU,158.0,173.4,1.0974683544303798
cell_11/comb_iter_1/left/separable_5x5_1/separable_conv2d,CPU,258.8,263.5,1.018160741885626
cell_11/comb_iter_1/left/separable_5x5_2/separable_conv2d/depthwise,CPU,155.5,152.2,0.9787781350482314
cell_11/comb_iter_1/left/separable_5x5_2/separable_conv2d,CPU,254.30000000000004,266.8,1.0491545418796695
cell_11/comb_iter_1/right/Relu,CPU,11.0,12.1,1.0999999999999999
cell_11/comb_iter_1/right/separable_3x3_1/separable_conv2d/depthwise,CPU,59.333333333333336,65.5,1.1039325842696628
cell_11/comb_iter_1/right/separable_3x3_1/separable_conv2d,CPU,255.6,271.0,1.0602503912363068
cell_11/comb_iter_1/right/separable_3x3_2/separable_conv2d/depthwise,CPU,60.0,61.4,1.0233333333333332
cell_11/comb_iter_1/right/separable_3x3_2/separable_conv2d,CPU,259.6,254.5,0.9803543913713404
cell_11/comb_iter_1/combine/add,CPU,11.1,16.0,1.4414414414414416
cell_11/comb_iter_2/left/AvgPool2D/AvgPool,CPU,72.4,73.7,1.0179558011049723
cell_11/comb_iter_2/left/AvgPool2D/AvgPool___tr4cell_11/comb_iter_2/combine/add,CPU,12.5,12.3,0.9840000000000001
cell_11/prev_bn/FusedBatchNormV3___tr4cell_11/comb_iter_2/combine/add,CPU,22.88888888888889,22.6,0.9873786407766991
cell_11/comb_iter_2/combine/add,CPU,12.5,12.7,1.016
cell_11/comb_iter_3/left/AvgPool2D/AvgPool,OpenCL,443.0,784.0,1.7697516930022574
cell_11/comb_iter_3/right/AvgPool2D/AvgPool,OpenCL,385.625,390.7,1.013160453808752
cell_11/comb_iter_3/left/AvgPool2D/AvgPool___tr4cell_11/comb_iter_3/combine/add,OpenCL,453.44444444444446,359.5,0.7928203871600098
cell_11/comb_iter_3/right/AvgPool2D/AvgPool___tr4cell_11/comb_iter_3/combine/add,OpenCL,359.5,345.0,0.9596662030598053
cell_11/comb_iter_3/combine/add,OpenCL,421.14285714285717,529.3,1.2568181818181816
cell_11/comb_iter_4/left/Relu,CPU,10.1,15.2,1.504950495049505
cell_11/comb_iter_4/left/separable_3x3_1/separable_conv2d/depthwise,CPU,60.5,79.2,1.309090909090909
cell_11/comb_iter_4/left/separable_3x3_1/separable_conv2d,CPU,263.77777777777777,267.9,1.0156276326874474
cell_11/comb_iter_4/left/separable_3x3_2/separable_conv2d/depthwise,CPU,60.0,59.9,0.9983333333333333
cell_11/comb_iter_4/left/separable_3x3_2/separable_conv2d,CPU,253.4,274.0,1.0812943962115233
cell_11/comb_iter_4/combine/add,CPU,10.7,28.0,2.6168224299065423
cell_11/comb_iter_2/combine/add___tr4cell_11/cell_output/concat,CPU,14.8,12.4,0.8378378378378378
cell_11/comb_iter_3/combine/add___tr4cell_11/cell_output/concat,OpenCL,367.42857142857144,584.6,1.5910575427682736
cell_11/cell_output/concat,CPU,52.888888888888886,82.8,1.565546218487395
final_layer/Relu,CPU,97.66666666666667,89.1,0.9122866894197951
final_layer/Mean/reduction_indices,CPU,0.6666666666666666,0.1,0.15000000000000002
final_layer/Relu___tr4final_layer/Mean,CPU,474.4,397.6,0.8381112984822935
final_layer/Mean,CPU,284.3,359.3,1.2638058389025677
final_layer/FC/weights,CPU,0.0,0.2,0
final_layer/FC/MatMul,CPU,6610.333333333333,6709.8,1.015047148404014
final_layer/FC/biases,CPU,0.0,0.7,0
final_layer/FC/BiasAdd,CPU,31.9,31.2,0.9780564263322884
final_layer/predictions,CPU,18.77777777777778,18.2,0.9692307692307691
