conv0/Conv2D,CPU,26813.6,27182.2,1.013746755377868
cell_stem_1/Relu,CPU,4763.0,7280.6,1.5285744278815874
cell_stem_1/AvgPool2D,CPU,2360.0,2501.4,1.0599152542372883
cell_stem_1/path1_conv/Conv2D,CPU,7014.6,7054.7,1.0057166481338922
cell_stem_1/Pad/paddings,CPU,1.0,0.4,0.4
cell_stem_1/Pad_Gather_Index,CPU,0.0,0.3,0
cell_stem_1/Pad_Gather,CPU,0.0,0.4,0
cell_stem_1/Pad,CPU,7630.333333333333,10401.7,1.3632038792538554
cell_stem_1/strided_slice/stack,CPU,1.0,0.7,0.7
cell_stem_1/strided_slice/stack_1,CPU,1.0,0.1,0.1
cell_stem_1/strided_slice/stack_2,CPU,0.0,0.4,0
cell_stem_1/Pad___tr4cell_stem_1/strided_slice,CPU,25878.88888888889,26998.5,1.0432634923360955
cell_stem_1/strided_slice,CPU,7666.4,7995.1,1.0428754043618909
cell_stem_1/strided_slice___tr4cell_stem_1/AvgPool2D_1,CPU,8475.8,9747.1,1.149991741192572
cell_stem_1/AvgPool2D_1,CPU,2391.5,2517.7,1.0527702278904452
cell_stem_1/path2_conv/Conv2D,CPU,6810.1,6977.7,1.0246105049852425
cell_stem_1/concat,CPU,4046.9999999999995,4619.1,1.1413639733135659
cell_stem_1/final_path_bn/FusedBatchNormV3,CPU,1424.4,1680.3,1.179654591406908
cell_stem_1/comb_iter_0/left/Relu,CPU,1423.5,1699.7,1.1940288022479804
cell_stem_1/comb_iter_0/left/separable_5x5_1/separable_conv2d/depthwise,CPU,3248.2,3434.1,1.0572316975555693
cell_stem_1/comb_iter_0/left/separable_5x5_1/separable_conv2d,CPU,3437.5,3469.5,1.009309090909091
cell_stem_1/comb_iter_0/left/separable_5x5_2/separable_conv2d/depthwise,CPU,2872.8,2870.8,0.9993038150932888
cell_stem_1/comb_iter_0/left/separable_5x5_2/separable_conv2d,CPU,3452.4,3472.6,1.0058510022013671
cell_stem_1/comb_iter_0/right/MaxPool2D/MaxPool,CPU,1984.1,2146.2,1.0816995111133512
cell_stem_1/comb_iter_0/left/bn_sep_5x5_2/FusedBatchNormV3___tr4cell_stem_1/comb_iter_0/combine/add,CPU,1814.4,1983.7,1.0933090828924161
cell_stem_1/comb_iter_0/right/MaxPool2D/MaxPool___tr4cell_stem_1/comb_iter_0/combine/add,CPU,1736.4,1926.6,1.1095369730476847
cell_stem_1/comb_iter_0/combine/add,CPU,503.70000000000005,595.7,1.182648401826484
cell_stem_0/comb_iter_0/left/Relu,CPU,5101.6,11262.8,2.2076995452407084
cell_stem_0/comb_iter_0/left/separable_5x5_1/separable_conv2d/depthwise,CPU,10683.8,11917.4,1.1154645350905108
cell_stem_0/comb_iter_0/left/separable_5x5_1/separable_conv2d,CPU,7005.8,7257.9,1.0359844700105627
cell_stem_0/comb_iter_0/left/separable_5x5_2/separable_conv2d/depthwise,CPU,5190.8,5256.6,1.0126762734067967
cell_stem_0/comb_iter_0/left/separable_5x5_2/separable_conv2d,CPU,4536.2,4680.4,1.0317887218376613
cell_stem_0/comb_iter_0/right/MaxPool2D/MaxPool,CPU,6204.0,6808.9,1.0975016118633139
cell_stem_0/comb_iter_0/right/1x1/Conv2D,CPU,6942.7,7212.6,1.0388753654918117
cell_stem_0/comb_iter_0/combine/add,CPU,1054.7,1210.5,1.1477197307291171
cell_stem_0/Relu,OpenCL,4202.6,4352.2,1.0355970113739112
cell_stem_0/1x1/Conv2D,OpenCL,24425.5,24885.4,1.0188286831385234
cell_stem_0/comb_iter_1/left/Relu,OpenCL,3069.8,6872.6,2.2387777705387975
cell_stem_0/comb_iter_1/left/separable_7x7_1/separable_conv2d/depthwise,OpenCL,15453.2,18244.5,1.180629254782181
cell_stem_0/comb_iter_1/left/separable_7x7_1/separable_conv2d,OpenCL,4746.9,5175.2,1.0902273062419685
cell_stem_0/comb_iter_1/left/separable_7x7_2/separable_conv2d/depthwise,OpenCL,8489.9,8346.7,0.9831328990918622
cell_stem_0/comb_iter_1/left/separable_7x7_2/separable_conv2d,OpenCL,4906.0,5044.6,1.0282511210762333
cell_stem_0/comb_iter_1/right/MaxPool2D/MaxPool,OpenCL,3177.1,5791.9,1.8230146989392841
cell_stem_0/comb_iter_1/left/bn_sep_7x7_2/FusedBatchNormV3___tr4cell_stem_0/comb_iter_1/combine/add,OpenCL,1512.9,1208.8,0.7989953070262409
cell_stem_0/comb_iter_1/right/MaxPool2D/MaxPool___tr4cell_stem_0/comb_iter_1/combine/add,OpenCL,1516.1,1222.1,0.806081393047952
cell_stem_0/comb_iter_1/combine/add,OpenCL,1881.8,1682.9,0.8943033266021895
cell_stem_0/comb_iter_2/left/Relu,OpenCL,2589.8,3117.4,1.2037222951579272
cell_stem_0/comb_iter_2/left/separable_5x5_1/separable_conv2d/depthwise,OpenCL,9220.9,9269.5,1.0052706351874545
cell_stem_0/comb_iter_2/left/separable_5x5_1/separable_conv2d,OpenCL,5093.4,4467.0,0.8770173165272707
cell_stem_0/comb_iter_2/left/separable_5x5_2/separable_conv2d/depthwise,OpenCL,5498.7,5005.3,0.9102697001109353
cell_stem_0/comb_iter_2/left/separable_5x5_2/separable_conv2d,OpenCL,4786.7,4384.7,0.9160172979296801
cell_stem_0/comb_iter_2/right/Relu,OpenCL,2655.3,2910.1,1.0959590253455351
cell_stem_0/comb_iter_2/right/separable_3x3_1/separable_conv2d/depthwise,OpenCL,4856.4,10736.2,2.210732229635121
cell_stem_0/comb_iter_2/right/separable_3x3_1/separable_conv2d,OpenCL,4808.5,6106.8,1.2700010398253094
cell_stem_0/comb_iter_2/right/separable_3x3_2/separable_conv2d/depthwise,OpenCL,3296.8,2974.4,0.9022082018927444
cell_stem_0/comb_iter_2/right/separable_3x3_2/separable_conv2d,OpenCL,4788.4,4541.2,0.9483752401637291
cell_stem_0/comb_iter_2/combine/add,OpenCL,1987.7777777777778,1671.3,0.8407881498043599
cell_stem_0/comb_iter_3/left/Relu,CPU,729.6,854.7,1.1714638157894737
cell_stem_0/comb_iter_3/left/separable_3x3_1/separable_conv2d/depthwise,CPU,1688.2,1702.2,1.0082928562966473
cell_stem_0/comb_iter_3/left/separable_3x3_1/separable_conv2d,CPU,4358.9,4583.0,1.0514120534997362
cell_stem_0/comb_iter_3/left/separable_3x3_2/separable_conv2d/depthwise,CPU,1728.6,1754.1,1.0147518222839291
cell_stem_0/comb_iter_3/left/separable_3x3_2/separable_conv2d,CPU,4350.0,4597.4,1.0568735632183908
cell_stem_0/comb_iter_3/right/MaxPool2D/MaxPool,CPU,3653.5,4035.2,1.1044751608047079
cell_stem_0/comb_iter_3/left/bn_sep_3x3_2/FusedBatchNormV3___tr4cell_stem_0/comb_iter_3/combine/add,CPU,4211.4,4461.4,1.0593626822434346
cell_stem_0/comb_iter_3/right/MaxPool2D/MaxPool___tr4cell_stem_0/comb_iter_3/combine/add,CPU,4261.6,4669.5,1.0957152243288906
cell_stem_0/comb_iter_3/combine/add,CPU,997.3,1217.0,1.2202947959490624
cell_stem_0/comb_iter_4/left/Relu,CPU,4633.3,5822.4,1.2566421341160727
cell_stem_0/comb_iter_4/left/separable_3x3_1/separable_conv2d/depthwise,CPU,5983.3,6419.0,1.0728193471829925
cell_stem_0/comb_iter_4/left/separable_3x3_1/separable_conv2d,CPU,6848.0,6973.2,1.0182827102803738
cell_stem_0/comb_iter_4/left/separable_3x3_2/separable_conv2d/depthwise,CPU,1718.5,1760.9,1.0246726796624963
cell_stem_0/comb_iter_4/left/separable_3x3_2/separable_conv2d,CPU,4426.8,4638.3,1.0477771753862835
cell_stem_0/comb_iter_4/right/Relu,CPU,3001.5,3428.0,1.142095618857238
cell_stem_0/comb_iter_4/right/1x1/Conv2D,CPU,7295.5,8188.0,1.1223356863820164
cell_stem_0/comb_iter_4/combine/add,CPU,974.8,1228.5,1.2602585145670908
cell_stem_0/comb_iter_1/combine/add___tr4cell_stem_0/cell_output/concat,OpenCL,1453.3333333333333,1250.4,0.8603669724770643
cell_stem_0/comb_iter_3/combine/add___tr4cell_stem_0/cell_output/concat,CPU,2053.0,2108.0,1.0267900633219678
cell_stem_0/cell_output/concat,CPU,9943.9,10117.9,1.0174981647039893
cell_stem_1/Relu_1,OpenCL,3597.5555555555557,4688.2,1.3031626412996478
cell_stem_1/1x1/Conv2D,OpenCL,29448.8,29387.9,0.9979320040205374
cell_stem_1/comb_iter_1/left/Relu,OpenCL,2073.1,1518.9,0.7326708793594136
cell_stem_1/comb_iter_1/left/separable_7x7_1/separable_conv2d/depthwise,OpenCL,7046.4,6697.9,0.9505421207992734
cell_stem_1/comb_iter_1/left/separable_7x7_1/separable_conv2d,OpenCL,4157.9,3801.5,0.9142836528055028
cell_stem_1/comb_iter_1/left/separable_7x7_2/separable_conv2d/depthwise,OpenCL,3947.6,3540.1,0.8967727226669369
cell_stem_1/comb_iter_1/left/separable_7x7_2/separable_conv2d,OpenCL,4127.2,3799.4,0.9205756929637527
cell_stem_1/comb_iter_1/right/MaxPool2D/MaxPool,OpenCL,2238.777777777778,2116.4,0.9453372375800289
cell_stem_1/comb_iter_1/left/bn_sep_7x7_2/FusedBatchNormV3___tr4cell_stem_1/comb_iter_1/combine/add,OpenCL,1143.2857142857142,1051.4,0.9196301386979884
cell_stem_1/comb_iter_1/right/MaxPool2D/MaxPool___tr4cell_stem_1/comb_iter_1/combine/add,OpenCL,1332.888888888889,1926.8,1.4455818606202067
cell_stem_1/comb_iter_1/combine/add,OpenCL,1520.5555555555557,1381.0,0.9082206795761782
cell_stem_1/comb_iter_2/left/Relu,OpenCL,2050.6,1892.2,0.9227543158100069
cell_stem_1/comb_iter_2/left/separable_5x5_1/separable_conv2d/depthwise,OpenCL,4406.2,4058.2,0.9210203803731106
cell_stem_1/comb_iter_2/left/separable_5x5_1/separable_conv2d,OpenCL,4166.6,3782.9,0.9079105265684251
cell_stem_1/comb_iter_2/left/separable_5x5_2/separable_conv2d/depthwise,OpenCL,2779.3,2445.5,0.8798978159968337
cell_stem_1/comb_iter_2/left/separable_5x5_2/separable_conv2d,OpenCL,4164.2,3830.8,0.9199366024686615
cell_stem_1/comb_iter_2/right/Relu,OpenCL,2070.6,1741.2,0.8409156766154738
cell_stem_1/comb_iter_2/right/separable_3x3_1/separable_conv2d/depthwise,OpenCL,2724.1,2227.6,0.8177379685033589
cell_stem_1/comb_iter_2/right/separable_3x3_1/separable_conv2d,OpenCL,4218.7,3736.8,0.8857704980207174
cell_stem_1/comb_iter_2/right/separable_3x3_2/separable_conv2d/depthwise,OpenCL,1993.1,1468.3,0.736691585971602
cell_stem_1/comb_iter_2/right/separable_3x3_2/separable_conv2d,OpenCL,4147.0,3726.5,0.8986013986013986
cell_stem_1/comb_iter_2/combine/add,OpenCL,1524.5,1112.4,0.7296818629058708
cell_stem_1/comb_iter_3/left/Relu,OpenCL,1331.5,894.6,0.6718738265114532
cell_stem_1/comb_iter_3/left/separable_3x3_1/separable_conv2d/depthwise,OpenCL,1974.2,1429.4,0.7240401175159559
cell_stem_1/comb_iter_3/left/separable_3x3_1/separable_conv2d,OpenCL,4192.7,3724.7,0.8883774178930045
cell_stem_1/comb_iter_3/left/separable_3x3_2/separable_conv2d/depthwise,OpenCL,1997.4,1469.8,0.735856613597677
cell_stem_1/comb_iter_3/left/separable_3x3_2/separable_conv2d,OpenCL,4192.8,3717.6,0.8866628506010302
cell_stem_1/comb_iter_3/right/MaxPool2D/MaxPool,OpenCL,2382.9,1959.9,0.8224852071005917
cell_stem_1/comb_iter_3/left/bn_sep_3x3_2/FusedBatchNormV3___tr4cell_stem_1/comb_iter_3/combine/add,OpenCL,1441.3,974.5,0.6761257198362589
cell_stem_1/comb_iter_3/right/MaxPool2D/MaxPool___tr4cell_stem_1/comb_iter_3/combine/add,OpenCL,1306.3333333333333,1405.8,1.076141872926767
cell_stem_1/comb_iter_3/combine/add,OpenCL,1520.0,1205.6,0.7931578947368421
cell_stem_1/comb_iter_4/left/Relu,CPU,1418.5,1659.1,1.1696157913288685
cell_stem_1/comb_iter_4/left/separable_3x3_1/separable_conv2d/depthwise,CPU,1852.6,2032.2,1.0969448342869481
cell_stem_1/comb_iter_4/left/separable_3x3_1/separable_conv2d,CPU,3461.1,3530.6,1.0200803212851406
cell_stem_1/comb_iter_4/left/separable_3x3_2/separable_conv2d/depthwise,CPU,857.9,914.4,1.0658584916656952
cell_stem_1/comb_iter_4/left/separable_3x3_2/separable_conv2d,CPU,3418.5,3459.5,1.0119935644288431
cell_stem_1/comb_iter_4/right/Relu,CPU,1487.9,1436.7,0.9655890852879897
cell_stem_1/comb_iter_4/right/1x1/Conv2D,CPU,4915.3,4981.2,1.013407116554432
cell_stem_1/comb_iter_4/combine/add,CPU,486.0,561.2,1.154732510288066
cell_stem_1/comb_iter_2/combine/add___tr4cell_stem_1/cell_output/concat,OpenCL,1324.6,938.8,0.7087422618148875
cell_stem_1/comb_iter_4/combine/add___tr4cell_stem_1/cell_output/concat,CPU,1813.8,1827.2,1.007387804609108
cell_stem_1/cell_output/concat,CPU,2709.1,2556.4,0.9436344173341701
cell_1/Relu,CPU,1884.8,2652.5,1.4073111205432938
cell_1/Relu___tr4cell_1/prev_1x1/Conv2D,CPU,3162.1,3943.9,1.2472407577242972
cell_1/prev_1x1/Conv2D,CPU,38368.7,52469.2,1.3675000716730044
cell_1/comb_iter_0/left/Relu,CPU,734.0,883.3,1.2034059945504088
cell_1/comb_iter_0/left/separable_5x5_1/separable_conv2d/depthwise,CPU,5543.5,5555.1,1.0020925408135655
cell_1/comb_iter_0/left/separable_5x5_1/separable_conv2d,CPU,12981.8,13396.2,1.031921613335593
cell_1/comb_iter_0/left/separable_5x5_2/separable_conv2d/depthwise,CPU,5536.0,5551.6,1.0028179190751445
cell_1/comb_iter_0/left/separable_5x5_2/separable_conv2d,CPU,13168.4,13653.6,1.0368457823273898
cell_1/comb_iter_0/right/MaxPool2D/MaxPool,CPU,2870.6,2756.1,0.9601128683898836
cell_1/comb_iter_0/left/bn_sep_5x5_2/FusedBatchNormV3___tr4cell_1/comb_iter_0/combine/add,CPU,3835.4,3814.5,0.994550763935965
cell_1/comb_iter_0/right/MaxPool2D/MaxPool___tr4cell_1/comb_iter_0/combine/add,CPU,3866.6,3825.8,0.9894480939326541
cell_1/comb_iter_0/combine/add,CPU,1160.3333333333333,1230.4,1.0603849468543523
cell_0/Relu,CPU,3599.5555555555557,4830.1,1.341860106185949
cell_0/AvgPool2D,CPU,2084.5,2883.5,1.3833053490045575
cell_0/path1_conv/Conv2D,CPU,8729.9,8667.4,0.9928406969151995
cell_0/Pad/paddings,CPU,1.0,0.4,0.4
cell_0/Pad_Gather_Index,CPU,0.0,0.3,0
cell_0/Pad_Gather,CPU,0.0,0.5,0
cell_0/Pad,CPU,5557.4,9608.6,1.728973980638428
cell_0/strided_slice/stack,CPU,1.0,0.4,0.4
cell_0/strided_slice/stack_1,CPU,0.0,0.3,0
cell_0/strided_slice/stack_2,CPU,1.0,0.1,0.1
cell_0/Pad___tr4cell_0/strided_slice,CPU,19424.2,20285.1,1.044321001637133
cell_0/strided_slice,CPU,5748.8,5773.1,1.0042269691065961
cell_0/strided_slice___tr4cell_0/AvgPool2D_1,CPU,6505.7,7785.4,1.196704428424305
cell_0/AvgPool2D_1,CPU,2078.1,2135.9,1.027813868437515
cell_0/path2_conv/Conv2D,CPU,8798.111111111111,8627.5,0.9806082113584986
cell_0/concat,CPU,759.5,800.2,1.0535878867676103
cell_0/final_path_bn/FusedBatchNormV3,CPU,717.2,860.2,1.1993865030674846
cell_0/comb_iter_0/left/Relu,CPU,667.1111111111111,855.6,1.2825449700199867
cell_0/comb_iter_0/left/separable_5x5_1/separable_conv2d/depthwise,CPU,5563.9,5552.4,0.9979331044770754
cell_0/comb_iter_0/left/separable_5x5_1/separable_conv2d,CPU,13105.3,13270.0,1.012567434549381
cell_0/comb_iter_0/left/separable_5x5_2/separable_conv2d/depthwise,CPU,5564.6,5563.7,0.9998382633073356
cell_0/comb_iter_0/left/separable_5x5_2/separable_conv2d,CPU,13236.4,13603.7,1.0277492369526458
cell_0/comb_iter_0/right/MaxPool2D/MaxPool,CPU,2860.5,2851.7,0.9969236147526656
cell_0/comb_iter_0/left/bn_sep_5x5_2/FusedBatchNormV3___tr4cell_0/comb_iter_0/combine/add,CPU,3630.7,3827.2,1.054121794695238
cell_0/comb_iter_0/right/MaxPool2D/MaxPool___tr4cell_0/comb_iter_0/combine/add,CPU,3647.5,3779.9,1.0362988348183688
cell_0/comb_iter_0/combine/add,CPU,991.2,1095.5,1.1052259887005649
cell_0/Relu_1,OpenCL,2588.3,3471.5,1.34122783294054
cell_0/Relu_1___tr4cell_0/1x1/Conv2D,OpenCL,2607.75,3198.1,1.2263828971335442
cell_0/1x1/Conv2D,OpenCL,26328.2,26187.1,0.9946407274329425
cell_0/comb_iter_1/left/Relu,CPU,779.3333333333334,890.9,1.1431565440547475
cell_0/comb_iter_1/left/separable_7x7_1/separable_conv2d/depthwise,CPU,10062.8,10083.0,1.0020073935683906
cell_0/comb_iter_1/left/separable_7x7_1/separable_conv2d,CPU,13141.4,13847.3,1.0537157380492184
cell_0/comb_iter_1/left/separable_7x7_2/separable_conv2d/depthwise,CPU,10098.7,10044.8,0.9946626793547683
cell_0/comb_iter_1/left/separable_7x7_2/separable_conv2d,CPU,13134.3,13267.3,1.0101261582269325
cell_0/comb_iter_1/right/MaxPool2D/MaxPool,CPU,2782.6,2768.6,0.9949687342772946
cell_0/comb_iter_1/left/bn_sep_7x7_2/FusedBatchNormV3___tr4cell_0/comb_iter_1/combine/add,CPU,4033.7,3693.3,0.9156109775144409
cell_0/comb_iter_1/right/MaxPool2D/MaxPool___tr4cell_0/comb_iter_1/combine/add,CPU,4072.8999999999996,3633.0,0.891993419921923
cell_0/comb_iter_1/combine/add,CPU,1185.9,997.6,0.8412176406105067
cell_0/comb_iter_2/left/Relu,OpenCL,1429.1,2087.2,1.4604996151423972
cell_0/comb_iter_2/left/separable_5x5_1/separable_conv2d/depthwise,OpenCL,4686.666666666667,4428.8,0.9449786628733997
cell_0/comb_iter_2/left/separable_5x5_1/separable_conv2d,OpenCL,11859.8,11683.0,0.9850924973439688
cell_0/comb_iter_2/left/separable_5x5_2/separable_conv2d/depthwise,OpenCL,4859.8,4324.4,0.8898308572369232
cell_0/comb_iter_2/left/separable_5x5_2/separable_conv2d,OpenCL,11467.2,11285.5,0.9841548067531742
cell_0/comb_iter_2/right/Relu,OpenCL,1590.3,1182.0,0.7432559894359555
cell_0/comb_iter_2/right/separable_3x3_1/separable_conv2d/depthwise,OpenCL,2869.3,2391.3,0.8334088453629805
cell_0/comb_iter_2/right/separable_3x3_1/separable_conv2d,OpenCL,11561.0,11126.7,0.9624340454977943
cell_0/comb_iter_2/right/separable_3x3_2/separable_conv2d/depthwise,OpenCL,2892.6666666666665,2438.4,0.842959207190597
cell_0/comb_iter_2/right/separable_3x3_2/separable_conv2d,OpenCL,11583.6,11117.6,0.9597707103145827
cell_0/comb_iter_2/combine/add,OpenCL,2159.6666666666665,2356.3,1.0910480012347585
cell_0/comb_iter_3/left/Relu,OpenCL,1484.6,1174.9,0.791391620638556
cell_0/comb_iter_3/left/separable_3x3_1/separable_conv2d/depthwise,OpenCL,2834.9,2488.8,0.8779145648876504
cell_0/comb_iter_3/left/separable_3x3_1/separable_conv2d,OpenCL,11539.0,11454.0,0.9926336770950689
cell_0/comb_iter_3/left/separable_3x3_2/separable_conv2d/depthwise,OpenCL,2860.1111111111113,5034.4,1.7602113360009322
cell_0/comb_iter_3/left/separable_3x3_2/separable_conv2d,OpenCL,11511.3,11185.7,0.9717147498544909
cell_0/comb_iter_3/right/MaxPool2D/MaxPool,OpenCL,3227.2,3462.9,1.0730354486861677
cell_0/comb_iter_3/left/bn_sep_3x3_2/FusedBatchNormV3___tr4cell_0/comb_iter_3/combine/add,OpenCL,1496.5,1223.8,0.8177748078850651
cell_0/comb_iter_3/right/MaxPool2D/MaxPool___tr4cell_0/comb_iter_3/combine/add,OpenCL,1456.1,1172.9,0.8055078634709155
cell_0/comb_iter_3/combine/add,OpenCL,1903.5,1556.0,0.8174415550302075
cell_0/comb_iter_4/left/Relu,OpenCL,1479.7,1162.3,0.7854970602149084
cell_0/comb_iter_4/left/separable_3x3_1/separable_conv2d/depthwise,OpenCL,2835.1,2417.0,0.85252724771613
cell_0/comb_iter_4/left/separable_3x3_1/separable_conv2d,OpenCL,11518.1,11173.3,0.9700645071669806
cell_0/comb_iter_4/left/separable_3x3_2/separable_conv2d/depthwise,OpenCL,3227.2,2816.9,0.8728619236489837
cell_0/comb_iter_4/left/separable_3x3_2/separable_conv2d,OpenCL,11595.8,11387.1,0.9820021042101451
cell_0/comb_iter_4/combine/add,OpenCL,1949.3333333333333,4146.7,2.1272400820793433
cell_0/comb_iter_2/combine/add___tr4cell_0/cell_output/concat,OpenCL,1403.0,1227.6,0.8749821810406272
cell_0/comb_iter_4/combine/add___tr4cell_0/cell_output/concat,OpenCL,1448.4,1172.0,0.8091687379177023
cell_0/cell_output/concat,CPU,4726.4,4873.1,1.031038422477996
cell_1/Relu_1,OpenCL,9275.3,11437.8,1.233146097700344
cell_1/Relu_1___tr4cell_1/1x1/Conv2D,OpenCL,8909.2,10382.3,1.165345934539577
cell_1/1x1/Conv2D,OpenCL,50949.9,51258.4,1.0060549677231947
cell_1/comb_iter_1/left/Relu,OpenCL,2350.5555555555557,1215.5,0.5171117939021508
cell_1/comb_iter_1/left/separable_7x7_1/separable_conv2d/depthwise,OpenCL,7357.9,9262.8,1.2588918033678087
cell_1/comb_iter_1/left/separable_7x7_1/separable_conv2d,OpenCL,11540.0,12208.9,1.0579636048526864
cell_1/comb_iter_1/left/separable_7x7_2/separable_conv2d/depthwise,OpenCL,7410.8,7120.2,0.9607869595725157
cell_1/comb_iter_1/left/separable_7x7_2/separable_conv2d,OpenCL,11566.4,11170.6,0.9657801908977729
cell_1/comb_iter_1/right/MaxPool2D/MaxPool,OpenCL,3118.2,2995.9,0.9607786543518697
cell_1/comb_iter_1/left/bn_sep_7x7_2/FusedBatchNormV3___tr4cell_1/comb_iter_1/combine/add,OpenCL,1484.2,1137.5,0.7664061447244307
cell_1/comb_iter_1/right/MaxPool2D/MaxPool___tr4cell_1/comb_iter_1/combine/add,OpenCL,1442.9,1129.1,0.7825213112481806
cell_1/comb_iter_1/combine/add,OpenCL,1816.3333333333333,1536.1,0.8457148100568912
cell_1/comb_iter_2/left/Relu,OpenCL,1433.3333333333333,2019.4,1.4088837209302327
cell_1/comb_iter_2/left/separable_5x5_1/separable_conv2d/depthwise,OpenCL,4808.0,4384.1,0.9118344425956739
cell_1/comb_iter_2/left/separable_5x5_1/separable_conv2d,OpenCL,12096.5,11308.8,0.9348819906584549
cell_1/comb_iter_2/left/separable_5x5_2/separable_conv2d/depthwise,OpenCL,4811.2,4387.8,0.9119970069837048
cell_1/comb_iter_2/left/separable_5x5_2/separable_conv2d,OpenCL,11556.6,11214.9,0.970432480141218
cell_1/comb_iter_2/right/Relu,OpenCL,1411.7777777777778,1285.3,0.9104124035888556
cell_1/comb_iter_2/right/separable_3x3_1/separable_conv2d/depthwise,OpenCL,2794.2,2474.4,0.8855486364612413
cell_1/comb_iter_2/right/separable_3x3_1/separable_conv2d,OpenCL,11518.2,11572.1,1.0046795506242294
cell_1/comb_iter_2/right/separable_3x3_2/separable_conv2d/depthwise,OpenCL,2826.222222222222,4757.3,1.6832717408397548
cell_1/comb_iter_2/right/separable_3x3_2/separable_conv2d,OpenCL,11593.8,12580.8,1.0851317083268643
cell_1/comb_iter_2/combine/add,OpenCL,2383.0,3453.2,1.449097775912715
cell_1/comb_iter_3/left/Relu,CPU,799.1111111111111,851.9,1.066059510567297
cell_1/comb_iter_3/left/separable_3x3_1/separable_conv2d/depthwise,CPU,1677.8,1717.5,1.0236619382524734
cell_1/comb_iter_3/left/separable_3x3_1/separable_conv2d,CPU,12933.3,13425.5,1.0380567991154617
cell_1/comb_iter_3/left/separable_3x3_2/separable_conv2d/depthwise,CPU,1685.7,1715.5,1.0176781159162365
cell_1/comb_iter_3/left/separable_3x3_2/separable_conv2d,CPU,12882.6,13415.8,1.0413891605731762
cell_1/comb_iter_3/right/MaxPool2D/MaxPool,CPU,2744.4,2987.8,1.0886896953796823
cell_1/comb_iter_3/left/bn_sep_3x3_2/FusedBatchNormV3___tr4cell_1/comb_iter_3/combine/add,CPU,3696.1,5059.0,1.3687400232677687
cell_1/comb_iter_3/right/MaxPool2D/MaxPool___tr4cell_1/comb_iter_3/combine/add,CPU,3447.0,4155.8,1.2056280823904846
cell_1/comb_iter_3/combine/add,CPU,969.7,1267.3,1.306899040940497
cell_1/comb_iter_4/left/Relu,CPU,706.4,905.6,1.2819932049830125
cell_1/comb_iter_4/left/separable_3x3_1/separable_conv2d/depthwise,CPU,1663.4,1698.1,1.0208608873391847
cell_1/comb_iter_4/left/separable_3x3_1/separable_conv2d,CPU,12646.3,12955.1,1.0244182092786034
cell_1/comb_iter_4/left/separable_3x3_2/separable_conv2d/depthwise,CPU,1703.0,1787.6,1.049677040516735
cell_1/comb_iter_4/left/separable_3x3_2/separable_conv2d,CPU,12651.9,12910.3,1.0204238098625502
cell_1/comb_iter_4/combine/add,CPU,1104.4,1217.9,1.1027707352408547
cell_1/comb_iter_2/combine/add___tr4cell_1/cell_output/concat,OpenCL,1532.2,1145.4,0.7475525388330505
cell_1/comb_iter_4/combine/add___tr4cell_1/cell_output/concat,CPU,3825.5,3877.9,1.013697555875049
cell_1/cell_output/concat,CPU,4864.1,6136.9,1.2616722518040335
cell_3/Relu,OpenCL,9900.7,9862.6,0.9961517872473663
cell_3/Relu___tr4cell_3/prev_1x1/Conv2D,OpenCL,9005.1,10314.7,1.1454287015135869
cell_3/prev_1x1/Conv2D,OpenCL,51063.9,52148.3,1.0212361374669776
cell_3/comb_iter_0/left/Relu,OpenCL,2416.375,2839.6,1.175148724846102
cell_3/comb_iter_0/left/separable_5x5_1/separable_conv2d/depthwise,OpenCL,4632.6,6526.7,1.4088632733238353
cell_3/comb_iter_0/left/separable_5x5_1/separable_conv2d,OpenCL,11510.5,12512.8,1.0870770166369836
cell_3/comb_iter_0/left/separable_5x5_2/separable_conv2d/depthwise,OpenCL,4751.0,6282.2,1.3222900442012206
cell_3/comb_iter_0/left/separable_5x5_2/separable_conv2d,OpenCL,11470.1,12364.1,1.0779417790603394
cell_3/comb_iter_0/right/MaxPool2D/MaxPool,OpenCL,3007.2,4711.4,1.566706570896515
cell_3/comb_iter_0/left/bn_sep_5x5_2/FusedBatchNormV3___tr4cell_3/comb_iter_0/combine/add,OpenCL,1384.875,1331.1,0.961169780666125
cell_3/comb_iter_0/right/MaxPool2D/MaxPool___tr4cell_3/comb_iter_0/combine/add,OpenCL,1322.625,2084.0,1.5756544750023627
cell_3/comb_iter_0/combine/add,OpenCL,1747.25,1659.1,0.9495492917441694
cell_2/Relu,OpenCL,8663.4,13219.5,1.525902070780525
cell_2/Relu___tr4cell_2/prev_1x1/Conv2D,OpenCL,9473.5,10674.4,1.1267641315247796
cell_2/prev_1x1/Conv2D,OpenCL,51066.4,51975.9,1.0178101452226904
cell_2/comb_iter_0/left/Relu,OpenCL,2020.3999999999999,3146.6,1.5574143733914076
cell_2/comb_iter_0/left/separable_5x5_1/separable_conv2d/depthwise,OpenCL,4720.3,5440.7,1.1526174183844247
cell_2/comb_iter_0/left/separable_5x5_1/separable_conv2d,OpenCL,11491.7,11675.6,1.0160028542339252
cell_2/comb_iter_0/left/separable_5x5_2/separable_conv2d/depthwise,OpenCL,4810.5,4497.5,0.9349339985448498
cell_2/comb_iter_0/left/separable_5x5_2/separable_conv2d,OpenCL,11471.5,11231.2,0.9790524342936844
cell_2/comb_iter_0/right/MaxPool2D/MaxPool,OpenCL,3156.8,3072.7,0.9733590978205777
cell_2/comb_iter_0/left/bn_sep_5x5_2/FusedBatchNormV3___tr4cell_2/comb_iter_0/combine/add,OpenCL,1540.4,1188.2,0.7713580888081017
cell_2/comb_iter_0/right/MaxPool2D/MaxPool___tr4cell_2/comb_iter_0/combine/add,OpenCL,1449.3333333333333,1178.4,0.8130634774609017
cell_2/comb_iter_0/combine/add,OpenCL,1772.6666666666667,1532.0,0.8642346746897329
cell_2/Relu_1,CPU,3995.8,4697.0,1.175484258471395
cell_2/Relu_1___tr4cell_2/1x1/Conv2D,CPU,6591.3,7324.6,1.1112527119081212
cell_2/1x1/Conv2D,CPU,80557.5,89877.9,1.1156987245135461
cell_2/comb_iter_1/left/Relu,OpenCL,1895.888888888889,1156.2,0.609845865322628
cell_2/comb_iter_1/left/separable_7x7_1/separable_conv2d/depthwise,OpenCL,7595.5,7055.7,0.9289316042393522
cell_2/comb_iter_1/left/separable_7x7_1/separable_conv2d,OpenCL,11683.6,11456.3,0.9805453798486767
cell_2/comb_iter_1/left/separable_7x7_2/separable_conv2d/depthwise,OpenCL,7520.4,7031.3,0.9349635657677784
cell_2/comb_iter_1/left/separable_7x7_2/separable_conv2d,OpenCL,11681.7,11211.1,0.9597147675423954
cell_2/comb_iter_1/right/MaxPool2D/MaxPool,OpenCL,3250.3,2908.2,0.8947481770913454
cell_2/comb_iter_1/left/bn_sep_7x7_2/FusedBatchNormV3___tr4cell_2/comb_iter_1/combine/add,OpenCL,1562.4,1201.2,0.7688172043010753
cell_2/comb_iter_1/right/MaxPool2D/MaxPool___tr4cell_2/comb_iter_1/combine/add,OpenCL,1546.8,1206.8,0.7801913628135505
cell_2/comb_iter_1/combine/add,OpenCL,1999.6,1700.3,0.8503200640128026
cell_2/comb_iter_2/left/Relu,CPU,874.1,943.0,1.0788239331884224
cell_2/comb_iter_2/left/separable_5x5_1/separable_conv2d/depthwise,CPU,5686.5,5549.4,0.9758902664204695
cell_2/comb_iter_2/left/separable_5x5_1/separable_conv2d,CPU,12813.9,13023.0,1.0163182169362959
cell_2/comb_iter_2/left/separable_5x5_2/separable_conv2d/depthwise,CPU,5615.0,5534.7,0.9856990204808548
cell_2/comb_iter_2/left/separable_5x5_2/separable_conv2d,CPU,12734.7,12968.8,1.0183828437261968
cell_2/comb_iter_2/right/Relu,CPU,891.1,982.6,1.1026820783301536
cell_2/comb_iter_2/right/separable_3x3_1/separable_conv2d/depthwise,CPU,1731.5,1721.5,0.9942246606988161
cell_2/comb_iter_2/right/separable_3x3_1/separable_conv2d,CPU,12886.4,13216.7,1.0256316737025082
cell_2/comb_iter_2/right/separable_3x3_2/separable_conv2d/depthwise,CPU,1744.0,1756.4,1.0071100917431193
cell_2/comb_iter_2/right/separable_3x3_2/separable_conv2d,CPU,13045.2,13211.0,1.0127096556587862
cell_2/comb_iter_2/combine/add,CPU,1281.2,1293.8,1.009834530128005
cell_2/comb_iter_3/left/Relu,CPU,835.7,912.6,1.0920186669857603
cell_2/comb_iter_3/left/separable_3x3_1/separable_conv2d/depthwise,CPU,1717.0,1715.2,0.9989516598718695
cell_2/comb_iter_3/left/separable_3x3_1/separable_conv2d,CPU,12681.9,13241.6,1.044133765445241
cell_2/comb_iter_3/left/separable_3x3_2/separable_conv2d/depthwise,CPU,1717.5,1760.3,1.024919941775837
cell_2/comb_iter_3/left/separable_3x3_2/separable_conv2d,CPU,12707.8,13619.7,1.0717590771022523
cell_2/comb_iter_3/right/MaxPool2D/MaxPool,CPU,2764.9,3031.5,1.0964230171073095
cell_2/comb_iter_3/left/bn_sep_3x3_2/FusedBatchNormV3___tr4cell_2/comb_iter_3/combine/add,CPU,3669.9,5630.5,1.534237990135971
cell_2/comb_iter_3/right/MaxPool2D/MaxPool___tr4cell_2/comb_iter_3/combine/add,CPU,3669.2,5036.6,1.3726697917802246
cell_2/comb_iter_3/combine/add,CPU,1119.1,1242.2,1.1099991064248058
cell_2/comb_iter_4/left/Relu,OpenCL,1505.4444444444443,1179.6,0.7835559819912908
cell_2/comb_iter_4/left/separable_3x3_1/separable_conv2d/depthwise,OpenCL,2962.8,2439.3,0.8233090319967599
cell_2/comb_iter_4/left/separable_3x3_1/separable_conv2d,OpenCL,11671.8,11553.0,0.9898216213437516
cell_2/comb_iter_4/left/separable_3x3_2/separable_conv2d/depthwise,OpenCL,3369.9,2586.5,0.767530193774296
cell_2/comb_iter_4/left/separable_3x3_2/separable_conv2d,OpenCL,11696.7,11259.8,0.962647584361401
cell_2/comb_iter_4/combine/add,OpenCL,1988.3,1549.0,0.7790574862948247
cell_2/comb_iter_2/combine/add___tr4cell_2/cell_output/concat,CPU,3725.4,3889.4,1.0440221184302356
cell_2/comb_iter_4/combine/add___tr4cell_2/cell_output/concat,OpenCL,1537.0,1246.6,0.8110605074821079
cell_2/cell_output/concat,CPU,4427.6,5750.9,1.2988752371487937
cell_3/Relu_1,CPU,3454.5,4297.4,1.2440005789549862
cell_3/Relu_1___tr4cell_3/1x1/Conv2D,CPU,6589.6,7461.5,1.1323145562704868
cell_3/1x1/Conv2D,CPU,80447.6,85774.6,1.066217015796618
cell_3/comb_iter_1/left/Relu,OpenCL,2453.1,1755.7,0.7157066568831275
cell_3/comb_iter_1/left/separable_7x7_1/separable_conv2d/depthwise,OpenCL,7476.5,7032.3,0.9405871731425133
cell_3/comb_iter_1/left/separable_7x7_1/separable_conv2d,OpenCL,11567.9,11626.3,1.0050484530467934
cell_3/comb_iter_1/left/separable_7x7_2/separable_conv2d/depthwise,OpenCL,7523.6,7060.9,0.9385001860811313
cell_3/comb_iter_1/left/separable_7x7_2/separable_conv2d,OpenCL,11614.4,11364.6,0.9784922165587547
cell_3/comb_iter_1/right/MaxPool2D/MaxPool,OpenCL,3295.6,2991.7,0.9077861390945503
cell_3/comb_iter_1/left/bn_sep_7x7_2/FusedBatchNormV3___tr4cell_3/comb_iter_1/combine/add,OpenCL,1466.5,1232.5,0.840436413228776
cell_3/comb_iter_1/right/MaxPool2D/MaxPool___tr4cell_3/comb_iter_1/combine/add,OpenCL,1331.111111111111,1188.8,0.8930884808013355
cell_3/comb_iter_1/combine/add,OpenCL,1938.7,1924.7,0.9927786661164698
cell_3/comb_iter_2/left/Relu,CPU,789.7777777777778,1586.6,2.0089195272931906
cell_3/comb_iter_2/left/separable_5x5_1/separable_conv2d/depthwise,CPU,5622.0,5585.5,0.993507648523657
cell_3/comb_iter_2/left/separable_5x5_1/separable_conv2d,CPU,12785.7,13082.2,1.0231899700446592
cell_3/comb_iter_2/left/separable_5x5_2/separable_conv2d/depthwise,CPU,5584.2,5577.6,0.9988180939078114
cell_3/comb_iter_2/left/separable_5x5_2/separable_conv2d,CPU,12694.9,13342.1,1.05098110264752
cell_3/comb_iter_2/right/Relu,CPU,876.1,915.3,1.0447437507133888
cell_3/comb_iter_2/right/separable_3x3_1/separable_conv2d/depthwise,CPU,1724.7,1697.5,0.9842291412999362
cell_3/comb_iter_2/right/separable_3x3_1/separable_conv2d,CPU,12834.6,13230.2,1.0308229317625792
cell_3/comb_iter_2/right/separable_3x3_2/separable_conv2d/depthwise,CPU,1768.6,1742.1,0.9850163971502883
cell_3/comb_iter_2/right/separable_3x3_2/separable_conv2d,CPU,12735.0,12956.8,1.0174165685119747
cell_3/comb_iter_2/combine/add,CPU,1128.6666666666667,1079.4,0.9563496751329001
cell_3/comb_iter_3/left/Relu,CPU,799.4444444444445,728.9,0.9117581653926338
cell_3/comb_iter_3/left/separable_3x3_1/separable_conv2d/depthwise,CPU,1708.8,1684.9,0.9860135767790263
cell_3/comb_iter_3/left/separable_3x3_1/separable_conv2d,CPU,12706.2,13030.5,1.0255229730367852
cell_3/comb_iter_3/left/separable_3x3_2/separable_conv2d/depthwise,CPU,1714.3,1700.7,0.9920667327772269
cell_3/comb_iter_3/left/separable_3x3_2/separable_conv2d,CPU,12743.2,12945.8,1.015898675371963
cell_3/comb_iter_3/right/MaxPool2D/MaxPool,CPU,2743.9,2756.9,1.0047377819891397
cell_3/comb_iter_3/left/bn_sep_3x3_2/FusedBatchNormV3___tr4cell_3/comb_iter_3/combine/add,CPU,3645.7,3585.2,0.9834051073867844
cell_3/comb_iter_3/right/MaxPool2D/MaxPool___tr4cell_3/comb_iter_3/combine/add,CPU,3622.0,3672.9,1.014053009387079
cell_3/comb_iter_3/combine/add,CPU,1148.1,983.6,0.8567197979270099
cell_3/comb_iter_4/left/Relu,OpenCL,1452.9,1938.2,1.3340216119485167
cell_3/comb_iter_4/left/separable_3x3_1/separable_conv2d/depthwise,OpenCL,2817.125,2740.7,0.9728712783422815
cell_3/comb_iter_4/left/separable_3x3_1/separable_conv2d,OpenCL,11577.6,11744.3,1.0143984936428965
cell_3/comb_iter_4/left/separable_3x3_2/separable_conv2d/depthwise,OpenCL,3228.0,2506.9,0.7766109045848824
cell_3/comb_iter_4/left/separable_3x3_2/separable_conv2d,OpenCL,11615.2,11334.2,0.9758075625043047
cell_3/comb_iter_4/combine/add,OpenCL,2014.3,1454.7,0.7221863674725711
cell_3/comb_iter_2/combine/add___tr4cell_3/cell_output/concat,CPU,3698.0,3675.2,0.9938345051379124
cell_3/comb_iter_4/combine/add___tr4cell_3/cell_output/concat,OpenCL,1455.4444444444443,1209.3,0.8308802198641118
cell_3/cell_output/concat,CPU,4498.8,4425.1,0.9836178536498622
cell_5/Relu,CPU,3687.4,4725.1,1.2814178011607096
cell_5/Relu___tr4cell_5/AvgPool2D,CPU,6568.2,11545.3,1.757757071952742
cell_5/AvgPool2D,CPU,3700.5,3893.7,1.0522091609241995
cell_5/path1_conv/Conv2D,CPU,22537.4,22839.8,1.0134176968061976
cell_5/Pad/paddings,CPU,1.0,0.6,0.6
cell_5/Pad,CPU,4773.6,8650.7,1.8121962460197754
cell_5/strided_slice/stack,CPU,1.0,0.2,0.2
cell_5/strided_slice/stack_1,CPU,0.0,0.3,0
cell_5/strided_slice/stack_2,CPU,0.0,0.1,0
cell_5/strided_slice,CPU,4841.5,5042.5,1.0415160590726014
cell_5/strided_slice___tr4cell_5/AvgPool2D_1,CPU,6527.2,7291.1,1.1170333374188015
cell_5/AvgPool2D_1,CPU,3752.5,3843.9,1.0243570952698202
cell_5/path2_conv/Conv2D,CPU,22451.8,23142.1,1.0307458644741179
cell_5/concat,CPU,402.7,454.6,1.1288800595977155
cell_5/final_path_bn/FusedBatchNormV3,CPU,365.5,460.2,1.2590971272229823
cell_5/comb_iter_0/left/Relu,CPU,357.55555555555554,460.3,1.2873523927905532
cell_5/comb_iter_0/left/separable_5x5_1/separable_conv2d/depthwise,CPU,3104.2,3137.6,1.0107596160041235
cell_5/comb_iter_0/left/separable_5x5_1/separable_conv2d,CPU,14163.5,13493.4,0.952688247961309
cell_5/comb_iter_0/left/separable_5x5_2/separable_conv2d/depthwise,CPU,3089.9,3107.1,1.0055665231884527
cell_5/comb_iter_0/left/separable_5x5_2/separable_conv2d,CPU,14143.1,13508.3,0.95511592225184
cell_5/comb_iter_0/right/MaxPool2D/MaxPool,CPU,1648.4,1707.5,1.0358529483135162
cell_5/comb_iter_0/left/bn_sep_5x5_2/FusedBatchNormV3___tr4cell_5/comb_iter_0/combine/add,CPU,1911.6,2538.0,1.3276836158192091
cell_5/comb_iter_0/right/MaxPool2D/MaxPool___tr4cell_5/comb_iter_0/combine/add,CPU,1868.9,2845.7,1.5226603884638021
cell_5/comb_iter_0/combine/add,CPU,507.49999999999994,713.9,1.4066995073891626
cell_4/Relu,CPU,3430.8,5325.8,1.5523493062842486
cell_4/Relu___tr4cell_4/prev_1x1/Conv2D,CPU,6525.1,9438.1,1.446429939771038
cell_4/prev_1x1/Conv2D,CPU,163296.3,178325.5,1.0920363780440832
cell_4/comb_iter_0/left/Relu,CPU,1672.7,1729.6,1.0340168589705265
cell_4/comb_iter_0/left/separable_5x5_1/separable_conv2d/depthwise,CPU,3763.7,3745.9,0.9952706113664745
cell_4/comb_iter_0/left/separable_5x5_1/separable_conv2d,CPU,14174.1,13440.8,0.9482647928263522
cell_4/comb_iter_0/left/separable_5x5_2/separable_conv2d/depthwise,CPU,3049.8,3121.3,1.0234441602728048
cell_4/comb_iter_0/left/separable_5x5_2/separable_conv2d,CPU,14276.4,13437.7,0.9412526967582865
cell_4/comb_iter_0/right/MaxPool2D/MaxPool,CPU,2530.0,2668.4,1.054703557312253
cell_4/comb_iter_0/left/bn_sep_5x5_2/FusedBatchNormV3___tr4cell_4/comb_iter_0/combine/add,CPU,1886.6,1981.6,1.0503551362238948
cell_4/comb_iter_0/right/MaxPool2D/MaxPool___tr4cell_4/comb_iter_0/combine/add,CPU,1834.1,1939.1,1.0572487868709448
cell_4/comb_iter_0/combine/add,CPU,504.77777777777777,567.9,1.125049526744442
cell_4/Relu_1,OpenCL,8742.0,10470.7,1.1977465110958592
cell_4/Relu_1___tr4cell_4/1x1/Conv2D,OpenCL,8837.9,10383.5,1.1748831736045893
cell_4/1x1/Conv2D,OpenCL,100593.8,102030.1,1.0142782159536672
cell_4/comb_iter_1/left/Relu,OpenCL,1975.25,1869.7,0.9465637261106189
cell_4/comb_iter_1/left/separable_7x7_1/separable_conv2d/depthwise,OpenCL,7872.9,7308.0,0.9282475326753802
cell_4/comb_iter_1/left/separable_7x7_1/separable_conv2d,OpenCL,12994.4,13173.2,1.013759773440867
cell_4/comb_iter_1/left/separable_7x7_2/separable_conv2d/depthwise,OpenCL,4777.6,8441.2,1.766828533154722
cell_4/comb_iter_1/left/separable_7x7_2/separable_conv2d,OpenCL,13078.7,13029.8,0.9962610962863281
cell_4/comb_iter_1/right/MaxPool2D/MaxPool,OpenCL,3208.222222222222,3346.3,1.0430387199556694
cell_4/comb_iter_1/left/bn_sep_7x7_2/FusedBatchNormV3___tr4cell_4/comb_iter_1/combine/add,OpenCL,1385.8,1120.7,0.8087025544811661
cell_4/comb_iter_1/right/MaxPool2D/MaxPool___tr4cell_4/comb_iter_1/combine/add,OpenCL,1073.5,1177.8,1.097158826269213
cell_4/comb_iter_1/combine/add,OpenCL,1632.7,1279.7,0.783793715930667
cell_4/comb_iter_2/left/Relu,OpenCL,2206.1,2013.2,0.9125606273514347
cell_4/comb_iter_2/left/separable_5x5_1/separable_conv2d/depthwise,OpenCL,4888.9,4352.8,0.8903434310376568
cell_4/comb_iter_2/left/separable_5x5_1/separable_conv2d,OpenCL,13064.9,12678.8,0.9704475349983543
cell_4/comb_iter_2/left/separable_5x5_2/separable_conv2d/depthwise,OpenCL,3281.0,2718.8,0.8286498018896679
cell_4/comb_iter_2/left/separable_5x5_2/separable_conv2d,OpenCL,12983.3,12681.9,0.9767855629924596
cell_4/comb_iter_2/right/Relu,OpenCL,2097.6,2711.8,1.2928108314263922
cell_4/comb_iter_2/right/separable_3x3_1/separable_conv2d/depthwise,OpenCL,2774.5,2358.6,0.8500991169580104
cell_4/comb_iter_2/right/separable_3x3_1/separable_conv2d,OpenCL,13041.8,13030.6,0.9991412228373385
cell_4/comb_iter_2/right/separable_3x3_2/separable_conv2d/depthwise,OpenCL,2574.5555555555557,1681.0,0.6529282292520823
cell_4/comb_iter_2/right/separable_3x3_2/separable_conv2d,OpenCL,12963.8,12788.3,0.9864623027198816
cell_4/comb_iter_2/combine/add,OpenCL,1609.3333333333333,1290.4,0.8018227009113505
cell_4/comb_iter_3/left/Relu,OpenCL,1426.7,1076.1,0.7542580780822877
cell_4/comb_iter_3/left/separable_3x3_1/separable_conv2d/depthwise,OpenCL,1907.2222222222222,1622.0,0.8504515001456452
cell_4/comb_iter_3/left/separable_3x3_1/separable_conv2d,OpenCL,12996.6,12692.1,0.9765707954388071
cell_4/comb_iter_3/left/separable_3x3_2/separable_conv2d/depthwise,OpenCL,2017.7999999999997,1610.3,0.7980473783328378
cell_4/comb_iter_3/left/separable_3x3_2/separable_conv2d,OpenCL,13077.4,12799.2,0.9787266582042303
cell_4/comb_iter_3/right/MaxPool2D/MaxPool,OpenCL,2848.3,2542.8,0.8927430397078959
cell_4/comb_iter_3/left/bn_sep_3x3_2/FusedBatchNormV3___tr4cell_4/comb_iter_3/combine/add,OpenCL,1395.5,1094.3,0.7841633823002507
cell_4/comb_iter_3/right/MaxPool2D/MaxPool___tr4cell_4/comb_iter_3/combine/add,OpenCL,1359.4,1110.4,0.8168309548330146
cell_4/comb_iter_3/combine/add,OpenCL,1568.7,1274.0,0.8121374386434627
cell_4/comb_iter_4/left/Relu,CPU,1493.2222222222222,1629.7,1.0913981695066597
cell_4/comb_iter_4/left/separable_3x3_1/separable_conv2d/depthwise,CPU,1794.8,1894.3,1.0554379318029865
cell_4/comb_iter_4/left/separable_3x3_1/separable_conv2d,CPU,14151.0,13902.6,0.9824464702141191
cell_4/comb_iter_4/left/separable_3x3_2/separable_conv2d/depthwise,CPU,1005.1000000000001,1017.6,1.012436573475276
cell_4/comb_iter_4/left/separable_3x3_2/separable_conv2d,CPU,14274.4,13518.4,0.947038054138878
cell_4/comb_iter_4/right/Relu,CPU,1613.5,1864.6,1.155624418964983
cell_4/comb_iter_4/right/1x1/Conv2D,CPU,16945.7,16545.4,0.9763774880943249
cell_4/comb_iter_4/combine/add,CPU,569.0,655.8,1.152548330404218
cell_4/comb_iter_2/combine/add___tr4cell_4/cell_output/concat,OpenCL,1371.7,1094.2,0.7976962892760808
cell_4/comb_iter_4/combine/add___tr4cell_4/cell_output/concat,CPU,1843.2,1867.7,1.0132921006944444
cell_4/cell_output/concat,CPU,2089.8,2459.9,1.1770982869174083
cell_5/Relu_1,OpenCL,5227.0,7441.1,1.423589056820356
cell_5/Relu_1___tr4cell_5/1x1/Conv2D,OpenCL,4989.7,6751.6,1.353107401246568
cell_5/1x1/Conv2D,OpenCL,60106.9,62152.1,1.0340260435989879
cell_5/comb_iter_1/left/Relu,OpenCL,1483.7777777777778,2007.2,1.3527632170136288
cell_5/comb_iter_1/left/separable_7x7_1/separable_conv2d/depthwise,OpenCL,4440.8,5683.0,1.279724373986669
cell_5/comb_iter_1/left/separable_7x7_1/separable_conv2d,OpenCL,12964.0,13842.5,1.0677645788336934
cell_5/comb_iter_1/left/separable_7x7_2/separable_conv2d/depthwise,OpenCL,4550.555555555556,4220.1,0.9273812721279454
cell_5/comb_iter_1/left/separable_7x7_2/separable_conv2d,OpenCL,12931.8,12767.3,0.987279419725019
cell_5/comb_iter_1/right/MaxPool2D/MaxPool,OpenCL,2770.0,2643.1,0.9541877256317689
cell_5/comb_iter_1/left/bn_sep_7x7_2/FusedBatchNormV3___tr4cell_5/comb_iter_1/combine/add,OpenCL,1234.5,1072.1,0.8684487646820575
cell_5/comb_iter_1/right/MaxPool2D/MaxPool___tr4cell_5/comb_iter_1/combine/add,OpenCL,1079.0,1369.1,1.2688600556070435
cell_5/comb_iter_1/combine/add,OpenCL,1667.4,1440.5,0.8639198752548878
cell_5/comb_iter_2/left/Relu,CPU,347.9,457.9,1.3161828111526301
cell_5/comb_iter_2/left/separable_5x5_1/separable_conv2d/depthwise,CPU,3092.2,3140.5,1.0156199469633271
cell_5/comb_iter_2/left/separable_5x5_1/separable_conv2d,CPU,14359.6,13687.0,0.9531602551603109
cell_5/comb_iter_2/left/separable_5x5_2/separable_conv2d/depthwise,CPU,3129.9,3285.6,1.0497459982747053
cell_5/comb_iter_2/left/separable_5x5_2/separable_conv2d,CPU,14619.1,13608.3,0.9308575767318097
cell_5/comb_iter_2/right/Relu,CPU,434.0,453.8,1.0456221198156683
cell_5/comb_iter_2/right/separable_3x3_1/separable_conv2d/depthwise,CPU,1014.2,1025.1,1.0107473871031354
cell_5/comb_iter_2/right/separable_3x3_1/separable_conv2d,CPU,14342.5,13689.7,0.9544849224333276
cell_5/comb_iter_2/right/separable_3x3_2/separable_conv2d/depthwise,CPU,982.7,1085.1,1.1042027068281264
cell_5/comb_iter_2/right/separable_3x3_2/separable_conv2d,CPU,14274.7,14545.3,1.0189566155505894
cell_5/comb_iter_2/combine/add,CPU,551.4,870.1,1.5779833151976788
cell_5/comb_iter_3/left/Relu,OpenCL,1440.2,1132.2,0.7861408137758644
cell_5/comb_iter_3/left/separable_3x3_1/separable_conv2d/depthwise,OpenCL,2179.3,1731.8,0.7946588354058641
cell_5/comb_iter_3/left/separable_3x3_1/separable_conv2d,OpenCL,12924.4,12691.1,0.9819488719012102
cell_5/comb_iter_3/left/separable_3x3_2/separable_conv2d/depthwise,OpenCL,2635.9,2479.2,0.9405516142494024
cell_5/comb_iter_3/left/separable_3x3_2/separable_conv2d,OpenCL,12885.5,12915.2,1.0023049163788755
cell_5/comb_iter_3/right/MaxPool2D/MaxPool,OpenCL,2766.5,2728.7,0.9863365262967648
cell_5/comb_iter_3/left/bn_sep_3x3_2/FusedBatchNormV3___tr4cell_5/comb_iter_3/combine/add,OpenCL,1417.8,1035.4,0.7302863591479758
cell_5/comb_iter_3/right/MaxPool2D/MaxPool___tr4cell_5/comb_iter_3/combine/add,OpenCL,1391.4,1093.3,0.7857553543193905
cell_5/comb_iter_3/combine/add,OpenCL,1640.0,1231.3,0.7507926829268292
cell_5/comb_iter_4/left/Relu,OpenCL,1338.9,1404.6,1.0490701321980729
cell_5/comb_iter_4/left/separable_3x3_1/separable_conv2d/depthwise,OpenCL,2141.6,1745.3,0.8149514381770638
cell_5/comb_iter_4/left/separable_3x3_1/separable_conv2d,OpenCL,12956.1,13380.4,1.032749052569832
cell_5/comb_iter_4/left/separable_3x3_2/separable_conv2d/depthwise,OpenCL,2171.0,3503.8,1.6139106402579457
cell_5/comb_iter_4/left/separable_3x3_2/separable_conv2d,OpenCL,12913.5,12850.5,0.9951213845975142
cell_5/comb_iter_4/combine/add,OpenCL,1890.25,1229.5,0.6504430630868933
cell_5/comb_iter_2/combine/add___tr4cell_5/cell_output/concat,CPU,1906.3,2294.7,1.2037454755285106
cell_5/comb_iter_4/combine/add___tr4cell_5/cell_output/concat,OpenCL,1066.75,1106.2,1.0369814858214201
cell_5/cell_output/concat,CPU,2192.6,2904.0,1.3244549849493752
cell_7/Relu,OpenCL,5199.5,5669.1,1.0903163765746706
cell_7/Relu___tr4cell_7/prev_1x1/Conv2D,OpenCL,5094.7,5555.7,1.0904861915323767
cell_7/prev_1x1/Conv2D,OpenCL,60473.2,61236.6,1.0126237738370054
cell_7/comb_iter_0/left/Relu,OpenCL,1312.7142857142858,1843.7,1.4044945042986179
cell_7/comb_iter_0/left/separable_5x5_1/separable_conv2d/depthwise,OpenCL,3066.9,5535.4,1.8048844109687305
cell_7/comb_iter_0/left/separable_5x5_1/separable_conv2d,OpenCL,13058.1,14350.1,1.098942418881767
cell_7/comb_iter_0/left/separable_5x5_2/separable_conv2d/depthwise,OpenCL,3243.0,3913.1,1.2066296638914584
cell_7/comb_iter_0/left/separable_5x5_2/separable_conv2d,OpenCL,13042.4,13119.5,1.0059114886830645
cell_7/comb_iter_0/right/MaxPool2D/MaxPool,OpenCL,2880.3,2738.5,0.9507690171162726
cell_7/comb_iter_0/left/bn_sep_5x5_2/FusedBatchNormV3___tr4cell_7/comb_iter_0/combine/add,OpenCL,1456.3,1279.0,0.8782531071894527
cell_7/comb_iter_0/right/MaxPool2D/MaxPool___tr4cell_7/comb_iter_0/combine/add,OpenCL,1397.9,1182.4,0.8458401888547107
cell_7/comb_iter_0/combine/add,OpenCL,1658.2,1564.7,0.943613556868894
cell_6/Relu,OpenCL,5173.9,7164.3,1.384700129496125
cell_6/Relu___tr4cell_6/prev_1x1/Conv2D,OpenCL,5115.8,5840.2,1.1416005316861486
cell_6/prev_1x1/Conv2D,OpenCL,60144.3,61823.2,1.0279145322166854
cell_6/comb_iter_0/left/Relu,OpenCL,1472.625,2834.6,1.9248620660385365
cell_6/comb_iter_0/left/separable_5x5_1/separable_conv2d/depthwise,OpenCL,2971.6,5377.6,1.80966482702921
cell_6/comb_iter_0/left/separable_5x5_1/separable_conv2d,OpenCL,12904.7,13564.5,1.0511286585507604
cell_6/comb_iter_0/left/separable_5x5_2/separable_conv2d/depthwise,OpenCL,3141.6,2879.1,0.9164438502673796
cell_6/comb_iter_0/left/separable_5x5_2/separable_conv2d,OpenCL,12911.4,13025.3,1.0088216614774541
cell_6/comb_iter_0/right/MaxPool2D/MaxPool,OpenCL,2837.5,2732.1,0.9628546255506608
cell_6/comb_iter_0/left/bn_sep_5x5_2/FusedBatchNormV3___tr4cell_6/comb_iter_0/combine/add,OpenCL,1372.0,1065.8,0.7768221574344023
cell_6/comb_iter_0/right/MaxPool2D/MaxPool___tr4cell_6/comb_iter_0/combine/add,OpenCL,1376.8,1006.1,0.73075246949448
cell_6/comb_iter_0/combine/add,OpenCL,1636.7,1160.1,0.7088043013380582
cell_6/Relu_1,CPU,1804.9,2399.7,1.3295473433431213
cell_6/Relu_1___tr4cell_6/1x1/Conv2D,CPU,3531.1,4251.0,1.2038741468664156
cell_6/1x1/Conv2D,CPU,89028.6,94135.4,1.0573613423102237
cell_6/comb_iter_1/left/Relu,OpenCL,1431.0,1081.4,0.755695317959469
cell_6/comb_iter_1/left/separable_7x7_1/separable_conv2d/depthwise,OpenCL,4581.1,4131.6,0.9018794612647617
cell_6/comb_iter_1/left/separable_7x7_1/separable_conv2d,OpenCL,12985.1,12801.7,0.9858761195524101
cell_6/comb_iter_1/left/separable_7x7_2/separable_conv2d/depthwise,OpenCL,4635.6,4365.3,0.9416903960652342
cell_6/comb_iter_1/left/separable_7x7_2/separable_conv2d,OpenCL,13014.7,12844.7,0.9869378472035467
cell_6/comb_iter_1/right/MaxPool2D/MaxPool,OpenCL,2865.3,2603.6,0.9086657592573203
cell_6/comb_iter_1/left/bn_sep_7x7_2/FusedBatchNormV3___tr4cell_6/comb_iter_1/combine/add,OpenCL,1359.5,1038.3,0.7637366678926075
cell_6/comb_iter_1/right/MaxPool2D/MaxPool___tr4cell_6/comb_iter_1/combine/add,OpenCL,1351.9,1043.5,0.7718766180930542
cell_6/comb_iter_1/combine/add,OpenCL,1594.6,1240.6,0.7780007525398219
cell_6/comb_iter_2/left/Relu,CPU,355.55555555555554,477.3,1.34240625
cell_6/comb_iter_2/left/separable_5x5_1/separable_conv2d/depthwise,CPU,3074.6,3142.0,1.021921550770832
cell_6/comb_iter_2/left/separable_5x5_1/separable_conv2d,CPU,14248.8,13348.6,0.9368227499859638
cell_6/comb_iter_2/left/separable_5x5_2/separable_conv2d/depthwise,CPU,3085.5,3084.3,0.9996110841030628
cell_6/comb_iter_2/left/separable_5x5_2/separable_conv2d,CPU,14505.0,13366.6,0.9215167183729749
cell_6/comb_iter_2/right/Relu,CPU,418.6,465.4,1.1118012422360248
cell_6/comb_iter_2/right/separable_3x3_1/separable_conv2d/depthwise,CPU,1024.1,1006.7,0.9830094717312764
cell_6/comb_iter_2/right/separable_3x3_1/separable_conv2d,CPU,14343.7,13545.7,0.9443658191401103
cell_6/comb_iter_2/right/separable_3x3_2/separable_conv2d/depthwise,CPU,976.3,1016.5,1.041175868073338
cell_6/comb_iter_2/right/separable_3x3_2/separable_conv2d,CPU,14220.7,13493.1,0.9488351487620159
cell_6/comb_iter_2/combine/add,CPU,529.8,606.9,1.1455266138165345
cell_6/comb_iter_3/left/Relu,CPU,367.6,358.0,0.9738846572361262
cell_6/comb_iter_3/left/separable_3x3_1/separable_conv2d/depthwise,CPU,970.5,1012.1,1.042864502833591
cell_6/comb_iter_3/left/separable_3x3_1/separable_conv2d,CPU,14191.5,13404.2,0.9445231300426312
cell_6/comb_iter_3/left/separable_3x3_2/separable_conv2d/depthwise,CPU,995.9,1003.2,1.0073300532181946
cell_6/comb_iter_3/left/separable_3x3_2/separable_conv2d,CPU,14146.0,14011.0,0.990456666195391
cell_6/comb_iter_3/right/MaxPool2D/MaxPool,CPU,1611.9,1723.7,1.069359141385942
cell_6/comb_iter_3/left/bn_sep_3x3_2/FusedBatchNormV3___tr4cell_6/comb_iter_3/combine/add,CPU,1869.6,2318.5,1.240104835258879
cell_6/comb_iter_3/right/MaxPool2D/MaxPool___tr4cell_6/comb_iter_3/combine/add,CPU,1851.4,2307.1,1.2461380576860752
cell_6/comb_iter_3/combine/add,CPU,525.1,669.1,1.2742334793372692
cell_6/comb_iter_4/left/Relu,OpenCL,1270.3333333333333,998.5,0.7860141695093152
cell_6/comb_iter_4/left/separable_3x3_1/separable_conv2d/depthwise,OpenCL,2136.5,1724.2,0.807020828457758
cell_6/comb_iter_4/left/separable_3x3_1/separable_conv2d,OpenCL,13099.7,12817.9,0.978488056978404
cell_6/comb_iter_4/left/separable_3x3_2/separable_conv2d/depthwise,OpenCL,2212.1,2223.4,1.0051082681614756
cell_6/comb_iter_4/left/separable_3x3_2/separable_conv2d,OpenCL,12903.9,12762.6,0.9890498221467929
cell_6/comb_iter_4/combine/add,OpenCL,2067.1,1419.1,0.6865173431377292
cell_6/comb_iter_2/combine/add___tr4cell_6/cell_output/concat,CPU,1932.3,1911.3,0.9891321223412514
cell_6/comb_iter_4/combine/add___tr4cell_6/cell_output/concat,OpenCL,1036.2857142857142,1023.6,0.9877584780810588
cell_6/cell_output/concat,CPU,2223.9,2851.7,1.2822968658662708
cell_7/Relu_1,CPU,1896.0,2363.7,1.2466772151898733
cell_7/Relu_1___tr4cell_7/1x1/Conv2D,CPU,3433.5,3760.6,1.0952672200378621
cell_7/1x1/Conv2D,CPU,88876.8,90490.6,1.0181577194498452
cell_7/comb_iter_1/left/Relu,OpenCL,1413.375,1443.9,1.0215972406473866
cell_7/comb_iter_1/left/separable_7x7_1/separable_conv2d/depthwise,OpenCL,4462.9,4136.7,0.9269085124022497
cell_7/comb_iter_1/left/separable_7x7_1/separable_conv2d,OpenCL,13035.8,12767.4,0.9794105463416132
cell_7/comb_iter_1/left/separable_7x7_2/separable_conv2d/depthwise,OpenCL,4548.0,4241.7,0.9326517150395778
cell_7/comb_iter_1/left/separable_7x7_2/separable_conv2d,OpenCL,13000.6,12770.1,0.9822700490746581
cell_7/comb_iter_1/right/MaxPool2D/MaxPool,OpenCL,2849.8,2638.2,0.9257491753807283
cell_7/comb_iter_1/left/bn_sep_7x7_2/FusedBatchNormV3___tr4cell_7/comb_iter_1/combine/add,OpenCL,1376.0,914.5,0.6646075581395349
cell_7/comb_iter_1/right/MaxPool2D/MaxPool___tr4cell_7/comb_iter_1/combine/add,OpenCL,1150.875,986.0,0.8567394373845987
cell_7/comb_iter_1/combine/add,OpenCL,1562.9,1233.0,0.7889180369825324
cell_7/comb_iter_2/left/Relu,CPU,368.4,679.4,1.8441910966340935
cell_7/comb_iter_2/left/separable_5x5_1/separable_conv2d/depthwise,CPU,3100.7,3115.0,1.0046118618376496
cell_7/comb_iter_2/left/separable_5x5_1/separable_conv2d,CPU,14540.5,13407.4,0.9220728310580791
cell_7/comb_iter_2/left/separable_5x5_2/separable_conv2d/depthwise,CPU,3099.5,3080.3,0.9938054524923375
cell_7/comb_iter_2/left/separable_5x5_2/separable_conv2d,CPU,14588.1,13466.2,0.923094851282895
cell_7/comb_iter_2/right/Relu,CPU,436.1,452.2,1.0369181380417334
cell_7/comb_iter_2/right/separable_3x3_1/separable_conv2d/depthwise,CPU,1002.3,1009.9,1.007582560111743
cell_7/comb_iter_2/right/separable_3x3_1/separable_conv2d,CPU,14484.2,13909.3,0.960308474061391
cell_7/comb_iter_2/right/separable_3x3_2/separable_conv2d/depthwise,CPU,990.2,1023.9,1.0340335285800848
cell_7/comb_iter_2/right/separable_3x3_2/separable_conv2d,CPU,14407.2,13154.0,0.9130157143650397
cell_7/comb_iter_2/combine/add,CPU,551.2,546.3,0.9911103047895499
cell_7/comb_iter_3/left/Relu,CPU,346.9,354.8,1.0227731334678583
cell_7/comb_iter_3/left/separable_3x3_1/separable_conv2d/depthwise,CPU,977.9,992.0,1.0144186522139278
cell_7/comb_iter_3/left/separable_3x3_1/separable_conv2d,CPU,14482.9,13204.9,0.9117580042671012
cell_7/comb_iter_3/left/separable_3x3_2/separable_conv2d/depthwise,CPU,964.8,984.2,1.0201077943615258
cell_7/comb_iter_3/left/separable_3x3_2/separable_conv2d,CPU,14424.4,13184.7,0.9140553506558332
cell_7/comb_iter_3/right/MaxPool2D/MaxPool,CPU,1627.4,1634.4,1.0043013395600344
cell_7/comb_iter_3/left/bn_sep_3x3_2/FusedBatchNormV3___tr4cell_7/comb_iter_3/combine/add,CPU,1886.3,1891.1,1.002544664157345
cell_7/comb_iter_3/right/MaxPool2D/MaxPool___tr4cell_7/comb_iter_3/combine/add,CPU,1851.1,1844.0,0.9961644427637621
cell_7/comb_iter_3/combine/add,CPU,482.8,535.2,1.1085335542667771
cell_7/comb_iter_4/left/Relu,OpenCL,1099.2857142857142,1427.7,1.2987524366471737
cell_7/comb_iter_4/left/separable_3x3_1/separable_conv2d/depthwise,OpenCL,2056.4,1766.3,0.8589282240809181
cell_7/comb_iter_4/left/separable_3x3_1/separable_conv2d,OpenCL,12852.4,12986.3,1.0104182876349943
cell_7/comb_iter_4/left/separable_3x3_2/separable_conv2d/depthwise,OpenCL,2024.777777777778,2248.9,1.1106897876310156
cell_7/comb_iter_4/left/separable_3x3_2/separable_conv2d,OpenCL,12860.9,12851.5,0.9992691024733884
cell_7/comb_iter_4/combine/add,OpenCL,2084.1,1339.8,0.6428674247876781
cell_7/comb_iter_2/combine/add___tr4cell_7/cell_output/concat,CPU,1885.9,1868.9,0.9909857362532478
cell_7/comb_iter_4/combine/add___tr4cell_7/cell_output/concat,OpenCL,1185.7777777777778,1084.0,0.914167916041979
cell_7/cell_output/concat,CPU,2187.3,2414.0,1.1036437617153567
cell_9/Relu,CPU,1768.9,2405.0,1.3596020125501724
cell_9/Relu___tr4cell_9/AvgPool2D,CPU,3875.2,4868.9,1.2564254748142032
cell_9/AvgPool2D,CPU,1442.3,1697.5,1.1769396103445886
cell_9/path1_conv/Conv2D,CPU,25045.3,29025.3,1.1589120513629303
cell_9/Pad/paddings,CPU,1.0,0.5,0.5
cell_9/Pad,CPU,2618.6,2939.1,1.122393645459406
cell_9/strided_slice/stack,CPU,1.0,0.3,0.3
cell_9/strided_slice/stack_1,CPU,0.0,0.7,0
cell_9/strided_slice/stack_2,CPU,0.8888888888888888,0.3,0.3375
cell_9/strided_slice,CPU,2573.0,3383.6,1.3150408083948697
cell_9/strided_slice___tr4cell_9/AvgPool2D_1,CPU,3894.9,4064.4,1.0435184472001848
cell_9/AvgPool2D_1,CPU,1403.6,1573.2,1.120832145910516
cell_9/path2_conv/Conv2D,CPU,24891.0,28226.6,1.134008276083725
cell_9/concat,CPU,229.33333333333334,257.8,1.1241279069767443
cell_9/final_path_bn/FusedBatchNormV3,CPU,201.8,271.1,1.3434093161546086
cell_9/comb_iter_0/left/Relu,OpenCL,1437.0,1161.1,0.8080027835768963
cell_9/comb_iter_0/left/separable_5x5_1/separable_conv2d/depthwise,OpenCL,2175.4,1861.4,0.8556587294290705
cell_9/comb_iter_0/left/separable_5x5_1/separable_conv2d,OpenCL,13813.2,14146.8,1.0241508122665275
cell_9/comb_iter_0/left/separable_5x5_2/separable_conv2d/depthwise,OpenCL,2365.5,3973.9,1.6799408158951596
cell_9/comb_iter_0/left/separable_5x5_2/separable_conv2d,OpenCL,13816.9,13748.3,0.99503506575281
cell_9/comb_iter_0/right/MaxPool2D/MaxPool,OpenCL,2628.125,2551.1,0.9706920332936979
cell_9/comb_iter_0/left/bn_sep_5x5_2/FusedBatchNormV3___tr4cell_9/comb_iter_0/combine/add,OpenCL,1442.8,1134.6,0.7863875797061269
cell_9/comb_iter_0/right/MaxPool2D/MaxPool___tr4cell_9/comb_iter_0/combine/add,OpenCL,1417.8,1135.5,0.8008887008040626
cell_9/comb_iter_0/combine/add,OpenCL,1346.4,1035.2,0.7688651218062983
cell_8/Relu,CPU,1879.9,2845.4,1.513591148465344
cell_8/Relu___tr4cell_8/prev_1x1/Conv2D,CPU,3873.5,4802.3,1.2397831418613658
cell_8/prev_1x1/Conv2D,CPU,169681.4,179937.7,1.060444456493169
cell_8/comb_iter_0/left/Relu,CPU,764.8,969.3,1.2673901673640167
cell_8/comb_iter_0/left/separable_5x5_1/separable_conv2d/depthwise,CPU,2208.2,2334.1,1.0570147631555113
cell_8/comb_iter_0/left/separable_5x5_1/separable_conv2d,CPU,19834.2,16668.9,0.8404120156094019
cell_8/comb_iter_0/left/separable_5x5_2/separable_conv2d/depthwise,CPU,2215.3,2163.0,0.9763914593960186
cell_8/comb_iter_0/left/separable_5x5_2/separable_conv2d,CPU,19949.3,16919.4,0.8481199841598454
cell_8/comb_iter_0/right/MaxPool2D/MaxPool,CPU,1310.6,1425.4,1.0875934686403175
cell_8/comb_iter_0/left/bn_sep_5x5_2/FusedBatchNormV3___tr4cell_8/comb_iter_0/combine/add,CPU,1042.6,1129.2,1.083061576827163
cell_8/comb_iter_0/right/MaxPool2D/MaxPool___tr4cell_8/comb_iter_0/combine/add,CPU,989.2,1067.2,1.0788515972503032
cell_8/comb_iter_0/combine/add,CPU,295.1111111111111,333.6,1.130421686746988
cell_8/Relu_1,OpenCL,4929.8,5796.0,1.1757069252302323
cell_8/Relu_1___tr4cell_8/1x1/Conv2D,OpenCL,4973.9,5700.1,1.14600213112447
cell_8/1x1/Conv2D,OpenCL,110195.8,113498.9,1.029974826626786
cell_8/comb_iter_1/left/Relu,CPU,823.5,890.7,1.0816029143897996
cell_8/comb_iter_1/left/separable_7x7_1/separable_conv2d/depthwise,CPU,4468.2,4572.4,1.0233203527147396
cell_8/comb_iter_1/left/separable_7x7_1/separable_conv2d,CPU,20049.5,16853.3,0.8405845532307539
cell_8/comb_iter_1/left/separable_7x7_2/separable_conv2d/depthwise,CPU,3372.2,3406.2,1.0100824387640117
cell_8/comb_iter_1/left/separable_7x7_2/separable_conv2d,CPU,20230.4,16664.5,0.8237355662764947
cell_8/comb_iter_1/right/MaxPool2D/MaxPool,CPU,1363.1,1587.5,1.1646247524026119
cell_8/comb_iter_1/left/bn_sep_7x7_2/FusedBatchNormV3___tr4cell_8/comb_iter_1/combine/add,CPU,1032.9,1119.2,1.0835511666182591
cell_8/comb_iter_1/right/MaxPool2D/MaxPool___tr4cell_8/comb_iter_1/combine/add,CPU,1041.5,1042.7,1.001152184349496
cell_8/comb_iter_1/combine/add,CPU,280.4,304.9,1.0873751783166905
cell_8/comb_iter_2/left/Relu,OpenCL,2278.5,2398.4,1.052622339258284
cell_8/comb_iter_2/left/separable_5x5_1/separable_conv2d/depthwise,OpenCL,3217.4,2870.8,0.8922732641263132
cell_8/comb_iter_2/left/separable_5x5_1/separable_conv2d,OpenCL,13710.0,13820.4,1.0080525164113785
cell_8/comb_iter_2/left/separable_5x5_2/separable_conv2d/depthwise,OpenCL,2337.1,2598.5,1.1118480167729237
cell_8/comb_iter_2/left/separable_5x5_2/separable_conv2d,OpenCL,13919.7,13680.4,0.9828085375403205
cell_8/comb_iter_2/right/Relu,OpenCL,2917.7,2204.6,0.7555951605716832
cell_8/comb_iter_2/right/separable_3x3_1/separable_conv2d/depthwise,OpenCL,2083.1,1606.4,0.7711583697374107
cell_8/comb_iter_2/right/separable_3x3_1/separable_conv2d,OpenCL,13740.6,13793.6,1.0038571823646711
cell_8/comb_iter_2/right/separable_3x3_2/separable_conv2d/depthwise,OpenCL,1748.6,1284.8,0.7347592359601968
cell_8/comb_iter_2/right/separable_3x3_2/separable_conv2d,OpenCL,13740.6,13737.1,0.9997452804098802
cell_8/comb_iter_2/combine/add,OpenCL,1441.2,1173.8,0.8144601720788232
cell_8/comb_iter_3/left/Relu,OpenCL,1345.6,1131.2,0.840665873959572
cell_8/comb_iter_3/left/separable_3x3_1/separable_conv2d/depthwise,OpenCL,1665.7,1289.0,0.7738488323227471
cell_8/comb_iter_3/left/separable_3x3_1/separable_conv2d,OpenCL,13838.7,13939.9,1.0073128256266846
cell_8/comb_iter_3/left/separable_3x3_2/separable_conv2d/depthwise,OpenCL,2080.1111111111113,2569.7,1.235366700496768
cell_8/comb_iter_3/left/separable_3x3_2/separable_conv2d,OpenCL,13833.9,14282.8,1.032449273162304
cell_8/comb_iter_3/right/MaxPool2D/MaxPool,OpenCL,2666.6,4340.7,1.627803195079877
cell_8/comb_iter_3/left/bn_sep_3x3_2/FusedBatchNormV3___tr4cell_8/comb_iter_3/combine/add,OpenCL,1303.0,1164.1,0.8933998465080583
cell_8/comb_iter_3/right/MaxPool2D/MaxPool___tr4cell_8/comb_iter_3/combine/add,OpenCL,1138.7142857142858,1207.2,1.0601430184418517
cell_8/comb_iter_3/combine/add,OpenCL,1323.1,1086.9,0.8214798579094552
cell_8/comb_iter_4/left/Relu,OpenCL,2290.2,2221.6,0.9700462841673216
cell_8/comb_iter_4/left/separable_3x3_1/separable_conv2d/depthwise,OpenCL,1931.5555555555557,1699.6,0.8799125632765761
cell_8/comb_iter_4/left/separable_3x3_1/separable_conv2d,OpenCL,13689.0,14295.4,1.044298341734239
cell_8/comb_iter_4/left/separable_3x3_2/separable_conv2d/depthwise,OpenCL,1700.888888888889,2673.6,1.571883982231513
cell_8/comb_iter_4/left/separable_3x3_2/separable_conv2d,OpenCL,13786.3,13951.6,1.0119901641484663
cell_8/comb_iter_4/right/Relu,OpenCL,2975.2,3887.9,1.306769292820651
cell_8/comb_iter_4/right/1x1/Conv2D,OpenCL,14137.6,14164.2,1.0018815074694432
cell_8/comb_iter_4/combine/add,OpenCL,1388.4,1057.3,0.7615240564678766
cell_8/comb_iter_2/combine/add___tr4cell_8/cell_output/concat,OpenCL,1217.5555555555557,1128.7,0.9270213542617266
cell_8/comb_iter_4/combine/add___tr4cell_8/cell_output/concat,OpenCL,1158.625,1147.7,0.9905707196029777
cell_8/cell_output/concat,CPU,1100.1,1199.5,1.0903554222343423
cell_9/Relu_1,OpenCL,3427.8,3964.3,1.1565143824027073
cell_9/Relu_1___tr4cell_9/1x1/Conv2D,OpenCL,3395.4,3830.5,1.1281439594745832
cell_9/1x1/Conv2D,OpenCL,64124.6,67046.3,1.0455628573121705
cell_9/comb_iter_1/left/Relu,OpenCL,1537.0,1126.0,0.7325959661678595
cell_9/comb_iter_1/left/separable_7x7_1/separable_conv2d/depthwise,OpenCL,3096.2,2850.2,0.9205477682320263
cell_9/comb_iter_1/left/separable_7x7_1/separable_conv2d,OpenCL,13903.8,14689.6,1.0565169234310046
cell_9/comb_iter_1/left/separable_7x7_2/separable_conv2d/depthwise,OpenCL,3120.4,4782.9,1.5327842584284064
cell_9/comb_iter_1/left/separable_7x7_2/separable_conv2d,OpenCL,13738.6,13972.9,1.0170541394319654
cell_9/comb_iter_1/right/MaxPool2D/MaxPool,OpenCL,2617.8,2495.9,0.9534341813736725
cell_9/comb_iter_1/left/bn_sep_7x7_2/FusedBatchNormV3___tr4cell_9/comb_iter_1/combine/add,OpenCL,1424.7,1132.6,0.7949743805713483
cell_9/comb_iter_1/right/MaxPool2D/MaxPool___tr4cell_9/comb_iter_1/combine/add,OpenCL,1275.2222222222222,1104.7,0.866280386860678
cell_9/comb_iter_1/combine/add,OpenCL,1399.4,1026.6,0.7336001143347147
cell_9/comb_iter_2/left/Relu,CPU,205.2,224.8,1.0955165692007798
cell_9/comb_iter_2/left/separable_5x5_1/separable_conv2d/depthwise,CPU,2180.1,2226.9,1.0214669051878356
cell_9/comb_iter_2/left/separable_5x5_1/separable_conv2d,CPU,19898.8,17165.7,0.8626500090457717
cell_9/comb_iter_2/left/separable_5x5_2/separable_conv2d/depthwise,CPU,2214.4,2233.9,1.0088059971098267
cell_9/comb_iter_2/left/separable_5x5_2/separable_conv2d,CPU,20293.9,16672.6,0.8215572167005848
cell_9/comb_iter_2/right/Relu,CPU,265.2,265.5,1.001131221719457
cell_9/comb_iter_2/right/separable_3x3_1/separable_conv2d/depthwise,CPU,705.5,774.5,1.0978029766123316
cell_9/comb_iter_2/right/separable_3x3_1/separable_conv2d,CPU,19951.0,17197.6,0.8619918801062603
cell_9/comb_iter_2/right/separable_3x3_2/separable_conv2d/depthwise,CPU,688.4,753.8,1.0950029052876233
cell_9/comb_iter_2/right/separable_3x3_2/separable_conv2d,CPU,19906.6,16426.5,0.8251785839872203
cell_9/comb_iter_2/combine/add,CPU,330.5,340.8,1.0311649016641453
cell_9/comb_iter_3/left/Relu,OpenCL,1292.7,2288.9,1.7706351048193703
cell_9/comb_iter_3/left/separable_3x3_1/separable_conv2d/depthwise,OpenCL,1566.9,1276.7,0.814793541387453
cell_9/comb_iter_3/left/separable_3x3_1/separable_conv2d,OpenCL,13628.7,14406.4,1.0570634029658
cell_9/comb_iter_3/left/separable_3x3_2/separable_conv2d/depthwise,OpenCL,2093.0,2421.7,1.1570473005255613
cell_9/comb_iter_3/left/separable_3x3_2/separable_conv2d,OpenCL,13646.8,14000.5,1.0259181639651787
cell_9/comb_iter_3/right/MaxPool2D/MaxPool,OpenCL,2541.4,2508.7,0.9871330762571809
cell_9/comb_iter_3/left/bn_sep_3x3_2/FusedBatchNormV3___tr4cell_9/comb_iter_3/combine/add,OpenCL,1320.2,1109.9,0.8407059536433874
cell_9/comb_iter_3/right/MaxPool2D/MaxPool___tr4cell_9/comb_iter_3/combine/add,OpenCL,1283.0,1087.7,0.8477786438035854
cell_9/comb_iter_3/combine/add,OpenCL,1346.3,983.9,0.7308177969249053
cell_9/comb_iter_4/left/Relu,CPU,198.2,216.7,1.0933400605449042
cell_9/comb_iter_4/left/separable_3x3_1/separable_conv2d/depthwise,CPU,666.2,720.7,1.08180726508556
cell_9/comb_iter_4/left/separable_3x3_1/separable_conv2d,CPU,19862.0,16609.7,0.8362551606081966
cell_9/comb_iter_4/left/separable_3x3_2/separable_conv2d/depthwise,CPU,685.2222222222222,679.3,0.9913572239338414
cell_9/comb_iter_4/left/separable_3x3_2/separable_conv2d,CPU,20048.3,16657.6,0.8308734406408523
cell_9/comb_iter_4/combine/add,CPU,317.0,362.6,1.1438485804416405
cell_9/comb_iter_2/combine/add___tr4cell_9/cell_output/concat,CPU,1045.8,726.3,0.6944922547332186
cell_9/comb_iter_4/combine/add___tr4cell_9/cell_output/concat,CPU,1047.2,1090.7,1.0415393430099313
cell_9/cell_output/concat,CPU,1145.5,1116.0,0.9742470536883457
cell_11/Relu,CPU,1069.3333333333333,1239.5,1.159133416458853
cell_11/Relu___tr4cell_11/prev_1x1/Conv2D,CPU,1981.5,2493.2,1.2582387080494575
cell_11/prev_1x1/Conv2D,CPU,104275.9,116505.8,1.1172840512524946
cell_11/comb_iter_0/left/Relu,CPU,167.3,276.8,1.654512851165571
cell_11/comb_iter_0/left/separable_5x5_1/separable_conv2d/depthwise,CPU,2218.1,2213.1,0.9977458184933051
cell_11/comb_iter_0/left/separable_5x5_1/separable_conv2d,CPU,19769.6,18068.7,0.9139638637099387
cell_11/comb_iter_0/left/separable_5x5_2/separable_conv2d/depthwise,CPU,2184.7,2165.4,0.9911658351261043
cell_11/comb_iter_0/left/separable_5x5_2/separable_conv2d,CPU,19778.4,16827.4,0.850796828863811
cell_11/comb_iter_0/right/MaxPool2D/MaxPool,CPU,1025.8,1046.5,1.0201793721973094
cell_11/comb_iter_0/left/bn_sep_5x5_2/FusedBatchNormV3___tr4cell_11/comb_iter_0/combine/add,CPU,1035.8,1182.7,1.141822745703804
cell_11/comb_iter_0/right/MaxPool2D/MaxPool___tr4cell_11/comb_iter_0/combine/add,CPU,937.2,975.9,1.041293213828425
cell_11/comb_iter_0/combine/add,CPU,264.6,392.6,1.4837490551776267
cell_10/Relu,CPU,1018.6666666666666,1358.2,1.3333115183246074
cell_10/Relu___tr4cell_10/prev_1x1/Conv2D,CPU,1935.5,2461.3,1.2716610694910877
cell_10/prev_1x1/Conv2D,CPU,105506.5,107772.0,1.0214726106922323
cell_10/comb_iter_0/left/Relu,CPU,153.77777777777777,281.0,1.8273121387283238
cell_10/comb_iter_0/left/separable_5x5_1/separable_conv2d/depthwise,CPU,2209.1,2207.9,0.9994567923588793
cell_10/comb_iter_0/left/separable_5x5_1/separable_conv2d,CPU,19800.9,17875.5,0.9027619956668635
cell_10/comb_iter_0/left/separable_5x5_2/separable_conv2d/depthwise,CPU,2179.2,2164.7,0.9933461820851689
cell_10/comb_iter_0/left/separable_5x5_2/separable_conv2d,CPU,19721.2,16569.6,0.8401922803886173
cell_10/comb_iter_0/right/MaxPool2D/MaxPool,CPU,1011.8000000000001,1059.8,1.047440205574224
cell_10/comb_iter_0/left/bn_sep_5x5_2/FusedBatchNormV3___tr4cell_10/comb_iter_0/combine/add,CPU,1048.1,1163.9,1.1104856406831412
cell_10/comb_iter_0/right/MaxPool2D/MaxPool___tr4cell_10/comb_iter_0/combine/add,CPU,870.8,1014.8,1.1653651814423518
cell_10/comb_iter_0/combine/add,CPU,260.5,319.7,1.2272552783109405
cell_10/Relu_1,OpenCL,3228.4,4343.1,1.3452793953661257
cell_10/Relu_1___tr4cell_10/1x1/Conv2D,OpenCL,3318.1,3502.8,1.0556643862451405
cell_10/1x1/Conv2D,OpenCL,64861.50000000001,67326.5,1.0380040547936757
cell_10/comb_iter_1/left/Relu,CPU,158.88888888888889,237.0,1.4916083916083915
cell_10/comb_iter_1/left/separable_7x7_1/separable_conv2d/depthwise,CPU,3386.7,3461.7,1.022145451324298
cell_10/comb_iter_1/left/separable_7x7_1/separable_conv2d,CPU,19874.0,17208.9,0.8659001710777902
cell_10/comb_iter_1/left/separable_7x7_2/separable_conv2d/depthwise,CPU,3357.6,3447.3,1.0267155110793424
cell_10/comb_iter_1/left/separable_7x7_2/separable_conv2d,CPU,19823.2,16672.0,0.841034747164938
cell_10/comb_iter_1/right/MaxPool2D/MaxPool,CPU,1016.5999999999999,1088.9,1.0711194176667325
cell_10/comb_iter_1/left/bn_sep_7x7_2/FusedBatchNormV3___tr4cell_10/comb_iter_1/combine/add,CPU,993.8,1087.5,1.0942845642986516
cell_10/comb_iter_1/right/MaxPool2D/MaxPool___tr4cell_10/comb_iter_1/combine/add,CPU,936.5,968.9,1.0345969033635878
cell_10/comb_iter_1/combine/add,CPU,265.4,303.0,1.1416729464958555
cell_10/comb_iter_2/left/Relu,OpenCL,1241.4444444444443,2072.6,1.6695068468629732
cell_10/comb_iter_2/left/separable_5x5_1/separable_conv2d/depthwise,OpenCL,2233.3,1880.2,0.8418931625845162
cell_10/comb_iter_2/left/separable_5x5_1/separable_conv2d,OpenCL,13681.4,13935.0,1.0185361147251013
cell_10/comb_iter_2/left/separable_5x5_2/separable_conv2d/depthwise,OpenCL,2915.3,1862.9,0.6390079923163997
cell_10/comb_iter_2/left/separable_5x5_2/separable_conv2d,OpenCL,13831.8,13838.8,1.0005060801920214
cell_10/comb_iter_2/right/Relu,OpenCL,1362.3333333333333,1136.8,0.8344506973330071
cell_10/comb_iter_2/right/separable_3x3_1/separable_conv2d/depthwise,OpenCL,1611.9,1289.0,0.7996773993423909
cell_10/comb_iter_2/right/separable_3x3_1/separable_conv2d,OpenCL,13547.6,13831.8,1.0209778853819125
cell_10/comb_iter_2/right/separable_3x3_2/separable_conv2d/depthwise,OpenCL,1737.0,1722.9,0.9918825561312609
cell_10/comb_iter_2/right/separable_3x3_2/separable_conv2d,OpenCL,13595.5,13851.2,1.0188076937221875
cell_10/comb_iter_2/combine/add,OpenCL,1298.7,1566.6,1.206283206283206
cell_10/comb_iter_3/left/Relu,OpenCL,1325.2222222222222,1109.7,0.8373689947178671
cell_10/comb_iter_3/left/separable_3x3_1/separable_conv2d/depthwise,OpenCL,1604.9,1325.0,0.8255966103807091
cell_10/comb_iter_3/left/separable_3x3_1/separable_conv2d,OpenCL,13663.5,14170.4,1.0370988399751162
cell_10/comb_iter_3/left/separable_3x3_2/separable_conv2d/depthwise,OpenCL,2211.9,3415.1,1.5439667254396672
cell_10/comb_iter_3/left/separable_3x3_2/separable_conv2d,OpenCL,13613.5,13622.7,1.0006757997575937
cell_10/comb_iter_3/right/MaxPool2D/MaxPool,OpenCL,2558.5555555555557,2542.2,0.9936075042341598
cell_10/comb_iter_3/left/bn_sep_3x3_2/FusedBatchNormV3___tr4cell_10/comb_iter_3/combine/add,OpenCL,1224.75,1105.0,0.9022249438660951
cell_10/comb_iter_3/right/MaxPool2D/MaxPool___tr4cell_10/comb_iter_3/combine/add,OpenCL,1157.625,1092.6,0.9438289601554907
cell_10/comb_iter_3/combine/add,OpenCL,1338.2,998.4,0.7460768196084292
cell_10/comb_iter_4/left/Relu,OpenCL,1376.7,1084.6,0.7878259606304931
cell_10/comb_iter_4/left/separable_3x3_1/separable_conv2d/depthwise,OpenCL,1685.5,1312.3,0.7785820231385345
cell_10/comb_iter_4/left/separable_3x3_1/separable_conv2d,OpenCL,13728.6,13746.5,1.001303847442565
cell_10/comb_iter_4/left/separable_3x3_2/separable_conv2d/depthwise,OpenCL,1764.2,1756.1,0.9954086838226958
cell_10/comb_iter_4/left/separable_3x3_2/separable_conv2d,OpenCL,13767.2,14009.9,1.0176288569934335
cell_10/comb_iter_4/combine/add,OpenCL,1652.5,2927.8,1.7717397881996975
cell_10/comb_iter_2/combine/add___tr4cell_10/cell_output/concat,OpenCL,1517.5,1136.5,0.7489291598023065
cell_10/comb_iter_4/combine/add___tr4cell_10/cell_output/concat,OpenCL,1463.5,1083.7,0.7404851383669286
cell_10/cell_output/concat,CPU,1136.4,1088.9,0.9582013375571982
cell_11/Relu_1,OpenCL,3498.9,3474.4,0.9929977993083541
cell_11/Relu_1___tr4cell_11/1x1/Conv2D,OpenCL,3404.1,3488.9,1.024911136570606
cell_11/1x1/Conv2D,OpenCL,65012.5,66266.3,1.0192855220149972
cell_11/comb_iter_1/left/Relu,CPU,153.66666666666666,237.2,1.5436008676789588
cell_11/comb_iter_1/left/separable_7x7_1/separable_conv2d/depthwise,CPU,3384.0,3448.5,1.0190602836879432
cell_11/comb_iter_1/left/separable_7x7_1/separable_conv2d,CPU,19781.8,16748.1,0.8466418627223002
cell_11/comb_iter_1/left/separable_7x7_2/separable_conv2d/depthwise,CPU,3346.6,3391.4,1.013386720851013
cell_11/comb_iter_1/left/separable_7x7_2/separable_conv2d,CPU,19771.4,16891.0,0.8543148183740149
cell_11/comb_iter_1/right/MaxPool2D/MaxPool,CPU,1011.7,1047.0,1.0348917663338935
cell_11/comb_iter_1/left/bn_sep_7x7_2/FusedBatchNormV3___tr4cell_11/comb_iter_1/combine/add,CPU,1044.2,1128.3,1.0805401264125645
cell_11/comb_iter_1/right/MaxPool2D/MaxPool___tr4cell_11/comb_iter_1/combine/add,CPU,920.9,1032.9,1.1216201541969812
cell_11/comb_iter_1/combine/add,CPU,258.3,335.7,1.2996515679442509
cell_11/comb_iter_2/left/Relu,OpenCL,1390.5,1384.2,0.9954692556634305
cell_11/comb_iter_2/left/separable_5x5_1/separable_conv2d/depthwise,OpenCL,2310.0,4154.4,1.7984415584415583
cell_11/comb_iter_2/left/separable_5x5_1/separable_conv2d,OpenCL,13882.1,13888.0,1.000425007743785
cell_11/comb_iter_2/left/separable_5x5_2/separable_conv2d/depthwise,OpenCL,2628.3,1882.0,0.7160522010424989
cell_11/comb_iter_2/left/separable_5x5_2/separable_conv2d,OpenCL,13748.0,13877.8,1.0094413732906604
cell_11/comb_iter_2/right/Relu,OpenCL,1417.5555555555557,1112.5,0.7848016930553378
cell_11/comb_iter_2/right/separable_3x3_1/separable_conv2d/depthwise,OpenCL,1709.7,1281.4,0.7494882143066035
cell_11/comb_iter_2/right/separable_3x3_1/separable_conv2d,OpenCL,13709.7,14690.6,1.0715478821564293
cell_11/comb_iter_2/right/separable_3x3_2/separable_conv2d/depthwise,OpenCL,1670.3,3300.3,1.9758725977369336
cell_11/comb_iter_2/right/separable_3x3_2/separable_conv2d,OpenCL,13687.9,13541.9,0.9893336450441631
cell_11/comb_iter_2/combine/add,OpenCL,1411.6666666666667,1034.3,0.7326800472255017
cell_11/comb_iter_3/left/Relu,OpenCL,1351.6,949.0,0.7021308079313406
cell_11/comb_iter_3/left/separable_3x3_1/separable_conv2d/depthwise,OpenCL,1596.1,1269.6,0.7954388822755466
cell_11/comb_iter_3/left/separable_3x3_1/separable_conv2d,OpenCL,13622.7,13345.2,0.9796295888480258
cell_11/comb_iter_3/left/separable_3x3_2/separable_conv2d/depthwise,OpenCL,1970.25,1300.9,0.6602715391447787
cell_11/comb_iter_3/left/separable_3x3_2/separable_conv2d,OpenCL,13685.0,13407.3,0.9797077091706247
cell_11/comb_iter_3/right/MaxPool2D/MaxPool,OpenCL,2589.3,2172.0,0.8388367512455103
cell_11/comb_iter_3/left/bn_sep_3x3_2/FusedBatchNormV3___tr4cell_11/comb_iter_3/combine/add,OpenCL,1295.4,991.5,0.7654006484483556
cell_11/comb_iter_3/right/MaxPool2D/MaxPool___tr4cell_11/comb_iter_3/combine/add,OpenCL,1256.0,1017.1,0.8097929936305732
cell_11/comb_iter_3/combine/add,OpenCL,1255.1,988.9,0.7879053461875548
cell_11/comb_iter_4/left/Relu,OpenCL,1337.1,1019.1,0.762171864482836
cell_11/comb_iter_4/left/separable_3x3_1/separable_conv2d/depthwise,OpenCL,1587.6,1267.8,0.7985638699924414
cell_11/comb_iter_4/left/separable_3x3_1/separable_conv2d,OpenCL,13641.3,13410.3,0.9830661300609179
cell_11/comb_iter_4/left/separable_3x3_2/separable_conv2d/depthwise,OpenCL,1630.2,1393.2,0.8546190651453809
cell_11/comb_iter_4/left/separable_3x3_2/separable_conv2d,OpenCL,13638.3,13371.5,0.9804374445495407
cell_11/comb_iter_4/combine/add,OpenCL,1536.0,1031.1,0.6712890625
cell_11/comb_iter_2/combine/add___tr4cell_11/cell_output/concat,OpenCL,1466.7,938.6,0.6399400013636054
cell_11/comb_iter_4/combine/add___tr4cell_11/cell_output/concat,OpenCL,1441.3,1039.4,0.7211545132866163
cell_11/cell_output/concat,CPU,1135.8,1247.3,1.098168691671069
final_layer/Relu,CPU,1108.4,1163.0,1.049260194875496
final_layer/Mean/reduction_indices,CPU,1.0,0.3,0.3
final_layer/Mean,CPU,5154.0,5092.1,0.9879899107489329
final_layer/FC/weights,CPU,1.0,0.5,0.5
final_layer/FC/MatMul,CPU,25544.333333333332,26332.3,1.0308470241279866
final_layer/FC/biases,CPU,0.875,0.5,0.5714285714285714
final_layer/FC/BiasAdd,CPU,35.0,35.8,1.0228571428571427
final_layer/predictions,CPU,21.3,20.7,0.9718309859154929
