conv0/Conv2D,CPU,17268.222222222223,18116.5,1.0491236310757075
cell_stem_1/Relu,CPU,1910.0,2883.0,1.5094240837696336
cell_stem_1/AvgPool2D,CPU,2009.5555555555554,2419.7,1.2040970916731173
cell_stem_1/path1_conv/Conv2D,CPU,7198.8,7667.3,1.0650802911596378
cell_stem_1/Pad/paddings,CPU,1.0,0.3,0.3
cell_stem_1/Pad_Gather_Index,CPU,0.0,0.2,0
cell_stem_1/Pad_Gather,CPU,0.0,0.3,0
cell_stem_1/Pad,CPU,3321.625,4315.2,1.2991231701350996
cell_stem_1/strided_slice/stack,CPU,1.0,0.2,0.2
cell_stem_1/strided_slice/stack_1,CPU,0.9,0.4,0.4444444444444445
cell_stem_1/strided_slice/stack_2,CPU,0.0,0.3,0
cell_stem_1/Pad___tr4cell_stem_1/strided_slice,CPU,3352.1111111111113,4661.5,1.3906161954323975
cell_stem_1/strided_slice,CPU,3941.2,3686.1,0.9352735207551
cell_stem_1/strided_slice___tr4cell_stem_1/AvgPool2D_1,CPU,4754.0,6229.2,1.3103071098022718
cell_stem_1/AvgPool2D_1,CPU,2045.0999999999997,2368.6,1.158182973937705
cell_stem_1/path2_conv/Conv2D,CPU,7210.8,7724.8,1.0712819659399788
cell_stem_1/concat,CPU,1813.888888888889,2194.1,1.2096110260336905
cell_stem_1/final_path_bn/FusedBatchNormV3,CPU,471.55555555555554,866.5,1.8375353440150801
cell_stem_1/comb_iter_0/left/Relu,CPU,473.8888888888889,783.6,1.6535521688159436
cell_stem_1/comb_iter_0/left/separable_5x5_1/separable_conv2d/depthwise,CPU,1824.0,2000.9,1.096984649122807
cell_stem_1/comb_iter_0/left/separable_5x5_1/separable_conv2d,CPU,3238.8,3354.2,1.0356304804248486
cell_stem_1/comb_iter_0/left/separable_5x5_2/separable_conv2d/depthwise,CPU,1246.8,1268.3,1.0172441450112288
cell_stem_1/comb_iter_0/left/separable_5x5_2/separable_conv2d,CPU,3040.4,3160.6,1.0395342718063412
cell_stem_1/comb_iter_0/right/MaxPool2D/MaxPool,CPU,1712.8,1989.2,1.161373190098085
cell_stem_1/comb_iter_0/left/bn_sep_5x5_2/FusedBatchNormV3___tr4cell_stem_1/comb_iter_0/combine/add,CPU,436.5,411.0,0.9415807560137457
cell_stem_1/comb_iter_0/right/MaxPool2D/MaxPool___tr4cell_stem_1/comb_iter_0/combine/add,CPU,287.55555555555554,285.2,0.9918083462132922
cell_stem_1/comb_iter_0/combine/add,CPU,205.0,236.7,1.1546341463414633
cell_stem_0/comb_iter_0/left/Relu,CPU,1980.5,3863.4,1.9507195152739207
cell_stem_0/comb_iter_0/left/separable_5x5_1/separable_conv2d/depthwise,CPU,5168.5,6198.8,1.199342168907807
cell_stem_0/comb_iter_0/left/separable_5x5_1/separable_conv2d,CPU,7198.6,7388.0,1.026310671519462
cell_stem_0/comb_iter_0/left/separable_5x5_2/separable_conv2d/depthwise,CPU,2374.8,2376.1,1.0005474145191173
cell_stem_0/comb_iter_0/left/separable_5x5_2/separable_conv2d,CPU,4070.4,4291.8,1.0543926886792454
cell_stem_0/comb_iter_0/right/MaxPool2D/MaxPool,CPU,4149.2,4395.1,1.0592644365178832
cell_stem_0/comb_iter_0/right/1x1/Conv2D,CPU,7209.4,7394.3,1.025647071878381
cell_stem_0/comb_iter_0/combine/add,CPU,432.44444444444446,514.6,1.1899794450154162
cell_stem_0/Relu,OpenCL,1779.0,2207.9,1.2410905002810568
cell_stem_0/1x1/Conv2D,OpenCL,9068.0,9462.0,1.0434494927216587
cell_stem_0/comb_iter_1/left/Relu,OpenCL,1189.9,1406.9,1.1823682662408606
cell_stem_0/comb_iter_1/left/separable_7x7_1/separable_conv2d/depthwise,OpenCL,6235.2,6951.9,1.1149441878367976
cell_stem_0/comb_iter_1/left/separable_7x7_1/separable_conv2d,OpenCL,1186.4,1731.7,1.4596257585974375
cell_stem_0/comb_iter_1/left/separable_7x7_2/separable_conv2d/depthwise,OpenCL,3178.2,3742.8,1.1776477251274307
cell_stem_0/comb_iter_1/left/separable_7x7_2/separable_conv2d,OpenCL,1186.6666666666667,1588.5,1.3386235955056178
cell_stem_0/comb_iter_1/right/MaxPool2D/MaxPool,OpenCL,1180.5,1546.4,1.3099534095722152
cell_stem_0/comb_iter_1/left/bn_sep_7x7_2/FusedBatchNormV3___tr4cell_stem_0/comb_iter_1/combine/add,OpenCL,1062.2,734.2,0.6912069290152514
cell_stem_0/comb_iter_1/right/MaxPool2D/MaxPool___tr4cell_stem_0/comb_iter_1/combine/add,OpenCL,1048.4,709.4,0.6766501335368179
cell_stem_0/comb_iter_1/combine/add,OpenCL,1107.0,1148.2,1.0372177055103884
cell_stem_0/comb_iter_2/left/Relu,OpenCL,1164.4,1417.6,1.2174510477499139
cell_stem_0/comb_iter_2/left/separable_5x5_1/separable_conv2d/depthwise,OpenCL,3600.0,4010.5,1.1140277777777778
cell_stem_0/comb_iter_2/left/separable_5x5_1/separable_conv2d,OpenCL,1225.125,1802.7,1.4714416896235079
cell_stem_0/comb_iter_2/left/separable_5x5_2/separable_conv2d/depthwise,OpenCL,2091.9,2241.3,1.0714183278359386
cell_stem_0/comb_iter_2/left/separable_5x5_2/separable_conv2d,OpenCL,1237.8,1434.8,1.1591533365648732
cell_stem_0/comb_iter_2/right/Relu,OpenCL,1205.8,1320.3,1.0949577044285952
cell_stem_0/comb_iter_2/right/separable_3x3_1/separable_conv2d/depthwise,OpenCL,1681.1,2536.9,1.5090714413181847
cell_stem_0/comb_iter_2/right/separable_3x3_1/separable_conv2d,OpenCL,1224.3,2756.4,2.2514089683901006
cell_stem_0/comb_iter_2/right/separable_3x3_2/separable_conv2d/depthwise,OpenCL,1219.4,1977.8,1.6219452189601442
cell_stem_0/comb_iter_2/right/separable_3x3_2/separable_conv2d,OpenCL,1224.3,1917.4,1.5661194151760192
cell_stem_0/comb_iter_2/combine/add,OpenCL,1212.7,1146.4,0.9453286055908304
cell_stem_0/comb_iter_3/left/Relu,CPU,221.6,398.1,1.7964801444043323
cell_stem_0/comb_iter_3/left/separable_3x3_1/separable_conv2d/depthwise,CPU,1102.0,1306.2,1.1852994555353902
cell_stem_0/comb_iter_3/left/separable_3x3_1/separable_conv2d,CPU,4073.4000000000005,4632.2,1.137182697500859
cell_stem_0/comb_iter_3/left/separable_3x3_2/separable_conv2d/depthwise,CPU,1086.5,1267.3,1.1664058904739991
cell_stem_0/comb_iter_3/left/separable_3x3_2/separable_conv2d,CPU,4114.6,4825.9,1.172872211150537
cell_stem_0/comb_iter_3/right/MaxPool2D/MaxPool,CPU,2459.3,2714.1,1.103606717358598
cell_stem_0/comb_iter_3/left/bn_sep_3x3_2/FusedBatchNormV3___tr4cell_stem_0/comb_iter_3/combine/add,CPU,927.7,1141.3,1.2302468470410692
cell_stem_0/comb_iter_3/right/MaxPool2D/MaxPool___tr4cell_stem_0/comb_iter_3/combine/add,CPU,895.3,1056.7,1.1802747682341115
cell_stem_0/comb_iter_3/combine/add,CPU,470.5,481.8,1.0240170031880977
cell_stem_0/comb_iter_4/left/Relu,OpenCL,1808.8,3673.5,2.030904467049978
cell_stem_0/comb_iter_4/left/separable_3x3_1/separable_conv2d/depthwise,OpenCL,3229.8,4533.6,1.4036782463310422
cell_stem_0/comb_iter_4/left/separable_3x3_1/separable_conv2d,OpenCL,1671.3,2187.9,1.3091007000538504
cell_stem_0/comb_iter_4/left/separable_3x3_2/separable_conv2d/depthwise,OpenCL,1220.6,1617.5,1.325167950188432
cell_stem_0/comb_iter_4/left/separable_3x3_2/separable_conv2d,OpenCL,1215.4,1481.6,1.21902254401843
cell_stem_0/comb_iter_4/right/Relu,OpenCL,1201.8,1320.0,1.0983524712930604
cell_stem_0/comb_iter_4/right/1x1/Conv2D,OpenCL,2149.1,2484.2,1.155925736354753
cell_stem_0/comb_iter_4/combine/add,OpenCL,1223.6,979.5,0.8005067015364499
cell_stem_0/comb_iter_1/combine/add___tr4cell_stem_0/cell_output/concat,OpenCL,1207.3,717.3,0.5941356746459041
cell_stem_0/comb_iter_3/combine/add___tr4cell_stem_0/cell_output/concat,CPU,855.4,863.9,1.0099368716389994
cell_stem_0/cell_output/concat,CPU,4963.1,4931.9,0.9937136064153451
cell_stem_1/Relu_1,OpenCL,2009.0,2293.7,1.141712294673967
cell_stem_1/1x1/Conv2D,OpenCL,6269.5,6597.4,1.0523008214371161
cell_stem_1/comb_iter_1/left/Relu,OpenCL,788.875,1293.5,1.639676754872445
cell_stem_1/comb_iter_1/left/separable_7x7_1/separable_conv2d/depthwise,OpenCL,4891.8,6558.9,1.3407947994603213
cell_stem_1/comb_iter_1/left/separable_7x7_1/separable_conv2d,OpenCL,1336.4,1555.8,1.1641724034720142
cell_stem_1/comb_iter_1/left/separable_7x7_2/separable_conv2d/depthwise,OpenCL,1527.2,1857.2,1.216081718177056
cell_stem_1/comb_iter_1/left/separable_7x7_2/separable_conv2d,OpenCL,1257.8,1463.3,1.1633805056447766
cell_stem_1/comb_iter_1/right/MaxPool2D/MaxPool,OpenCL,788.7142857142857,1175.7,1.4906538670530702
cell_stem_1/comb_iter_1/left/bn_sep_7x7_2/FusedBatchNormV3___tr4cell_stem_1/comb_iter_1/combine/add,OpenCL,405.57142857142856,641.5,1.5817189151109545
cell_stem_1/comb_iter_1/right/MaxPool2D/MaxPool___tr4cell_stem_1/comb_iter_1/combine/add,OpenCL,461.25,553.0,1.1989159891598915
cell_stem_1/comb_iter_1/combine/add,OpenCL,444.0,550.0,1.2387387387387387
cell_stem_1/comb_iter_2/left/Relu,OpenCL,632.8333333333334,883.4,1.395944166447195
cell_stem_1/comb_iter_2/left/separable_5x5_1/separable_conv2d/depthwise,OpenCL,2759.4,3477.0,1.2600565340291368
cell_stem_1/comb_iter_2/left/separable_5x5_1/separable_conv2d,OpenCL,1101.6,1377.9,1.2508169934640525
cell_stem_1/comb_iter_2/left/separable_5x5_2/separable_conv2d/depthwise,OpenCL,903.2857142857143,1324.8,1.4666455796299225
cell_stem_1/comb_iter_2/left/separable_5x5_2/separable_conv2d,OpenCL,927.25,1415.3,1.5263413318953896
cell_stem_1/comb_iter_2/right/Relu,OpenCL,591.0,961.4,1.6267343485617596
cell_stem_1/comb_iter_2/right/separable_3x3_1/separable_conv2d/depthwise,OpenCL,1077.888888888889,1640.7,1.5221420472116276
cell_stem_1/comb_iter_2/right/separable_3x3_1/separable_conv2d,OpenCL,965.5555555555555,1227.4,1.271185270425777
cell_stem_1/comb_iter_2/right/separable_3x3_2/separable_conv2d/depthwise,OpenCL,611.875,974.3,1.5923186925434116
cell_stem_1/comb_iter_2/right/separable_3x3_2/separable_conv2d,OpenCL,950.7777777777778,1283.1,1.349526703283861
cell_stem_1/comb_iter_2/combine/add,OpenCL,281.25,651.5,2.3164444444444445
cell_stem_1/comb_iter_3/left/Relu,OpenCL,266.625,657.9,2.4675105485232067
cell_stem_1/comb_iter_3/left/separable_3x3_1/separable_conv2d/depthwise,OpenCL,606.125,869.8,1.4350175293875025
cell_stem_1/comb_iter_3/left/separable_3x3_1/separable_conv2d,OpenCL,954.0,1267.6,1.3287211740041929
cell_stem_1/comb_iter_3/left/separable_3x3_2/separable_conv2d/depthwise,OpenCL,592.375,829.6,1.4004642329605403
cell_stem_1/comb_iter_3/left/separable_3x3_2/separable_conv2d,OpenCL,1035.7,1145.8,1.1063049145505455
cell_stem_1/comb_iter_3/right/MaxPool2D/MaxPool,OpenCL,700.625,953.4,1.3607850133809098
cell_stem_1/comb_iter_3/left/bn_sep_3x3_2/FusedBatchNormV3___tr4cell_stem_1/comb_iter_3/combine/add,OpenCL,280.375,592.2,2.11217119928667
cell_stem_1/comb_iter_3/right/MaxPool2D/MaxPool___tr4cell_stem_1/comb_iter_3/combine/add,OpenCL,275.125,558.6,2.0303498409813723
cell_stem_1/comb_iter_3/combine/add,OpenCL,272.42857142857144,582.4,2.137808075511274
cell_stem_1/comb_iter_4/left/Relu,OpenCL,598.7142857142857,1105.9,1.8471247912192796
cell_stem_1/comb_iter_4/left/separable_3x3_1/separable_conv2d/depthwise,OpenCL,1101.5,1522.0,1.3817521561507036
cell_stem_1/comb_iter_4/left/separable_3x3_1/separable_conv2d,OpenCL,949.875,1327.2,1.397236478484011
cell_stem_1/comb_iter_4/left/separable_3x3_2/separable_conv2d/depthwise,OpenCL,589.8571428571429,878.2,1.4888350690239767
cell_stem_1/comb_iter_4/left/separable_3x3_2/separable_conv2d,OpenCL,1007.2222222222223,1146.7,1.1384776613348042
cell_stem_1/comb_iter_4/right/Relu,OpenCL,584.6666666666666,892.2,1.5259977194982899
cell_stem_1/comb_iter_4/right/1x1/Conv2D,OpenCL,1085.0,1228.6,1.1323502304147464
cell_stem_1/comb_iter_4/combine/add,OpenCL,269.2,626.1,2.3257800891530462
cell_stem_1/comb_iter_2/combine/add___tr4cell_stem_1/cell_output/concat,OpenCL,264.6666666666667,736.5,2.7827455919395465
cell_stem_1/comb_iter_4/combine/add___tr4cell_stem_1/cell_output/concat,OpenCL,278.75,647.8,2.323946188340807
cell_stem_1/cell_output/concat,CPU,2164.2,2199.1,1.0161260511967471
cell_1/Relu,OpenCL,1208.3333333333333,5918.1,4.8977379310344835
cell_1/Relu___tr4cell_1/prev_1x1/Conv2D,OpenCL,1211.8,4225.0,3.486548935467899
cell_1/prev_1x1/Conv2D,OpenCL,6384.1,8369.9,1.3110540248429692
cell_1/comb_iter_0/left/Relu,CPU,255.0,692.4,2.715294117647059
cell_1/comb_iter_0/left/separable_5x5_1/separable_conv2d/depthwise,CPU,2740.7,8422.2,3.0730105447513414
cell_1/comb_iter_0/left/separable_5x5_1/separable_conv2d,CPU,12041.3,27733.1,2.303164940662553
cell_1/comb_iter_0/left/separable_5x5_2/separable_conv2d/depthwise,CPU,2669.7,4153.6,1.5558302430984756
cell_1/comb_iter_0/left/separable_5x5_2/separable_conv2d,CPU,11992.7,16264.0,1.3561583296505373
cell_1/comb_iter_0/right/MaxPool2D/MaxPool,CPU,2074.0,2566.5,1.237463837994214
cell_1/comb_iter_0/left/bn_sep_5x5_2/FusedBatchNormV3___tr4cell_1/comb_iter_0/combine/add,CPU,835.5,745.2,0.8919210053859965
cell_1/comb_iter_0/right/MaxPool2D/MaxPool___tr4cell_1/comb_iter_0/combine/add,CPU,640.0,546.1,0.85328125
cell_1/comb_iter_0/combine/add,CPU,450.375,560.6,1.2447404940327504
cell_0/Relu,CPU,1411.7142857142858,1822.9,1.2912669500101195
cell_0/AvgPool2D,CPU,1886.9,2202.4,1.1672054692882505
cell_0/path1_conv/Conv2D,CPU,8452.3,8511.3,1.0069803485441833
cell_0/Pad/paddings,CPU,0.0,0.4,0
cell_0/Pad_Gather_Index,CPU,0.9,0.1,0.11111111111111112
cell_0/Pad_Gather,CPU,0.0,0.3,0
cell_0/Pad,CPU,2771.6,3289.9,1.1870038966661858
cell_0/strided_slice/stack,CPU,0.0,0.3,0
cell_0/strided_slice/stack_1,CPU,0.0,0.4,0
cell_0/strided_slice/stack_2,CPU,0.0,0.3,0
cell_0/Pad___tr4cell_0/strided_slice,CPU,4065.1000000000004,4195.3,1.0320287323805073
cell_0/strided_slice,CPU,2665.5,2352.2,0.8824610767210654
cell_0/strided_slice___tr4cell_0/AvgPool2D_1,CPU,4241.1,5071.1,1.1957039447313196
cell_0/AvgPool2D_1,CPU,1943.3,2290.2,1.1785107806308854
cell_0/path2_conv/Conv2D,CPU,8462.6,8572.3,1.0129629191974097
cell_0/concat,CPU,211.875,314.5,1.4843657817109144
cell_0/final_path_bn/FusedBatchNormV3,CPU,263.5,296.7,1.1259962049335863
cell_0/comb_iter_0/left/Relu,CPU,255.24999999999997,342.0,1.3398628795298728
cell_0/comb_iter_0/left/separable_5x5_1/separable_conv2d/depthwise,CPU,2783.8,2984.0,1.071916085925713
cell_0/comb_iter_0/left/separable_5x5_1/separable_conv2d,CPU,12048.9,12574.2,1.043597340836093
cell_0/comb_iter_0/left/separable_5x5_2/separable_conv2d/depthwise,CPU,2652.9,2952.0,1.1127445437068868
cell_0/comb_iter_0/left/separable_5x5_2/separable_conv2d,CPU,11993.2,12973.8,1.081762999032785
cell_0/comb_iter_0/right/MaxPool2D/MaxPool,CPU,2060.7,2126.7,1.0320279516669093
cell_0/comb_iter_0/left/bn_sep_5x5_2/FusedBatchNormV3___tr4cell_0/comb_iter_0/combine/add,CPU,733.0,715.5,0.9761255115961801
cell_0/comb_iter_0/right/MaxPool2D/MaxPool___tr4cell_0/comb_iter_0/combine/add,CPU,483.2857142857143,584.3,1.2090156665681346
cell_0/comb_iter_0/combine/add,CPU,431.5,500.3,1.1594438006952492
cell_0/Relu_1,OpenCL,1151.8,1356.0,1.1772877235631187
cell_0/Relu_1___tr4cell_0/1x1/Conv2D,OpenCL,1145.9,1331.7,1.1621432934811065
cell_0/1x1/Conv2D,OpenCL,6327.7,6694.6,1.0579831534364779
cell_0/comb_iter_1/left/Relu,OpenCL,1174.1,695.5,0.5923686227748914
cell_0/comb_iter_1/left/separable_7x7_1/separable_conv2d/depthwise,OpenCL,2610.9,2843.1,1.0889348500517062
cell_0/comb_iter_1/left/separable_7x7_1/separable_conv2d,OpenCL,2941.0,3199.0,1.087725263515811
cell_0/comb_iter_1/left/separable_7x7_2/separable_conv2d/depthwise,OpenCL,2570.6,2879.1,1.1200108923986618
cell_0/comb_iter_1/left/separable_7x7_2/separable_conv2d,OpenCL,2890.222222222222,3277.4,1.1339612486544672
cell_0/comb_iter_1/right/MaxPool2D/MaxPool,OpenCL,1416.111111111111,1789.0,1.263318948607297
cell_0/comb_iter_1/left/bn_sep_7x7_2/FusedBatchNormV3___tr4cell_0/comb_iter_1/combine/add,OpenCL,1151.9,829.2,0.7198541540064242
cell_0/comb_iter_1/right/MaxPool2D/MaxPool___tr4cell_0/comb_iter_1/combine/add,OpenCL,1144.9,734.4,0.6414534020438466
cell_0/comb_iter_1/combine/add,OpenCL,1219.6,848.3,0.6955559199737619
cell_0/comb_iter_2/left/Relu,OpenCL,1206.7,973.7,0.8069114112869811
cell_0/comb_iter_2/left/separable_5x5_1/separable_conv2d/depthwise,OpenCL,1720.6,1917.0,1.1141462280599792
cell_0/comb_iter_2/left/separable_5x5_1/separable_conv2d,OpenCL,2858.3,3164.6,1.1071615995521813
cell_0/comb_iter_2/left/separable_5x5_2/separable_conv2d/depthwise,OpenCL,1722.7,1984.4,1.1519126951877867
cell_0/comb_iter_2/left/separable_5x5_2/separable_conv2d,OpenCL,2956.7,3341.3,1.1300774512125005
cell_0/comb_iter_2/right/Relu,OpenCL,1210.7,685.4,0.5661187742628231
cell_0/comb_iter_2/right/separable_3x3_1/separable_conv2d/depthwise,OpenCL,1225.1,1207.5,0.985633825810138
cell_0/comb_iter_2/right/separable_3x3_1/separable_conv2d,OpenCL,2890.1,3080.9,1.0660184768693126
cell_0/comb_iter_2/right/separable_3x3_2/separable_conv2d/depthwise,OpenCL,1227.7,1324.8,1.0790909831392033
cell_0/comb_iter_2/right/separable_3x3_2/separable_conv2d,OpenCL,2908.0,3321.7,1.1422627235213205
cell_0/comb_iter_2/combine/add,OpenCL,1217.3,944.5,0.7758974780251376
cell_0/comb_iter_3/left/Relu,OpenCL,1202.9,623.0,0.5179150386565798
cell_0/comb_iter_3/left/separable_3x3_1/separable_conv2d/depthwise,OpenCL,1231.5,1231.0,0.9995939910678034
cell_0/comb_iter_3/left/separable_3x3_1/separable_conv2d,OpenCL,2872.9,3199.6,1.113717846078875
cell_0/comb_iter_3/left/separable_3x3_2/separable_conv2d/depthwise,OpenCL,1223.7,1273.2,1.040451090953665
cell_0/comb_iter_3/left/separable_3x3_2/separable_conv2d,OpenCL,2876.9,3115.7,1.08300601341722
cell_0/comb_iter_3/right/MaxPool2D/MaxPool,OpenCL,1406.1,1567.5,1.1147855771282271
cell_0/comb_iter_3/left/bn_sep_3x3_2/FusedBatchNormV3___tr4cell_0/comb_iter_3/combine/add,OpenCL,1208.9,680.8,0.5631565886342955
cell_0/comb_iter_3/right/MaxPool2D/MaxPool___tr4cell_0/comb_iter_3/combine/add,OpenCL,1202.3,601.3,0.5001247608749896
cell_0/comb_iter_3/combine/add,OpenCL,1211.9,738.4,0.6092911956432048
cell_0/comb_iter_4/left/Relu,OpenCL,1208.6,983.7,0.8139169286778092
cell_0/comb_iter_4/left/separable_3x3_1/separable_conv2d/depthwise,OpenCL,1220.6,1310.9,1.0739800098312307
cell_0/comb_iter_4/left/separable_3x3_1/separable_conv2d,OpenCL,2926.5,3133.8,1.0708354689902615
cell_0/comb_iter_4/left/separable_3x3_2/separable_conv2d/depthwise,OpenCL,1227.3,1264.2,1.030065998533366
cell_0/comb_iter_4/left/separable_3x3_2/separable_conv2d,OpenCL,2888.9,3153.6,1.0916265706670358
cell_0/comb_iter_4/combine/add,OpenCL,1208.9,864.1,0.7147820332533708
cell_0/comb_iter_2/combine/add___tr4cell_0/cell_output/concat,OpenCL,1203.3,908.3,0.7548408543172941
cell_0/comb_iter_4/combine/add___tr4cell_0/cell_output/concat,OpenCL,1199.4,663.6,0.5532766383191595
cell_0/cell_output/concat,CPU,3078.5555555555557,4487.7,1.457729093730826
cell_1/Relu_1,OpenCL,2140.7,2451.9,1.1453730088288878
cell_1/Relu_1___tr4cell_1/1x1/Conv2D,OpenCL,2044.5000000000002,2164.9,1.058889704084128
cell_1/1x1/Conv2D,OpenCL,12379.0,12676.3,1.0240164795217708
cell_1/comb_iter_1/left/Relu,OpenCL,691.25,870.9,1.2598915009041591
cell_1/comb_iter_1/left/separable_7x7_1/separable_conv2d/depthwise,OpenCL,2629.1,2680.6,1.0195884523220875
cell_1/comb_iter_1/left/separable_7x7_1/separable_conv2d,OpenCL,3033.7,3088.7,1.018129676632495
cell_1/comb_iter_1/left/separable_7x7_2/separable_conv2d/depthwise,OpenCL,2618.2,2887.6,1.1028951187838973
cell_1/comb_iter_1/left/separable_7x7_2/separable_conv2d,OpenCL,3043.7,3223.8,1.0591714032263364
cell_1/comb_iter_1/right/MaxPool2D/MaxPool,OpenCL,1499.5,1808.1,1.2058019339779926
cell_1/comb_iter_1/left/bn_sep_7x7_2/FusedBatchNormV3___tr4cell_1/comb_iter_1/combine/add,OpenCL,680.25,713.0,1.048144064682102
cell_1/comb_iter_1/right/MaxPool2D/MaxPool___tr4cell_1/comb_iter_1/combine/add,OpenCL,679.5,699.5,1.0294334069168507
cell_1/comb_iter_1/combine/add,OpenCL,1043.1,702.3,0.6732815645671556
cell_1/comb_iter_2/left/Relu,OpenCL,922.2857142857143,602.4,0.6531598513011152
cell_1/comb_iter_2/left/separable_5x5_1/separable_conv2d/depthwise,OpenCL,1832.2,1875.2,1.023469053596769
cell_1/comb_iter_2/left/separable_5x5_1/separable_conv2d,OpenCL,2980.9,3496.1,1.1728337079405549
cell_1/comb_iter_2/left/separable_5x5_2/separable_conv2d/depthwise,OpenCL,1742.2,2042.1,1.1721386752382046
cell_1/comb_iter_2/left/separable_5x5_2/separable_conv2d,OpenCL,2849.7,3156.4,1.1076253640734113
cell_1/comb_iter_2/right/Relu,OpenCL,1004.8888888888889,833.8,0.8297434763379035
cell_1/comb_iter_2/right/separable_3x3_1/separable_conv2d/depthwise,OpenCL,1168.6,1329.6,1.1377716926236523
cell_1/comb_iter_2/right/separable_3x3_1/separable_conv2d,OpenCL,2903.5,3292.5,1.133976235577751
cell_1/comb_iter_2/right/separable_3x3_2/separable_conv2d/depthwise,OpenCL,1213.9,1437.0,1.1837877914160968
cell_1/comb_iter_2/right/separable_3x3_2/separable_conv2d,OpenCL,2881.7,3481.0,1.2079675191727106
cell_1/comb_iter_2/combine/add,OpenCL,1126.5,962.0,0.8539724811362628
cell_1/comb_iter_3/left/Relu,OpenCL,1064.7777777777778,624.6,0.5866012730877596
cell_1/comb_iter_3/left/separable_3x3_1/separable_conv2d/depthwise,OpenCL,1214.6,1121.4,0.9232669191503377
cell_1/comb_iter_3/left/separable_3x3_1/separable_conv2d,OpenCL,2882.9,3303.3,1.1458253841617816
cell_1/comb_iter_3/left/separable_3x3_2/separable_conv2d/depthwise,OpenCL,1167.111111111111,1737.8,1.4889756283320639
cell_1/comb_iter_3/left/separable_3x3_2/separable_conv2d,OpenCL,2864.3,3348.5,1.1690465384212547
cell_1/comb_iter_3/right/MaxPool2D/MaxPool,OpenCL,1425.7,2195.6,1.5400154310163428
cell_1/comb_iter_3/left/bn_sep_3x3_2/FusedBatchNormV3___tr4cell_1/comb_iter_3/combine/add,OpenCL,1079.6,814.8,0.7547239718414228
cell_1/comb_iter_3/right/MaxPool2D/MaxPool___tr4cell_1/comb_iter_3/combine/add,OpenCL,1081.8,826.7,0.7641893141061195
cell_1/comb_iter_3/combine/add,OpenCL,1076.6,775.8,0.7206018948541706
cell_1/comb_iter_4/left/Relu,CPU,261.125,337.4,1.292101483963619
cell_1/comb_iter_4/left/separable_3x3_1/separable_conv2d/depthwise,CPU,1111.2,1432.5,1.2891468682505398
cell_1/comb_iter_4/left/separable_3x3_1/separable_conv2d,CPU,11985.3,13667.1,1.1403218943205429
cell_1/comb_iter_4/left/separable_3x3_2/separable_conv2d/depthwise,CPU,1155.5,1284.6,1.111726525313717
cell_1/comb_iter_4/left/separable_3x3_2/separable_conv2d,CPU,12001.2,12665.8,1.0553777955537778
cell_1/comb_iter_4/combine/add,CPU,431.125,485.1,1.1251957089011309
cell_1/comb_iter_2/combine/add___tr4cell_1/cell_output/concat,OpenCL,1143.8,685.6,0.599405490470362
cell_1/comb_iter_4/combine/add___tr4cell_1/cell_output/concat,CPU,494.1666666666667,733.0,1.4833052276559864
cell_1/cell_output/concat,CPU,3246.3,4038.2,1.243939253919847
cell_3/Relu,OpenCL,2114.4,2640.0,1.2485811577752552
cell_3/Relu___tr4cell_3/prev_1x1/Conv2D,OpenCL,1965.9,2379.0,1.2101327636197161
cell_3/prev_1x1/Conv2D,OpenCL,12363.888888888889,13480.9,1.090344641653561
cell_3/comb_iter_0/left/Relu,CPU,225.11111111111111,548.5,2.436574531095755
cell_3/comb_iter_0/left/separable_5x5_1/separable_conv2d/depthwise,CPU,2737.9,6808.5,2.486759925490339
cell_3/comb_iter_0/left/separable_5x5_1/separable_conv2d,CPU,12000.3,26783.1,2.2318692032699183
cell_3/comb_iter_0/left/separable_5x5_2/separable_conv2d/depthwise,CPU,2713.5,4220.3,1.5552975861433573
cell_3/comb_iter_0/left/separable_5x5_2/separable_conv2d,CPU,11980.9,16960.6,1.4156365548498024
cell_3/comb_iter_0/right/MaxPool2D/MaxPool,CPU,2078.6,2611.9,1.2565669200423364
cell_3/comb_iter_0/left/bn_sep_5x5_2/FusedBatchNormV3___tr4cell_3/comb_iter_0/combine/add,CPU,813.6,660.1,0.8113323500491643
cell_3/comb_iter_0/right/MaxPool2D/MaxPool___tr4cell_3/comb_iter_0/combine/add,CPU,492.1666666666667,588.5,1.1957331527260413
cell_3/comb_iter_0/combine/add,CPU,443.0,573.2,1.2939051918735893
cell_2/Relu,OpenCL,1825.3,2774.1,1.5198049635676327
cell_2/Relu___tr4cell_2/prev_1x1/Conv2D,OpenCL,1847.1,2084.3,1.1284175193546642
cell_2/prev_1x1/Conv2D,OpenCL,12367.1,12912.7,1.0441170525022034
cell_2/comb_iter_0/left/Relu,CPU,227.125,493.0,2.170610897083104
cell_2/comb_iter_0/left/separable_5x5_1/separable_conv2d/depthwise,CPU,2717.5,5899.2,2.17081876724931
cell_2/comb_iter_0/left/separable_5x5_1/separable_conv2d,CPU,12006.1,25273.0,2.105013284913502
cell_2/comb_iter_0/left/separable_5x5_2/separable_conv2d/depthwise,CPU,2713.0,4059.4,1.4962771839292297
cell_2/comb_iter_0/left/separable_5x5_2/separable_conv2d,CPU,11964.7,16022.6,1.3391560172841777
cell_2/comb_iter_0/right/MaxPool2D/MaxPool,CPU,2042.4000000000003,2556.0,1.251468860164512
cell_2/comb_iter_0/left/bn_sep_5x5_2/FusedBatchNormV3___tr4cell_2/comb_iter_0/combine/add,CPU,699.7777777777778,750.8,1.0729120355668464
cell_2/comb_iter_0/right/MaxPool2D/MaxPool___tr4cell_2/comb_iter_0/combine/add,CPU,433.375,462.8,1.0678973175656188
cell_2/comb_iter_0/combine/add,CPU,420.25,542.4,1.2906603212373586
cell_2/Relu_1,OpenCL,1803.0,2562.7,1.421353300055463
cell_2/Relu_1___tr4cell_2/1x1/Conv2D,OpenCL,1793.9,2281.2,1.2716427894531466
cell_2/1x1/Conv2D,OpenCL,12145.0,12755.6,1.05027583367641
cell_2/comb_iter_1/left/Relu,OpenCL,601.4,812.4,1.3508480212836715
cell_2/comb_iter_1/left/separable_7x7_1/separable_conv2d/depthwise,OpenCL,2552.0,2705.1,1.0599921630094042
cell_2/comb_iter_1/left/separable_7x7_1/separable_conv2d,OpenCL,2901.2,3190.1,1.099579484351303
cell_2/comb_iter_1/left/separable_7x7_2/separable_conv2d/depthwise,OpenCL,2636.6,2933.0,1.1124175073958886
cell_2/comb_iter_1/left/separable_7x7_2/separable_conv2d,OpenCL,2969.7,3300.0,1.1112233558945348
cell_2/comb_iter_1/right/MaxPool2D/MaxPool,OpenCL,1529.8,1678.9,1.0974637207478102
cell_2/comb_iter_1/left/bn_sep_7x7_2/FusedBatchNormV3___tr4cell_2/comb_iter_1/combine/add,OpenCL,540.25,817.0,1.5122628412771866
cell_2/comb_iter_1/right/MaxPool2D/MaxPool___tr4cell_2/comb_iter_1/combine/add,OpenCL,489.25,679.8,1.3894736842105262
cell_2/comb_iter_1/combine/add,OpenCL,526.0,806.7,1.5336501901140684
cell_2/comb_iter_2/left/Relu,OpenCL,487.125,806.2,1.6550166794970491
cell_2/comb_iter_2/left/separable_5x5_1/separable_conv2d/depthwise,OpenCL,1696.7,2227.7,1.3129604526433665
cell_2/comb_iter_2/left/separable_5x5_1/separable_conv2d,OpenCL,2956.7,3417.5,1.1558494267257415
cell_2/comb_iter_2/left/separable_5x5_2/separable_conv2d/depthwise,OpenCL,1802.8,2040.0,1.1315731084978922
cell_2/comb_iter_2/left/separable_5x5_2/separable_conv2d,OpenCL,2833.2,3121.9,1.1018989128900185
cell_2/comb_iter_2/right/Relu,OpenCL,645.8571428571429,605.3,0.9372041583720415
cell_2/comb_iter_2/right/separable_3x3_1/separable_conv2d/depthwise,OpenCL,1045.3333333333333,1131.2,1.0821428571428573
cell_2/comb_iter_2/right/separable_3x3_1/separable_conv2d,OpenCL,2840.7,3167.2,1.1149364593234061
cell_2/comb_iter_2/right/separable_3x3_2/separable_conv2d/depthwise,OpenCL,1125.8,1846.3,1.6399893409131285
cell_2/comb_iter_2/right/separable_3x3_2/separable_conv2d,OpenCL,2835.0,3879.1,1.368289241622575
cell_2/comb_iter_2/combine/add,OpenCL,927.5714285714286,1344.5,1.449484059756661
cell_2/comb_iter_3/left/Relu,OpenCL,983.6666666666666,861.1,0.8753981701118265
cell_2/comb_iter_3/left/separable_3x3_1/separable_conv2d/depthwise,OpenCL,1159.5,1225.0,1.0564898663216904
cell_2/comb_iter_3/left/separable_3x3_1/separable_conv2d,OpenCL,2864.4444444444443,3122.8,1.0901939487975176
cell_2/comb_iter_3/left/separable_3x3_2/separable_conv2d/depthwise,OpenCL,1165.9,2377.0,2.038768333476284
cell_2/comb_iter_3/left/separable_3x3_2/separable_conv2d,OpenCL,2842.2,3397.2,1.1952712687354865
cell_2/comb_iter_3/right/MaxPool2D/MaxPool,OpenCL,1405.0,1661.0,1.18220640569395
cell_2/comb_iter_3/left/bn_sep_3x3_2/FusedBatchNormV3___tr4cell_2/comb_iter_3/combine/add,OpenCL,1058.3,640.1,0.6048379476518946
cell_2/comb_iter_3/right/MaxPool2D/MaxPool___tr4cell_2/comb_iter_3/combine/add,OpenCL,1055.888888888889,645.6,0.6114279701147006
cell_2/comb_iter_3/combine/add,OpenCL,1094.8,858.2,0.7838874680306906
cell_2/comb_iter_4/left/Relu,CPU,256.0,321.2,1.2546875
cell_2/comb_iter_4/left/separable_3x3_1/separable_conv2d/depthwise,CPU,1100.4,1402.3,1.2743547800799708
cell_2/comb_iter_4/left/separable_3x3_1/separable_conv2d,CPU,11934.7,13499.9,1.131146991545661
cell_2/comb_iter_4/left/separable_3x3_2/separable_conv2d/depthwise,CPU,1150.0,1308.6,1.1379130434782607
cell_2/comb_iter_4/left/separable_3x3_2/separable_conv2d,CPU,11924.4,12754.8,1.069638723960954
cell_2/comb_iter_4/combine/add,CPU,433.0,540.0,1.2471131639722863
cell_2/comb_iter_2/combine/add___tr4cell_2/cell_output/concat,OpenCL,1064.4,1507.4,1.4161969184517098
cell_2/comb_iter_4/combine/add___tr4cell_2/cell_output/concat,CPU,504.12500000000006,795.0,1.5769898338705677
cell_2/cell_output/concat,CPU,2949.5555555555557,4098.3,1.3894635726663151
cell_3/Relu_1,OpenCL,2078.3,2382.4,1.146321512774864
cell_3/Relu_1___tr4cell_3/1x1/Conv2D,OpenCL,1837.0,2076.0,1.130103429504627
cell_3/1x1/Conv2D,OpenCL,12242.7,12981.3,1.0603298292043422
cell_3/comb_iter_1/left/Relu,OpenCL,923.8571428571429,693.6,0.7507654244626566
cell_3/comb_iter_1/left/separable_7x7_1/separable_conv2d/depthwise,OpenCL,2557.9,3031.6,1.1851909769732982
cell_3/comb_iter_1/left/separable_7x7_1/separable_conv2d,OpenCL,2976.4,3908.3,1.3130963580163957
cell_3/comb_iter_1/left/separable_7x7_2/separable_conv2d/depthwise,OpenCL,2551.1,3203.3,1.2556544235819844
cell_3/comb_iter_1/left/separable_7x7_2/separable_conv2d,OpenCL,3005.4,3208.7,1.0676449058361615
cell_3/comb_iter_1/right/MaxPool2D/MaxPool,OpenCL,1475.2222222222222,1776.5,1.204225352112676
cell_3/comb_iter_1/left/bn_sep_7x7_2/FusedBatchNormV3___tr4cell_3/comb_iter_1/combine/add,OpenCL,539.0,860.8,1.5970315398886827
cell_3/comb_iter_1/right/MaxPool2D/MaxPool___tr4cell_3/comb_iter_1/combine/add,OpenCL,585.5714285714286,584.0,0.9973164186386924
cell_3/comb_iter_1/combine/add,OpenCL,551.5714285714286,862.5,1.5637140637140639
cell_3/comb_iter_2/left/Relu,OpenCL,491.42857142857144,874.7,1.7799127906976744
cell_3/comb_iter_2/left/separable_5x5_1/separable_conv2d/depthwise,OpenCL,1675.7,1969.8,1.1755087426150266
cell_3/comb_iter_2/left/separable_5x5_1/separable_conv2d,OpenCL,2923.8,3158.8,1.0803748546412204
cell_3/comb_iter_2/left/separable_5x5_2/separable_conv2d/depthwise,OpenCL,1794.7,2053.7,1.1443138128935197
cell_3/comb_iter_2/left/separable_5x5_2/separable_conv2d,OpenCL,2951.4,3196.8,1.0831469810937182
cell_3/comb_iter_2/right/Relu,OpenCL,683.8,659.6,0.9646095349517404
cell_3/comb_iter_2/right/separable_3x3_1/separable_conv2d/depthwise,OpenCL,1143.0,1210.1,1.058705161854768
cell_3/comb_iter_2/right/separable_3x3_1/separable_conv2d,OpenCL,2874.2,3129.8,1.088929093312922
cell_3/comb_iter_2/right/separable_3x3_2/separable_conv2d/depthwise,OpenCL,1205.2,1287.9,1.0686193162960504
cell_3/comb_iter_2/right/separable_3x3_2/separable_conv2d,OpenCL,2873.2,3206.5,1.1160030627871365
cell_3/comb_iter_2/combine/add,OpenCL,1087.2,1141.9,1.0503127299484916
cell_3/comb_iter_3/left/Relu,OpenCL,1054.5555555555557,889.7,0.8436729533242019
cell_3/comb_iter_3/left/separable_3x3_1/separable_conv2d/depthwise,OpenCL,1166.9,1433.7,1.2286399862884565
cell_3/comb_iter_3/left/separable_3x3_1/separable_conv2d,OpenCL,2805.9,3135.8,1.1175736840229518
cell_3/comb_iter_3/left/separable_3x3_2/separable_conv2d/depthwise,OpenCL,1183.0,1425.5,1.2049873203719357
cell_3/comb_iter_3/left/separable_3x3_2/separable_conv2d,OpenCL,2888.7,3526.2,1.220687506490809
cell_3/comb_iter_3/right/MaxPool2D/MaxPool,OpenCL,1386.2,1832.6,1.3220314528928003
cell_3/comb_iter_3/left/bn_sep_3x3_2/FusedBatchNormV3___tr4cell_3/comb_iter_3/combine/add,OpenCL,1069.4,708.3,0.6623340190761173
cell_3/comb_iter_3/right/MaxPool2D/MaxPool___tr4cell_3/comb_iter_3/combine/add,OpenCL,1053.7,606.6,0.5756856790357787
cell_3/comb_iter_3/combine/add,OpenCL,1073.8,780.6,0.7269510150866083
cell_3/comb_iter_4/left/Relu,CPU,247.1,310.2,1.255362201537839
cell_3/comb_iter_4/left/separable_3x3_1/separable_conv2d/depthwise,CPU,1115.1,1407.1,1.261859922876872
cell_3/comb_iter_4/left/separable_3x3_1/separable_conv2d,CPU,11993.8,13959.7,1.1639096866714471
cell_3/comb_iter_4/left/separable_3x3_2/separable_conv2d/depthwise,CPU,1089.8,1348.8,1.2376582859240228
cell_3/comb_iter_4/left/separable_3x3_2/separable_conv2d,CPU,12024.8,12757.3,1.0609157740669284
cell_3/comb_iter_4/combine/add,CPU,424.77777777777777,744.5,1.7526811404656029
cell_3/comb_iter_2/combine/add___tr4cell_3/cell_output/concat,OpenCL,1101.9,957.0,0.8684998638714946
cell_3/comb_iter_4/combine/add___tr4cell_3/cell_output/concat,CPU,425.125,802.2,1.8869744192884448
cell_3/cell_output/concat,CPU,3030.25,4168.1,1.3754970711987462
cell_5/Relu,CPU,1585.125,2260.3,1.4259443261572433
cell_5/Relu___tr4cell_5/AvgPool2D,CPU,4537.3,6968.5,1.5358252705353403
cell_5/AvgPool2D,CPU,2484.7,3018.3,1.2147542962933153
cell_5/path1_conv/Conv2D,CPU,14846.9,15006.6,1.0107564542092962
cell_5/Pad/paddings,CPU,0.0,0.3,0
cell_5/Pad,CPU,2104.777777777778,3058.0,1.4528849707015783
cell_5/strided_slice/stack,CPU,0.875,0.3,0.34285714285714286
cell_5/strided_slice/stack_1,CPU,0.0,0.2,0
cell_5/strided_slice/stack_2,CPU,0.0,0.2,0
cell_5/strided_slice,CPU,2678.3,3007.9,1.1230631370645558
cell_5/strided_slice___tr4cell_5/AvgPool2D_1,CPU,4283.3,5649.1,1.3188662946793361
cell_5/AvgPool2D_1,CPU,2490.0,2697.2,1.0832128514056225
cell_5/path2_conv/Conv2D,CPU,14995.4,14991.1,0.9997132453952546
cell_5/concat,CPU,120.55555555555556,151.9,1.26
cell_5/final_path_bn/FusedBatchNormV3,CPU,141.57142857142858,168.0,1.1866801210898081
cell_5/comb_iter_0/left/Relu,CPU,109.5,165.9,1.515068493150685
cell_5/comb_iter_0/left/separable_5x5_1/separable_conv2d/depthwise,CPU,1477.7,1628.0,1.1017121201867768
cell_5/comb_iter_0/left/separable_5x5_1/separable_conv2d,CPU,11105.8,10961.1,0.9869707720290299
cell_5/comb_iter_0/left/separable_5x5_2/separable_conv2d/depthwise,CPU,1461.2,1502.4,1.0281960032849713
cell_5/comb_iter_0/left/separable_5x5_2/separable_conv2d,CPU,11074.8,10939.6,0.9877921045978257
cell_5/comb_iter_0/right/MaxPool2D/MaxPool,CPU,1134.1,1142.9,1.0077594568380215
cell_5/comb_iter_0/left/bn_sep_5x5_2/FusedBatchNormV3___tr4cell_5/comb_iter_0/combine/add,CPU,671.0,560.8,0.8357675111773472
cell_5/comb_iter_0/right/MaxPool2D/MaxPool___tr4cell_5/comb_iter_0/combine/add,CPU,448.0,523.3,1.168080357142857
cell_5/comb_iter_0/combine/add,CPU,194.0,232.5,1.1984536082474226
cell_4/Relu,OpenCL,1912.4,2708.8,1.4164400752980548
cell_4/Relu___tr4cell_4/prev_1x1/Conv2D,OpenCL,1787.4,2492.7,1.394595501846257
cell_4/prev_1x1/Conv2D,OpenCL,23588.9,25532.9,1.0824116427641814
cell_4/comb_iter_0/left/Relu,CPU,523.5714285714286,1464.3,2.7967530695770804
cell_4/comb_iter_0/left/separable_5x5_1/separable_conv2d/depthwise,CPU,2647.6,6147.0,2.3217253361534977
cell_4/comb_iter_0/left/separable_5x5_1/separable_conv2d,CPU,11107.2,26196.6,2.3585242005185822
cell_4/comb_iter_0/left/separable_5x5_2/separable_conv2d/depthwise,CPU,1435.8,1873.0,1.3044992338765846
cell_4/comb_iter_0/left/separable_5x5_2/separable_conv2d,CPU,11064.2,12147.2,1.0978832631369642
cell_4/comb_iter_0/right/MaxPool2D/MaxPool,CPU,1849.6,1934.9,1.046118079584775
cell_4/comb_iter_0/left/bn_sep_5x5_2/FusedBatchNormV3___tr4cell_4/comb_iter_0/combine/add,CPU,440.4,587.5,1.3340145322434152
cell_4/comb_iter_0/right/MaxPool2D/MaxPool___tr4cell_4/comb_iter_0/combine/add,CPU,432.25,510.1,1.180104106419896
cell_4/comb_iter_0/combine/add,CPU,184.625,219.3,1.187813134732566
cell_4/Relu_1,OpenCL,1860.3,2624.3,1.4106864484222976
cell_4/Relu_1___tr4cell_4/1x1/Conv2D,OpenCL,1736.8,2253.9,1.29773146015661
cell_4/1x1/Conv2D,OpenCL,23533.4,24156.0,1.026456015705338
cell_4/comb_iter_1/left/Relu,CPU,555.625,741.4,1.3343532058492689
cell_4/comb_iter_1/left/separable_7x7_1/separable_conv2d/depthwise,CPU,3602.4,5318.9,1.4764878969575836
cell_4/comb_iter_1/left/separable_7x7_1/separable_conv2d,CPU,11075.8,16326.2,1.4740425070875243
cell_4/comb_iter_1/left/separable_7x7_2/separable_conv2d/depthwise,CPU,2942.2,4041.7,1.373699952416559
cell_4/comb_iter_1/left/separable_7x7_2/separable_conv2d,CPU,11086.8,13571.5,1.2241133600317495
cell_4/comb_iter_1/right/MaxPool2D/MaxPool,CPU,1850.0,2169.2,1.1725405405405405
cell_4/comb_iter_1/left/bn_sep_7x7_2/FusedBatchNormV3___tr4cell_4/comb_iter_1/combine/add,CPU,499.5,599.0,1.1991991991991993
cell_4/comb_iter_1/right/MaxPool2D/MaxPool___tr4cell_4/comb_iter_1/combine/add,CPU,431.0,613.6,1.4236658932714619
cell_4/comb_iter_1/combine/add,CPU,181.77777777777777,288.7,1.58820293398533
cell_4/comb_iter_2/left/Relu,OpenCL,1015.4000000000001,1587.4,1.5633247981091196
cell_4/comb_iter_2/left/separable_5x5_1/separable_conv2d/depthwise,OpenCL,3017.7,3786.8,1.2548629751134972
cell_4/comb_iter_2/left/separable_5x5_1/separable_conv2d,OpenCL,3252.0,3911.7,1.202859778597786
cell_4/comb_iter_2/left/separable_5x5_2/separable_conv2d/depthwise,OpenCL,1204.2222222222222,2604.9,2.16313895552685
cell_4/comb_iter_2/left/separable_5x5_2/separable_conv2d,OpenCL,3106.7,3847.9,1.2385811311037436
cell_4/comb_iter_2/right/Relu,OpenCL,831.0,1464.5,1.7623345367027679
cell_4/comb_iter_2/right/separable_3x3_1/separable_conv2d/depthwise,OpenCL,1184.7777777777778,1840.4,1.5533714714433087
cell_4/comb_iter_2/right/separable_3x3_1/separable_conv2d,OpenCL,3079.7,3637.2,1.181024125726532
cell_4/comb_iter_2/right/separable_3x3_2/separable_conv2d/depthwise,OpenCL,696.8333333333334,1031.3,1.4799808658215736
cell_4/comb_iter_2/right/separable_3x3_2/separable_conv2d,OpenCL,3122.5,3448.7,1.1044675740592473
cell_4/comb_iter_2/combine/add,OpenCL,577.5,681.9,1.1807792207792207
cell_4/comb_iter_3/left/Relu,OpenCL,301.75,731.7,2.4248550124275066
cell_4/comb_iter_3/left/separable_3x3_1/separable_conv2d/depthwise,OpenCL,591.75,929.8,1.5712716518800167
cell_4/comb_iter_3/left/separable_3x3_1/separable_conv2d,OpenCL,3095.3,3550.7,1.1471262882434659
cell_4/comb_iter_3/left/separable_3x3_2/separable_conv2d/depthwise,OpenCL,614.0,1096.2,1.785342019543974
cell_4/comb_iter_3/left/separable_3x3_2/separable_conv2d,OpenCL,3073.3,3472.5,1.1298929489473855
cell_4/comb_iter_3/right/MaxPool2D/MaxPool,OpenCL,1146.0,1275.9,1.1133507853403142
cell_4/comb_iter_3/left/bn_sep_3x3_2/FusedBatchNormV3___tr4cell_4/comb_iter_3/combine/add,OpenCL,294.6666666666667,695.8,2.3613122171945697
cell_4/comb_iter_3/right/MaxPool2D/MaxPool___tr4cell_4/comb_iter_3/combine/add,OpenCL,266.0,621.7,2.337218045112782
cell_4/comb_iter_3/combine/add,OpenCL,429.6666666666667,802.9,1.868657874321179
cell_4/comb_iter_4/left/Relu,OpenCL,1121.4,1101.0,0.981808453718566
cell_4/comb_iter_4/left/separable_3x3_1/separable_conv2d/depthwise,OpenCL,1219.3,1550.9,1.2719593209218405
cell_4/comb_iter_4/left/separable_3x3_1/separable_conv2d,OpenCL,3054.7,3413.8,1.117556552198252
cell_4/comb_iter_4/left/separable_3x3_2/separable_conv2d/depthwise,OpenCL,1131.1,1135.1,1.0035363805145434
cell_4/comb_iter_4/left/separable_3x3_2/separable_conv2d,OpenCL,3173.0,4060.0,1.2795461708162623
cell_4/comb_iter_4/right/Relu,OpenCL,1149.6,2032.1,1.7676583159359778
cell_4/comb_iter_4/right/1x1/Conv2D,OpenCL,3325.2,4000.9,1.2032058222061832
cell_4/comb_iter_4/combine/add,OpenCL,1098.5,792.5,0.7214383249886208
cell_4/comb_iter_2/combine/add___tr4cell_4/cell_output/concat,OpenCL,1127.8,714.5,0.6335343145947864
cell_4/comb_iter_4/combine/add___tr4cell_4/cell_output/concat,OpenCL,1213.7,761.5,0.627420285078685
cell_4/cell_output/concat,CPU,1139.5,1383.8,1.2143922773146116
cell_5/Relu_1,OpenCL,2931.2,3839.3,1.3098048580786028
cell_5/Relu_1___tr4cell_5/1x1/Conv2D,OpenCL,2830.2,3771.0,1.3324146703413187
cell_5/1x1/Conv2D,OpenCL,13751.1,15125.5,1.0999483677669422
cell_5/comb_iter_1/left/Relu,OpenCL,1120.5,803.7,0.717269076305221
cell_5/comb_iter_1/left/separable_7x7_1/separable_conv2d/depthwise,OpenCL,1468.5555555555557,1717.1,1.1692441552545962
cell_5/comb_iter_1/left/separable_7x7_1/separable_conv2d,OpenCL,3186.5,3546.0,1.1128197081437314
cell_5/comb_iter_1/left/separable_7x7_2/separable_conv2d/depthwise,OpenCL,1536.8,1688.7,1.098841749089016
cell_5/comb_iter_1/left/separable_7x7_2/separable_conv2d,OpenCL,3223.6,3593.0,1.114592381188733
cell_5/comb_iter_1/right/MaxPool2D/MaxPool,OpenCL,1237.0,1427.3,1.153839935327405
cell_5/comb_iter_1/left/bn_sep_7x7_2/FusedBatchNormV3___tr4cell_5/comb_iter_1/combine/add,OpenCL,1080.6,719.6,0.665926337220063
cell_5/comb_iter_1/right/MaxPool2D/MaxPool___tr4cell_5/comb_iter_1/combine/add,OpenCL,1040.3,573.8,0.551571662020571
cell_5/comb_iter_1/combine/add,OpenCL,1091.6,575.3,0.5270245511176255
cell_5/comb_iter_2/left/Relu,OpenCL,425.0,544.5,1.2811764705882354
cell_5/comb_iter_2/left/separable_5x5_1/separable_conv2d/depthwise,OpenCL,1188.1,1144.0,0.9628819122969448
cell_5/comb_iter_2/left/separable_5x5_1/separable_conv2d,OpenCL,3195.1,3473.8,1.0872273168288944
cell_5/comb_iter_2/left/separable_5x5_2/separable_conv2d/depthwise,OpenCL,1210.7,1333.2,1.1011811348806475
cell_5/comb_iter_2/left/separable_5x5_2/separable_conv2d,OpenCL,3182.0,3581.4,1.1255185417976117
cell_5/comb_iter_2/right/Relu,OpenCL,1046.9,763.5,0.7292960168115388
cell_5/comb_iter_2/right/separable_3x3_1/separable_conv2d/depthwise,OpenCL,1105.2,966.7,0.8746833152370612
cell_5/comb_iter_2/right/separable_3x3_1/separable_conv2d,OpenCL,3160.3,3469.7,1.0979020979020977
cell_5/comb_iter_2/right/separable_3x3_2/separable_conv2d/depthwise,OpenCL,1126.7,1016.2,0.9019259785213455
cell_5/comb_iter_2/right/separable_3x3_2/separable_conv2d,OpenCL,3120.5,3593.0,1.1514180419804518
cell_5/comb_iter_2/combine/add,OpenCL,1079.0,665.7,0.6169601482854495
cell_5/comb_iter_3/left/Relu,OpenCL,1000.4444444444445,560.0,0.5597512216792536
cell_5/comb_iter_3/left/separable_3x3_1/separable_conv2d/depthwise,OpenCL,1075.3,859.2,0.7990328280479867
cell_5/comb_iter_3/left/separable_3x3_1/separable_conv2d,OpenCL,3178.6,3498.6,1.1006732523752596
cell_5/comb_iter_3/left/separable_3x3_2/separable_conv2d/depthwise,OpenCL,1099.3333333333333,1055.8,0.9604002425712553
cell_5/comb_iter_3/left/separable_3x3_2/separable_conv2d,OpenCL,3159.6,3410.5,1.0794087859222687
cell_5/comb_iter_3/right/MaxPool2D/MaxPool,OpenCL,1182.3,1233.5,1.0433054216357946
cell_5/comb_iter_3/left/bn_sep_3x3_2/FusedBatchNormV3___tr4cell_5/comb_iter_3/combine/add,OpenCL,1035.3,624.2,0.6029170288805178
cell_5/comb_iter_3/right/MaxPool2D/MaxPool___tr4cell_5/comb_iter_3/combine/add,OpenCL,999.0,601.9,0.6025025025025025
cell_5/comb_iter_3/combine/add,OpenCL,1059.0,572.4,0.5405099150141642
cell_5/comb_iter_4/left/Relu,OpenCL,1022.4,1736.7,1.6986502347417842
cell_5/comb_iter_4/left/separable_3x3_1/separable_conv2d/depthwise,OpenCL,1160.1,1005.8,0.8669942246358073
cell_5/comb_iter_4/left/separable_3x3_1/separable_conv2d,OpenCL,3145.5,3426.1,1.0892068033698934
cell_5/comb_iter_4/left/separable_3x3_2/separable_conv2d/depthwise,OpenCL,1145.4,917.8,0.8012921250218263
cell_5/comb_iter_4/left/separable_3x3_2/separable_conv2d,OpenCL,3119.1,3397.5,1.0892565163027796
cell_5/comb_iter_4/combine/add,OpenCL,1090.1,638.1,0.5853591413631778
cell_5/comb_iter_2/combine/add___tr4cell_5/cell_output/concat,OpenCL,1029.1,675.6,0.6564959673501118
cell_5/comb_iter_4/combine/add___tr4cell_5/cell_output/concat,OpenCL,1020.4,704.2,0.6901215209721678
cell_5/cell_output/concat,CPU,1259.857142857143,1964.5,1.559303775938315
cell_7/Relu,OpenCL,2933.4,3531.4,1.2038590032044727
cell_7/Relu___tr4cell_7/prev_1x1/Conv2D,OpenCL,2833.7,3457.1,1.219995059462893
cell_7/prev_1x1/Conv2D,OpenCL,13823.5,15476.9,1.1196079140593915
cell_7/comb_iter_0/left/Relu,CPU,102.11111111111111,431.3,4.223830250272035
cell_7/comb_iter_0/left/separable_5x5_1/separable_conv2d/depthwise,CPU,1571.8,2521.1,1.6039572464690164
cell_7/comb_iter_0/left/separable_5x5_1/separable_conv2d,CPU,11082.0,17945.0,1.619292546471756
cell_7/comb_iter_0/left/separable_5x5_2/separable_conv2d/depthwise,CPU,1479.6,2199.8,1.4867531765341986
cell_7/comb_iter_0/left/separable_5x5_2/separable_conv2d,CPU,11079.2,15094.8,1.3624449418730593
cell_7/comb_iter_0/right/MaxPool2D/MaxPool,CPU,1152.6,1443.8,1.2526461912198508
cell_7/comb_iter_0/left/bn_sep_5x5_2/FusedBatchNormV3___tr4cell_7/comb_iter_0/combine/add,CPU,604.2222222222222,594.8,0.9844060316292754
cell_7/comb_iter_0/right/MaxPool2D/MaxPool___tr4cell_7/comb_iter_0/combine/add,CPU,523.25,677.7,1.295174390826565
cell_7/comb_iter_0/combine/add,CPU,191.4,267.0,1.3949843260188088
cell_6/Relu,OpenCL,2832.9,6229.1,2.1988421758621906
cell_6/Relu___tr4cell_6/prev_1x1/Conv2D,OpenCL,2800.4,4649.8,1.6604056563348093
cell_6/prev_1x1/Conv2D,OpenCL,13674.6,15285.2,1.1177804103959166
cell_6/comb_iter_0/left/Relu,OpenCL,465.8,1783.0,3.8278231000429366
cell_6/comb_iter_0/left/separable_5x5_1/separable_conv2d/depthwise,OpenCL,1089.3,2478.9,2.2756816304048475
cell_6/comb_iter_0/left/separable_5x5_1/separable_conv2d,OpenCL,3141.7,3850.8,1.225705828054875
cell_6/comb_iter_0/left/separable_5x5_2/separable_conv2d/depthwise,OpenCL,1180.4,1247.9,1.0571840054218908
cell_6/comb_iter_0/left/separable_5x5_2/separable_conv2d,OpenCL,3169.8,3375.8,1.0649883273392644
cell_6/comb_iter_0/right/MaxPool2D/MaxPool,OpenCL,1148.4444444444443,1154.1,1.004924535603715
cell_6/comb_iter_0/left/bn_sep_5x5_2/FusedBatchNormV3___tr4cell_6/comb_iter_0/combine/add,OpenCL,459.5,719.1,1.5649619151251362
cell_6/comb_iter_0/right/MaxPool2D/MaxPool___tr4cell_6/comb_iter_0/combine/add,OpenCL,458.0,659.9,1.440829694323144
cell_6/comb_iter_0/combine/add,OpenCL,651.0,583.8,0.896774193548387
cell_6/Relu_1,OpenCL,2782.0,3228.4,1.1604601006470165
cell_6/Relu_1___tr4cell_6/1x1/Conv2D,OpenCL,2811.4,3184.1,1.132567404140286
cell_6/1x1/Conv2D,OpenCL,13763.9,14169.9,1.0294974534833876
cell_6/comb_iter_1/left/Relu,CPU,91.22222222222223,347.7,3.8115712545676
cell_6/comb_iter_1/left/separable_7x7_1/separable_conv2d/depthwise,CPU,2959.6,9682.0,3.271388025408839
cell_6/comb_iter_1/left/separable_7x7_1/separable_conv2d,CPU,11089.0,26473.3,2.3873478221661104
cell_6/comb_iter_1/left/separable_7x7_2/separable_conv2d/depthwise,CPU,2891.8,4815.1,1.6650874887613252
cell_6/comb_iter_1/left/separable_7x7_2/separable_conv2d,CPU,11092.4,15543.1,1.401238685947135
cell_6/comb_iter_1/right/MaxPool2D/MaxPool,CPU,1161.5,1473.0,1.2681876883340508
cell_6/comb_iter_1/left/bn_sep_7x7_2/FusedBatchNormV3___tr4cell_6/comb_iter_1/combine/add,CPU,750.2,603.3,0.8041855505198613
cell_6/comb_iter_1/right/MaxPool2D/MaxPool___tr4cell_6/comb_iter_1/combine/add,CPU,494.5,642.2,1.2986855409504552
cell_6/comb_iter_1/combine/add,CPU,193.22222222222223,315.6,1.6333525014376078
cell_6/comb_iter_2/left/Relu,OpenCL,389.75,1284.3,3.2951892238614495
cell_6/comb_iter_2/left/separable_5x5_1/separable_conv2d/depthwise,OpenCL,1129.888888888889,3318.1,2.936660438587865
cell_6/comb_iter_2/left/separable_5x5_1/separable_conv2d,OpenCL,3131.5,3616.7,1.1549417212198627
cell_6/comb_iter_2/left/separable_5x5_2/separable_conv2d/depthwise,OpenCL,1120.4,1329.0,1.1861835058907533
cell_6/comb_iter_2/left/separable_5x5_2/separable_conv2d,OpenCL,3092.5,3532.1,1.1421503637833468
cell_6/comb_iter_2/right/Relu,OpenCL,326.0,727.5,2.23159509202454
cell_6/comb_iter_2/right/separable_3x3_1/separable_conv2d/depthwise,OpenCL,688.75,982.7,1.426787658802178
cell_6/comb_iter_2/right/separable_3x3_1/separable_conv2d,OpenCL,3104.6,3498.8,1.1269728789538105
cell_6/comb_iter_2/right/separable_3x3_2/separable_conv2d/depthwise,OpenCL,1020.3333333333333,1094.4,1.0725906566481545
cell_6/comb_iter_2/right/separable_3x3_2/separable_conv2d,OpenCL,3089.8,3492.0,1.1301702375558287
cell_6/comb_iter_2/combine/add,OpenCL,432.6666666666667,655.8,1.5157164869029274
cell_6/comb_iter_3/left/Relu,CPU,122.9,131.0,1.065907241659886
cell_6/comb_iter_3/left/separable_3x3_1/separable_conv2d/depthwise,CPU,562.4,740.4,1.3165007112375533
cell_6/comb_iter_3/left/separable_3x3_1/separable_conv2d,CPU,11049.8,13129.1,1.1881753515900741
cell_6/comb_iter_3/left/separable_3x3_2/separable_conv2d/depthwise,CPU,584.6,704.3,1.204755388299692
cell_6/comb_iter_3/left/separable_3x3_2/separable_conv2d,CPU,11072.9,12534.0,1.1319527856297809
cell_6/comb_iter_3/right/MaxPool2D/MaxPool,CPU,1188.9,1276.5,1.0736815543779963
cell_6/comb_iter_3/left/bn_sep_3x3_2/FusedBatchNormV3___tr4cell_6/comb_iter_3/combine/add,CPU,673.8,606.7,0.9004155535767291
cell_6/comb_iter_3/right/MaxPool2D/MaxPool___tr4cell_6/comb_iter_3/combine/add,CPU,475.4,526.7,1.1079091291543965
cell_6/comb_iter_3/combine/add,CPU,191.5,231.9,1.2109660574412533
cell_6/comb_iter_4/left/Relu,OpenCL,1120.1,801.8,0.7158289438442996
cell_6/comb_iter_4/left/separable_3x3_1/separable_conv2d/depthwise,OpenCL,1168.7,934.3,0.799435269958073
cell_6/comb_iter_4/left/separable_3x3_1/separable_conv2d,OpenCL,3138.9,3514.8,1.1197553282997228
cell_6/comb_iter_4/left/separable_3x3_2/separable_conv2d/depthwise,OpenCL,1171.4,1027.3,0.8769848045074269
cell_6/comb_iter_4/left/separable_3x3_2/separable_conv2d,OpenCL,3185.8,3623.1,1.1372653650574422
cell_6/comb_iter_4/combine/add,OpenCL,1220.0,749.6,0.6144262295081967
cell_6/comb_iter_2/combine/add___tr4cell_6/cell_output/concat,OpenCL,1214.7,610.7,0.5027578826047584
cell_6/comb_iter_4/combine/add___tr4cell_6/cell_output/concat,OpenCL,1222.1,601.4,0.4921037558301285
cell_6/cell_output/concat,CPU,1190.857142857143,1298.3,1.0902231285988484
cell_7/Relu_1,OpenCL,2915.3,3369.8,1.1559016224745309
cell_7/Relu_1___tr4cell_7/1x1/Conv2D,OpenCL,2842.1,3373.8,1.1870799760740298
cell_7/1x1/Conv2D,OpenCL,13841.6,14469.2,1.0453415790082072
cell_7/comb_iter_1/left/Relu,OpenCL,1049.7,1060.5,1.0102886539011147
cell_7/comb_iter_1/left/separable_7x7_1/separable_conv2d/depthwise,OpenCL,1494.888888888889,1965.4,1.314746543778802
cell_7/comb_iter_1/left/separable_7x7_1/separable_conv2d,OpenCL,3263.8,3500.3,1.0724615478889639
cell_7/comb_iter_1/left/separable_7x7_2/separable_conv2d/depthwise,OpenCL,1521.5,1815.5,1.193230364771607
cell_7/comb_iter_1/left/separable_7x7_2/separable_conv2d,OpenCL,3274.6,3592.6,1.0971110975386307
cell_7/comb_iter_1/right/MaxPool2D/MaxPool,OpenCL,1286.5,1189.5,0.9246016323357948
cell_7/comb_iter_1/left/bn_sep_7x7_2/FusedBatchNormV3___tr4cell_7/comb_iter_1/combine/add,OpenCL,482.2,770.3,1.5974699294898382
cell_7/comb_iter_1/right/MaxPool2D/MaxPool___tr4cell_7/comb_iter_1/combine/add,OpenCL,442.2,668.0,1.5106286748077793
cell_7/comb_iter_1/combine/add,OpenCL,566.6,647.5,1.1427815037063183
cell_7/comb_iter_2/left/Relu,OpenCL,441.6,676.5,1.531929347826087
cell_7/comb_iter_2/left/separable_5x5_1/separable_conv2d/depthwise,OpenCL,1153.3,1299.0,1.1263331310153473
cell_7/comb_iter_2/left/separable_5x5_1/separable_conv2d,OpenCL,3276.6,3630.4,1.1079777818470367
cell_7/comb_iter_2/left/separable_5x5_2/separable_conv2d/depthwise,OpenCL,1186.0,1465.2,1.2354131534569983
cell_7/comb_iter_2/left/separable_5x5_2/separable_conv2d,OpenCL,3187.3,3951.1,1.2396385655570545
cell_7/comb_iter_2/right/Relu,OpenCL,360.4,959.7,2.662874583795783
cell_7/comb_iter_2/right/separable_3x3_1/separable_conv2d/depthwise,OpenCL,584.0,1127.4,1.9304794520547948
cell_7/comb_iter_2/right/separable_3x3_1/separable_conv2d,OpenCL,3053.5,3505.4,1.1479941051252662
cell_7/comb_iter_2/right/separable_3x3_2/separable_conv2d/depthwise,OpenCL,619.8,999.3,1.612294288480155
cell_7/comb_iter_2/right/separable_3x3_2/separable_conv2d,OpenCL,3094.8,3669.9,1.1858278402481581
cell_7/comb_iter_2/combine/add,OpenCL,562.2,867.9,1.5437566702241194
cell_7/comb_iter_3/left/Relu,OpenCL,331.4,662.9,2.000301750150875
cell_7/comb_iter_3/left/separable_3x3_1/separable_conv2d/depthwise,OpenCL,580.6,908.3,1.5644161212538752
cell_7/comb_iter_3/left/separable_3x3_1/separable_conv2d,OpenCL,3109.0,3550.9,1.1421357349630106
cell_7/comb_iter_3/left/separable_3x3_2/separable_conv2d/depthwise,OpenCL,589.25,1161.1,1.9704709376325837
cell_7/comb_iter_3/left/separable_3x3_2/separable_conv2d,OpenCL,3101.1,4768.3,1.5376156847570217
cell_7/comb_iter_3/right/MaxPool2D/MaxPool,OpenCL,1124.6,1156.4,1.0282767206117733
cell_7/comb_iter_3/left/bn_sep_3x3_2/FusedBatchNormV3___tr4cell_7/comb_iter_3/combine/add,OpenCL,306.75,922.3,3.006682966585167
cell_7/comb_iter_3/right/MaxPool2D/MaxPool___tr4cell_7/comb_iter_3/combine/add,OpenCL,266.5,1416.9,5.316697936210132
cell_7/comb_iter_3/combine/add,OpenCL,435.5,717.7,1.6479908151549945
cell_7/comb_iter_4/left/Relu,CPU,117.88888888888889,158.8,1.3470311027332706
cell_7/comb_iter_4/left/separable_3x3_1/separable_conv2d/depthwise,CPU,583.3,736.8,1.263157894736842
cell_7/comb_iter_4/left/separable_3x3_1/separable_conv2d,CPU,11077.2,12887.0,1.1633806377062794
cell_7/comb_iter_4/left/separable_3x3_2/separable_conv2d/depthwise,CPU,568.9,682.1,1.198980488662331
cell_7/comb_iter_4/left/separable_3x3_2/separable_conv2d,CPU,11054.0,11781.8,1.0658404197575537
cell_7/comb_iter_4/combine/add,CPU,191.3,278.9,1.4579194981704127
cell_7/comb_iter_2/combine/add___tr4cell_7/cell_output/concat,OpenCL,1028.8,751.0,0.7299766718506999
cell_7/comb_iter_4/combine/add___tr4cell_7/cell_output/concat,CPU,478.22222222222223,778.9,1.6287407063197026
cell_7/cell_output/concat,CPU,1237.75,2002.7,1.6180165623106444
cell_9/Relu,CPU,668.2222222222222,1059.9,1.5861489857000335
cell_9/Relu___tr4cell_9/AvgPool2D,CPU,2146.5,2382.1,1.1097600745399487
cell_9/AvgPool2D,CPU,1400.5,2114.1,1.5095323098893252
cell_9/path1_conv/Conv2D,CPU,15259.2,18801.2,1.2321222606689735
cell_9/Pad/paddings,CPU,0.0,0.5,0
cell_9/Pad,CPU,997.125,1446.9,1.4510718315156075
cell_9/strided_slice/stack,CPU,1.0,0.3,0.3
cell_9/strided_slice/stack_1,CPU,0.0,0.0,0
cell_9/strided_slice/stack_2,CPU,0.0,0.2,0
cell_9/strided_slice,CPU,1361.5,1725.3,1.2672052882849798
cell_9/strided_slice___tr4cell_9/AvgPool2D_1,CPU,1779.2222222222222,2478.8,1.3931930306625868
cell_9/AvgPool2D_1,CPU,1389.8,1668.9,1.2008202619081882
cell_9/path2_conv/Conv2D,CPU,15227.5,16548.0,1.086718108684945
cell_9/concat,CPU,75.7,122.8,1.6221928665785996
cell_9/final_path_bn/FusedBatchNormV3,CPU,82.6,100.1,1.2118644067796611
cell_9/comb_iter_0/left/Relu,CPU,67.5,105.5,1.5629629629629629
cell_9/comb_iter_0/left/separable_5x5_1/separable_conv2d/depthwise,CPU,1196.8,1152.7,0.9631517379679145
cell_9/comb_iter_0/left/separable_5x5_1/separable_conv2d,CPU,12016.5,11832.7,0.9847043648316898
cell_9/comb_iter_0/left/separable_5x5_2/separable_conv2d/depthwise,CPU,1148.4,1122.4,0.9773598049460118
cell_9/comb_iter_0/left/separable_5x5_2/separable_conv2d,CPU,11986.3,11618.9,0.9693483393540959
cell_9/comb_iter_0/right/MaxPool2D/MaxPool,CPU,674.8,689.4,1.0216360403082396
cell_9/comb_iter_0/left/bn_sep_5x5_2/FusedBatchNormV3___tr4cell_9/comb_iter_0/combine/add,CPU,375.0,384.3,1.0248
cell_9/comb_iter_0/right/MaxPool2D/MaxPool___tr4cell_9/comb_iter_0/combine/add,CPU,249.4,241.5,0.9683239775461107
cell_9/comb_iter_0/combine/add,CPU,119.25,138.0,1.1572327044025157
cell_8/Relu,OpenCL,2865.3,5562.9,1.9414720971626005
cell_8/Relu___tr4cell_8/prev_1x1/Conv2D,OpenCL,2832.4,4599.6,1.62392317469284
cell_8/prev_1x1/Conv2D,OpenCL,26115.7,28412.5,1.0879470969570029
cell_8/comb_iter_0/left/Relu,CPU,272.1111111111111,646.2,2.374765210289915
cell_8/comb_iter_0/left/separable_5x5_1/separable_conv2d/depthwise,CPU,1229.4,3146.6,2.5594598991377904
cell_8/comb_iter_0/left/separable_5x5_1/separable_conv2d,CPU,12008.7,28098.0,2.339803642359289
cell_8/comb_iter_0/left/separable_5x5_2/separable_conv2d/depthwise,CPU,1153.9,1739.0,1.5070630037264927
cell_8/comb_iter_0/left/separable_5x5_2/separable_conv2d,CPU,12032.3,16603.1,1.3798774964055085
cell_8/comb_iter_0/right/MaxPool2D/MaxPool,CPU,982.6,1326.8,1.35029513535518
cell_8/comb_iter_0/left/bn_sep_5x5_2/FusedBatchNormV3___tr4cell_8/comb_iter_0/combine/add,CPU,362.3,365.7,1.0093844879933755
cell_8/comb_iter_0/right/MaxPool2D/MaxPool___tr4cell_8/comb_iter_0/combine/add,CPU,272.8888888888889,341.4,1.251058631921824
cell_8/comb_iter_0/combine/add,CPU,119.4,165.2,1.3835845896147403
cell_8/Relu_1,OpenCL,2867.9,3753.1,1.308657902995223
cell_8/Relu_1___tr4cell_8/1x1/Conv2D,OpenCL,2872.5,3451.8,1.2016710182767625
cell_8/1x1/Conv2D,OpenCL,26264.0,27077.4,1.0309701492537313
cell_8/comb_iter_1/left/Relu,OpenCL,1033.625,1143.8,1.1065908816059982
cell_8/comb_iter_1/left/separable_7x7_1/separable_conv2d/depthwise,OpenCL,2913.8,3263.6,1.1200494200013726
cell_8/comb_iter_1/left/separable_7x7_1/separable_conv2d,OpenCL,3832.0,4292.1,1.1200678496868477
cell_8/comb_iter_1/left/separable_7x7_2/separable_conv2d/depthwise,OpenCL,1512.7,1872.7,1.2379850598267998
cell_8/comb_iter_1/left/separable_7x7_2/separable_conv2d,OpenCL,3912.7,4359.2,1.1141155723669078
cell_8/comb_iter_1/right/MaxPool2D/MaxPool,OpenCL,919.5,1262.1,1.3725938009787928
cell_8/comb_iter_1/left/bn_sep_7x7_2/FusedBatchNormV3___tr4cell_8/comb_iter_1/combine/add,OpenCL,414.125,1254.6,3.0295200724418954
cell_8/comb_iter_1/right/MaxPool2D/MaxPool___tr4cell_8/comb_iter_1/combine/add,OpenCL,345.5,999.3,2.8923299565846596
cell_8/comb_iter_1/combine/add,OpenCL,368.85714285714283,817.1,2.215220759101472
cell_8/comb_iter_2/left/Relu,OpenCL,537.0,1059.1,1.9722532588454373
cell_8/comb_iter_2/left/separable_5x5_1/separable_conv2d/depthwise,OpenCL,1796.9,2222.9,1.2370749624353052
cell_8/comb_iter_2/left/separable_5x5_1/separable_conv2d,OpenCL,3745.0,4270.3,1.1402670226969294
cell_8/comb_iter_2/left/separable_5x5_2/separable_conv2d/depthwise,OpenCL,1139.8,1244.6,1.0919459554307773
cell_8/comb_iter_2/left/separable_5x5_2/separable_conv2d,OpenCL,3749.5,4344.8,1.1587678357114282
cell_8/comb_iter_2/right/Relu,OpenCL,755.3333333333334,1110.9,1.4707413945278023
cell_8/comb_iter_2/right/separable_3x3_1/separable_conv2d/depthwise,OpenCL,830.3333333333334,1432.1,1.7247290244881572
cell_8/comb_iter_2/right/separable_3x3_1/separable_conv2d,OpenCL,3610.3,4584.8,1.2699221671329253
cell_8/comb_iter_2/right/separable_3x3_2/separable_conv2d/depthwise,OpenCL,687.5,1507.9,2.193309090909091
cell_8/comb_iter_2/right/separable_3x3_2/separable_conv2d,OpenCL,3676.5,4685.7,1.274500203998368
cell_8/comb_iter_2/combine/add,OpenCL,352.1666666666667,811.9,2.305442498816848
cell_8/comb_iter_3/left/Relu,OpenCL,295.8,702.4,2.3745774171737657
cell_8/comb_iter_3/left/separable_3x3_1/separable_conv2d/depthwise,OpenCL,555.2,875.6,1.5770893371757924
cell_8/comb_iter_3/left/separable_3x3_1/separable_conv2d,OpenCL,3553.8,4629.8,1.3027744949068603
cell_8/comb_iter_3/left/separable_3x3_2/separable_conv2d/depthwise,OpenCL,595.8,1483.6,2.4900973481033906
cell_8/comb_iter_3/left/separable_3x3_2/separable_conv2d,OpenCL,3628.8,4367.0,1.2034281305114638
cell_8/comb_iter_3/right/MaxPool2D/MaxPool,OpenCL,790.6,1294.3,1.6371110548950163
cell_8/comb_iter_3/left/bn_sep_3x3_2/FusedBatchNormV3___tr4cell_8/comb_iter_3/combine/add,OpenCL,347.4,750.4,2.1600460564191133
cell_8/comb_iter_3/right/MaxPool2D/MaxPool___tr4cell_8/comb_iter_3/combine/add,OpenCL,316.5,816.6,2.580094786729858
cell_8/comb_iter_3/combine/add,OpenCL,275.25,669.9,2.4337874659400542
cell_8/comb_iter_4/left/Relu,CPU,259.375,331.3,1.2773012048192771
cell_8/comb_iter_4/left/separable_3x3_1/separable_conv2d/depthwise,CPU,844.7,1109.7,1.3137208476382147
cell_8/comb_iter_4/left/separable_3x3_1/separable_conv2d,CPU,11993.7,14131.1,1.1782102270358605
cell_8/comb_iter_4/left/separable_3x3_2/separable_conv2d/depthwise,CPU,361.6,407.5,1.1269358407079646
cell_8/comb_iter_4/left/separable_3x3_2/separable_conv2d,CPU,12055.8,12432.7,1.0312629605666983
cell_8/comb_iter_4/right/Relu,CPU,272.44444444444446,295.3,1.0838907014681893
cell_8/comb_iter_4/right/1x1/Conv2D,CPU,12500.9,12428.3,0.9941924181458934
cell_8/comb_iter_4/combine/add,CPU,123.2,159.9,1.2978896103896105
cell_8/comb_iter_2/combine/add___tr4cell_8/cell_output/concat,OpenCL,1218.3333333333333,700.0,0.5745554035567716
cell_8/comb_iter_4/combine/add___tr4cell_8/cell_output/concat,CPU,285.7,172.0,0.6020301015050753
cell_8/cell_output/concat,CPU,554.7777777777778,555.3,1.0009413178449829
cell_9/Relu_1,OpenCL,2681.4,3458.5,1.289811292608339
cell_9/Relu_1___tr4cell_9/1x1/Conv2D,OpenCL,2519.1,3223.2,1.2795045849708229
cell_9/1x1/Conv2D,OpenCL,16111.599999999999,17554.4,1.0895503860572509
cell_9/comb_iter_1/left/Relu,OpenCL,1234.4,686.5,0.5561406351263771
cell_9/comb_iter_1/left/separable_7x7_1/separable_conv2d/depthwise,OpenCL,1241.0,1528.5,1.2316680096696213
cell_9/comb_iter_1/left/separable_7x7_1/separable_conv2d,OpenCL,3629.4,4063.8,1.1196892048272442
cell_9/comb_iter_1/left/separable_7x7_2/separable_conv2d/depthwise,OpenCL,1265.1,1640.4,1.2966563907991464
cell_9/comb_iter_1/left/separable_7x7_2/separable_conv2d,OpenCL,3651.7,4030.2,1.1036503546293508
cell_9/comb_iter_1/right/MaxPool2D/MaxPool,OpenCL,1234.2,857.3,0.6946199967590341
cell_9/comb_iter_1/left/bn_sep_7x7_2/FusedBatchNormV3___tr4cell_9/comb_iter_1/combine/add,OpenCL,1227.9,835.2,0.6801856828731981
cell_9/comb_iter_1/right/MaxPool2D/MaxPool___tr4cell_9/comb_iter_1/combine/add,OpenCL,1210.9,695.9,0.574696506730531
cell_9/comb_iter_1/combine/add,OpenCL,1197.9,709.6,0.5923699807997328
cell_9/comb_iter_2/left/Relu,OpenCL,1213.7,896.9,0.7389799785779022
cell_9/comb_iter_2/left/separable_5x5_1/separable_conv2d/depthwise,OpenCL,1250.6,1219.7,0.9752918599072447
cell_9/comb_iter_2/left/separable_5x5_1/separable_conv2d,OpenCL,3718.1,4629.7,1.2451789892687124
cell_9/comb_iter_2/left/separable_5x5_2/separable_conv2d/depthwise,OpenCL,1234.0,1226.7,0.9940842787682335
cell_9/comb_iter_2/left/separable_5x5_2/separable_conv2d,OpenCL,3659.8,4253.1,1.1621126837532105
cell_9/comb_iter_2/right/Relu,OpenCL,1162.7,975.0,0.8385654081018319
cell_9/comb_iter_2/right/separable_3x3_1/separable_conv2d/depthwise,OpenCL,1176.1,856.7,0.7284244537029165
cell_9/comb_iter_2/right/separable_3x3_1/separable_conv2d,OpenCL,3666.1,4184.8,1.1414855023049018
cell_9/comb_iter_2/right/separable_3x3_2/separable_conv2d/depthwise,OpenCL,1233.3,902.3,0.7316143679558907
cell_9/comb_iter_2/right/separable_3x3_2/separable_conv2d,OpenCL,3649.1,4355.5,1.1935819791181388
cell_9/comb_iter_2/combine/add,OpenCL,1225.5,823.2,0.6717258261933905
cell_9/comb_iter_3/left/Relu,OpenCL,1258.6,619.9,0.4925313840775465
cell_9/comb_iter_3/left/separable_3x3_1/separable_conv2d/depthwise,OpenCL,1213.3,883.3,0.7280145058930191
cell_9/comb_iter_3/left/separable_3x3_1/separable_conv2d,OpenCL,3698.5,3839.0,1.0379883736649993
cell_9/comb_iter_3/left/separable_3x3_2/separable_conv2d/depthwise,OpenCL,1230.9,845.6,0.6869770086928264
cell_9/comb_iter_3/left/separable_3x3_2/separable_conv2d,OpenCL,3692.2,3845.7,1.0415741292454364
cell_9/comb_iter_3/right/MaxPool2D/MaxPool,OpenCL,1198.0,793.6,0.6624373956594324
cell_9/comb_iter_3/left/bn_sep_3x3_2/FusedBatchNormV3___tr4cell_9/comb_iter_3/combine/add,OpenCL,1154.0,740.3,0.6415077989601387
cell_9/comb_iter_3/right/MaxPool2D/MaxPool___tr4cell_9/comb_iter_3/combine/add,OpenCL,1124.2,685.7,0.609944849670877
cell_9/comb_iter_3/combine/add,OpenCL,1135.8,690.1,0.6075893643247051
cell_9/comb_iter_4/left/Relu,OpenCL,1122.8,808.7,0.7202529390808693
cell_9/comb_iter_4/left/separable_3x3_1/separable_conv2d/depthwise,OpenCL,1152.3333333333333,917.7,0.7963841481052937
cell_9/comb_iter_4/left/separable_3x3_1/separable_conv2d,OpenCL,3610.5,3907.9,1.0823708627613904
cell_9/comb_iter_4/left/separable_3x3_2/separable_conv2d/depthwise,OpenCL,1173.1,1058.2,0.9020543858153611
cell_9/comb_iter_4/left/separable_3x3_2/separable_conv2d,OpenCL,3694.5,4059.6,1.0988225740966302
cell_9/comb_iter_4/combine/add,OpenCL,1133.1,884.8,0.7808666490159739
cell_9/comb_iter_2/combine/add___tr4cell_9/cell_output/concat,OpenCL,1121.8,685.8,0.6113389195935104
cell_9/comb_iter_4/combine/add___tr4cell_9/cell_output/concat,OpenCL,1117.5,667.3,0.5971364653243848
cell_9/cell_output/concat,CPU,497.55555555555554,965.3,1.9400848593121929
cell_11/Relu,OpenCL,2673.1,3248.4,1.2152182858853018
cell_11/Relu___tr4cell_11/prev_1x1/Conv2D,OpenCL,2640.7,3329.2,1.2607263225659864
cell_11/prev_1x1/Conv2D,OpenCL,16340.900000000001,18843.8,1.1531678181740295
cell_11/comb_iter_0/left/Relu,OpenCL,988.5,741.2,0.7498229640870006
cell_11/comb_iter_0/left/separable_5x5_1/separable_conv2d/depthwise,OpenCL,1195.3,1174.2,0.9823475278172844
cell_11/comb_iter_0/left/separable_5x5_1/separable_conv2d,OpenCL,3673.2,4281.2,1.1655232494827399
cell_11/comb_iter_0/left/separable_5x5_2/separable_conv2d/depthwise,OpenCL,1130.3,1273.4,1.1266035565778998
cell_11/comb_iter_0/left/separable_5x5_2/separable_conv2d,OpenCL,3755.2,4196.9,1.117623561994035
cell_11/comb_iter_0/right/MaxPool2D/MaxPool,OpenCL,1074.4444444444443,893.7,0.8317786970010342
cell_11/comb_iter_0/left/bn_sep_5x5_2/FusedBatchNormV3___tr4cell_11/comb_iter_0/combine/add,OpenCL,443.5,953.8,2.150620067643743
cell_11/comb_iter_0/right/MaxPool2D/MaxPool___tr4cell_11/comb_iter_0/combine/add,OpenCL,318.25,701.4,2.2039277297721918
cell_11/comb_iter_0/combine/add,OpenCL,343.75,700.0,2.036363636363636
cell_10/Relu,OpenCL,2544.1,7107.6,2.79375810699265
cell_10/Relu___tr4cell_10/prev_1x1/Conv2D,OpenCL,2641.2,5614.1,2.125586854460094
cell_10/prev_1x1/Conv2D,OpenCL,16226.900000000001,18131.5,1.117373004085808
cell_10/comb_iter_0/left/Relu,CPU,57.55555555555556,173.8,3.0196911196911196
cell_10/comb_iter_0/left/separable_5x5_1/separable_conv2d/depthwise,CPU,1174.0,3727.5,3.1750425894378194
cell_10/comb_iter_0/left/separable_5x5_1/separable_conv2d,CPU,11986.2,29897.9,2.4943601808746725
cell_10/comb_iter_0/left/separable_5x5_2/separable_conv2d/depthwise,CPU,1131.1,1755.2,1.5517637697816287
cell_10/comb_iter_0/left/separable_5x5_2/separable_conv2d,CPU,11986.7,16803.6,1.4018537212076716
cell_10/comb_iter_0/right/MaxPool2D/MaxPool,CPU,688.6666666666666,840.3,1.2201839303000968
cell_10/comb_iter_0/left/bn_sep_5x5_2/FusedBatchNormV3___tr4cell_10/comb_iter_0/combine/add,CPU,373.8,313.0,0.8373461744248261
cell_10/comb_iter_0/right/MaxPool2D/MaxPool___tr4cell_10/comb_iter_0/combine/add,CPU,235.9,317.9,1.3476049173378548
cell_10/comb_iter_0/combine/add,CPU,114.7,198.3,1.7288578901482128
cell_10/Relu_1,OpenCL,2608.9,3717.9,1.42508336846947
cell_10/Relu_1___tr4cell_10/1x1/Conv2D,OpenCL,2712.1,3183.8,1.1739242653294497
cell_10/1x1/Conv2D,OpenCL,16344.000000000002,17112.9,1.0470447870778268
cell_10/comb_iter_1/left/Relu,CPU,58.25,97.7,1.6772532188841203
cell_10/comb_iter_1/left/separable_7x7_1/separable_conv2d/depthwise,CPU,1784.4,2295.4,1.2863707688859
cell_10/comb_iter_1/left/separable_7x7_1/separable_conv2d,CPU,12027.3,15117.5,1.2569321460344385
cell_10/comb_iter_1/left/separable_7x7_2/separable_conv2d/depthwise,CPU,1808.0,2407.4,1.3315265486725665
cell_10/comb_iter_1/left/separable_7x7_2/separable_conv2d,CPU,12002.2,14489.5,1.2072370065487994
cell_10/comb_iter_1/right/MaxPool2D/MaxPool,CPU,674.3,764.2,1.1333234465371498
cell_10/comb_iter_1/left/bn_sep_7x7_2/FusedBatchNormV3___tr4cell_10/comb_iter_1/combine/add,CPU,383.6,325.3,0.8480187695516163
cell_10/comb_iter_1/right/MaxPool2D/MaxPool___tr4cell_10/comb_iter_1/combine/add,CPU,236.3,316.6,1.3398222598391876
cell_10/comb_iter_1/combine/add,CPU,116.55555555555556,171.7,1.473117254528122
cell_10/comb_iter_2/left/Relu,OpenCL,432.8888888888889,921.0,2.127566735112936
cell_10/comb_iter_2/left/separable_5x5_1/separable_conv2d/depthwise,OpenCL,940.1428571428571,1449.9,1.5422124297219268
cell_10/comb_iter_2/left/separable_5x5_1/separable_conv2d,OpenCL,3752.9,4089.2,1.0896107010578486
cell_10/comb_iter_2/left/separable_5x5_2/separable_conv2d/depthwise,OpenCL,1087.625,1334.7,1.2271692908861052
cell_10/comb_iter_2/left/separable_5x5_2/separable_conv2d,OpenCL,3803.2,4208.5,1.1065681531342029
cell_10/comb_iter_2/right/Relu,OpenCL,409.75,1128.3,2.7536302623550943
cell_10/comb_iter_2/right/separable_3x3_1/separable_conv2d/depthwise,OpenCL,557.6666666666666,928.6,1.6651524208009565
cell_10/comb_iter_2/right/separable_3x3_1/separable_conv2d,OpenCL,3612.9,4131.7,1.1435965567826398
cell_10/comb_iter_2/right/separable_3x3_2/separable_conv2d/depthwise,OpenCL,637.0,1067.8,1.6762951334379905
cell_10/comb_iter_2/right/separable_3x3_2/separable_conv2d,OpenCL,3685.1,4301.9,1.1673767333315241
cell_10/comb_iter_2/combine/add,OpenCL,341.625,1004.7,2.9409440175631176
cell_10/comb_iter_3/left/Relu,OpenCL,299.0,979.1,3.274581939799331
cell_10/comb_iter_3/left/separable_3x3_1/separable_conv2d/depthwise,OpenCL,582.0,1054.0,1.8109965635738832
cell_10/comb_iter_3/left/separable_3x3_1/separable_conv2d,OpenCL,3598.1,4505.4,1.2521608626775242
cell_10/comb_iter_3/left/separable_3x3_2/separable_conv2d/depthwise,OpenCL,632.5714285714286,1144.4,1.8091237579042458
cell_10/comb_iter_3/left/separable_3x3_2/separable_conv2d,OpenCL,3579.8,4747.5,1.3261914073411922
cell_10/comb_iter_3/right/MaxPool2D/MaxPool,OpenCL,676.2857142857143,1590.8,2.35226024503591
cell_10/comb_iter_3/left/bn_sep_3x3_2/FusedBatchNormV3___tr4cell_10/comb_iter_3/combine/add,OpenCL,320.7142857142857,699.8,2.182004454342984
cell_10/comb_iter_3/right/MaxPool2D/MaxPool___tr4cell_10/comb_iter_3/combine/add,OpenCL,291.5,682.0,2.339622641509434
cell_10/comb_iter_3/combine/add,OpenCL,274.3333333333333,694.1,2.5301336573511546
cell_10/comb_iter_4/left/Relu,OpenCL,298.5,657.4,2.2023450586264657
cell_10/comb_iter_4/left/separable_3x3_1/separable_conv2d/depthwise,OpenCL,562.8,866.3,1.539267945984364
cell_10/comb_iter_4/left/separable_3x3_1/separable_conv2d,OpenCL,3626.9,4283.1,1.1809258595494776
cell_10/comb_iter_4/left/separable_3x3_2/separable_conv2d/depthwise,OpenCL,597.5,989.2,1.6555648535564855
cell_10/comb_iter_4/left/separable_3x3_2/separable_conv2d,OpenCL,3642.9,4163.2,1.1428257706772076
cell_10/comb_iter_4/combine/add,OpenCL,429.75,849.0,1.975567190226876
cell_10/comb_iter_2/combine/add___tr4cell_10/cell_output/concat,OpenCL,399.3333333333333,993.2,2.4871452420701172
cell_10/comb_iter_4/combine/add___tr4cell_10/cell_output/concat,OpenCL,1060.1,701.0,0.6612583718517122
cell_10/cell_output/concat,CPU,517.0,849.5,1.6431334622823985
cell_11/Relu_1,OpenCL,2555.2,2892.8,1.1321227301189731
cell_11/Relu_1___tr4cell_11/1x1/Conv2D,OpenCL,2599.9,3030.5,1.1656217546828724
cell_11/1x1/Conv2D,OpenCL,16249.299999999997,16727.1,1.029404343571723
cell_11/comb_iter_1/left/Relu,CPU,57.77777777777778,155.9,2.6982692307692306
cell_11/comb_iter_1/left/separable_7x7_1/separable_conv2d/depthwise,CPU,1789.9,5950.8,3.3246550086597018
cell_11/comb_iter_1/left/separable_7x7_1/separable_conv2d,CPU,12018.2,28571.9,2.3773859646203257
cell_11/comb_iter_1/left/separable_7x7_2/separable_conv2d/depthwise,CPU,1794.3,2932.0,1.6340634230619184
cell_11/comb_iter_1/left/separable_7x7_2/separable_conv2d,CPU,12004.0,16082.4,1.3397534155281572
cell_11/comb_iter_1/right/MaxPool2D/MaxPool,CPU,682.5,839.1,1.2294505494505494
cell_11/comb_iter_1/left/bn_sep_7x7_2/FusedBatchNormV3___tr4cell_11/comb_iter_1/combine/add,CPU,401.5,359.0,0.8941469489414695
cell_11/comb_iter_1/right/MaxPool2D/MaxPool___tr4cell_11/comb_iter_1/combine/add,CPU,235.4,287.9,1.2230246389124892
cell_11/comb_iter_1/combine/add,CPU,118.7,172.5,1.4532434709351305
cell_11/comb_iter_2/left/Relu,OpenCL,297.6666666666667,1220.3,4.0995520716685325
cell_11/comb_iter_2/left/separable_5x5_1/separable_conv2d/depthwise,OpenCL,1093.9,3433.8,3.1390437882804645
cell_11/comb_iter_2/left/separable_5x5_1/separable_conv2d,OpenCL,3689.1,4088.8,1.1083462091024912
cell_11/comb_iter_2/left/separable_5x5_2/separable_conv2d/depthwise,OpenCL,1143.0,1211.0,1.0594925634295713
cell_11/comb_iter_2/left/separable_5x5_2/separable_conv2d,OpenCL,3611.2,4034.2,1.117135578201152
cell_11/comb_iter_2/right/Relu,OpenCL,360.6666666666667,895.9,2.484011090573013
cell_11/comb_iter_2/right/separable_3x3_1/separable_conv2d/depthwise,OpenCL,1105.1,875.7,0.7924169758392907
cell_11/comb_iter_2/right/separable_3x3_1/separable_conv2d,OpenCL,3628.7,4038.7,1.1129881224681015
cell_11/comb_iter_2/right/separable_3x3_2/separable_conv2d/depthwise,OpenCL,1005.6666666666667,1133.3,1.1269141531322504
cell_11/comb_iter_2/right/separable_3x3_2/separable_conv2d,OpenCL,3602.2,4111.8,1.141469102215313
cell_11/comb_iter_2/combine/add,OpenCL,1028.0,845.7,0.8226653696498055
cell_11/comb_iter_3/left/Relu,CPU,65.1,100.6,1.54531490015361
cell_11/comb_iter_3/left/separable_3x3_1/separable_conv2d/depthwise,CPU,341.1,469.7,1.3770155379654059
cell_11/comb_iter_3/left/separable_3x3_1/separable_conv2d,CPU,12037.4,13519.3,1.1231079801285992
cell_11/comb_iter_3/left/separable_3x3_2/separable_conv2d/depthwise,CPU,347.4,406.4,1.169833045480714
cell_11/comb_iter_3/left/separable_3x3_2/separable_conv2d,CPU,12020.2,12445.3,1.03536546812865
cell_11/comb_iter_3/right/MaxPool2D/MaxPool,CPU,676.8,704.7,1.0412234042553192
cell_11/comb_iter_3/left/bn_sep_3x3_2/FusedBatchNormV3___tr4cell_11/comb_iter_3/combine/add,CPU,379.4,296.2,0.7807063784923564
cell_11/comb_iter_3/right/MaxPool2D/MaxPool___tr4cell_11/comb_iter_3/combine/add,CPU,234.7,266.4,1.1350660417554324
cell_11/comb_iter_3/combine/add,CPU,125.22222222222223,125.9,1.0054125998225376
cell_11/comb_iter_4/left/Relu,OpenCL,1238.1,2081.2,1.680962765527825
cell_11/comb_iter_4/left/separable_3x3_1/separable_conv2d/depthwise,OpenCL,1206.8,1447.0,1.1990387802452769
cell_11/comb_iter_4/left/separable_3x3_1/separable_conv2d,OpenCL,3609.5,4956.3,1.3731264718105
cell_11/comb_iter_4/left/separable_3x3_2/separable_conv2d/depthwise,OpenCL,1234.2,1994.0,1.6156214551936476
cell_11/comb_iter_4/left/separable_3x3_2/separable_conv2d,OpenCL,3659.3,4119.1,1.1256524471893532
cell_11/comb_iter_4/combine/add,OpenCL,1226.1,750.6,0.6121849767555665
cell_11/comb_iter_2/combine/add___tr4cell_11/cell_output/concat,OpenCL,1215.0,630.2,0.5186831275720165
cell_11/comb_iter_4/combine/add___tr4cell_11/cell_output/concat,OpenCL,1129.4,773.9,0.6852310961572515
cell_11/cell_output/concat,CPU,496.55555555555554,541.7,1.0909151935556054
final_layer/Relu,CPU,360.55555555555554,389.0,1.0788906009244992
final_layer/Mean/reduction_indices,CPU,1.0,0.2,0.2
final_layer/Mean,CPU,492.1,591.8,1.2026010973379393
final_layer/FC/weights,CPU,0.0,0.2,0
final_layer/FC/MatMul,CPU,14150.111111111111,14829.9,1.0480412403514696
final_layer/FC/biases,CPU,0.0,0.8,0
final_layer/FC/BiasAdd,CPU,17.1,22.4,1.309941520467836
final_layer/predictions,CPU,10.666666666666666,9.7,0.9093749999999999
