conv0/Conv2D,CPU,3818.777777777778,4239.3,1.1101195845092962
cell_stem_0/Relu,OpenCL,1019.3333333333334,3419.4,3.3545454545454545
cell_stem_0/1x1/Conv2D,OpenCL,1287.5,2340.8,1.8180970873786408
cell_stem_0/comb_iter_1/left/MaxPool2D/MaxPool,OpenCL,454.125,568.9,1.2527387833746215
cell_stem_0/comb_iter_1/right/Relu,OpenCL,1010.2222222222222,1981.2,1.9611526616805985
cell_stem_0/comb_iter_1/right/separable_7x7_1/separable_conv2d/depthwise,OpenCL,5921.333333333333,7833.5,1.322928394505742
cell_stem_0/comb_iter_1/right/separable_7x7_1/separable_conv2d,OpenCL,717.8888888888889,1338.6,1.864633957591704
cell_stem_0/comb_iter_1/right/separable_7x7_2/separable_conv2d/depthwise,OpenCL,861.75,1080.7,1.2540760081230056
cell_stem_0/comb_iter_1/right/separable_7x7_2/separable_conv2d,OpenCL,571.25,742.6,1.2999562363238513
cell_stem_0/comb_iter_1/left/MaxPool2D/MaxPool___tr4cell_stem_0/comb_iter_1/combine/add,OpenCL,445.55555555555554,417.2,0.936359102244389
cell_stem_0/comb_iter_1/right/bn_sep_7x7_2/FusedBatchNormV3___tr4cell_stem_0/comb_iter_1/combine/add,OpenCL,405.8888888888889,409.1,1.0079113057760745
cell_stem_0/comb_iter_1/combine/add,OpenCL,403.0,467.7,1.160545905707196
cell_stem_0/comb_iter_2/left/AvgPool2D/AvgPool,OpenCL,478.25,906.8,1.8960794563512806
cell_stem_0/comb_iter_2/right/Relu,OpenCL,1038.25,1422.8,1.3703828557669155
cell_stem_0/comb_iter_2/right/separable_5x5_1/separable_conv2d/depthwise,OpenCL,3171.3333333333335,4147.8,1.3079041412655035
cell_stem_0/comb_iter_2/right/separable_5x5_1/separable_conv2d,OpenCL,672.3333333333334,1113.2,1.6557263262270698
cell_stem_0/comb_iter_2/right/separable_5x5_2/separable_conv2d/depthwise,OpenCL,672.0,1353.1,2.0135416666666663
cell_stem_0/comb_iter_2/right/separable_5x5_2/separable_conv2d,OpenCL,548.5555555555555,731.5,1.3335021267976503
cell_stem_0/comb_iter_2/left/AvgPool2D/AvgPool___tr4cell_stem_0/comb_iter_2/combine/add,OpenCL,477.875,444.8,0.9307873397855088
cell_stem_0/comb_iter_2/right/bn_sep_5x5_2/FusedBatchNormV3___tr4cell_stem_0/comb_iter_2/combine/add,OpenCL,420.14285714285717,411.6,0.9796667800068004
cell_stem_0/comb_iter_2/combine/add,OpenCL,422.8888888888889,442.6,1.0466106148187073
cell_stem_0/comb_iter_0/left/Relu,CPU,525.8,629.7,1.197603651578547
cell_stem_0/comb_iter_0/left/separable_5x5_1/separable_conv2d/depthwise,CPU,957.4,971.8,1.015040735324838
cell_stem_0/comb_iter_0/left/separable_5x5_1/separable_conv2d,CPU,495.6,577.9,1.1660613397901531
cell_stem_0/comb_iter_0/left/separable_5x5_2/separable_conv2d/depthwise,CPU,718.4,813.2,1.1319599109131404
cell_stem_0/comb_iter_0/left/separable_5x5_2/separable_conv2d,CPU,480.4,585.5,1.2187760199833473
cell_stem_0/comb_iter_0/right/Relu,CPU,1105.1,1472.5,1.3324586010315809
cell_stem_0/comb_iter_0/right/separable_7x7_1/separable_conv2d/depthwise,CPU,3349.7,3590.6,1.0719168880795296
cell_stem_0/comb_iter_0/right/separable_7x7_1/separable_conv2d,CPU,1240.6,1309.7,1.0556988553925521
cell_stem_0/comb_iter_0/right/separable_7x7_2/separable_conv2d/depthwise,CPU,1333.7,1447.2,1.0851015970608082
cell_stem_0/comb_iter_0/right/separable_7x7_2/separable_conv2d,CPU,490.2,515.4,1.05140758873929
cell_stem_0/comb_iter_0/combine/add,CPU,87.3,97.8,1.120274914089347
cell_stem_0/comb_iter_3/right/AvgPool2D/AvgPool,CPU,641.4,681.5,1.0625194886186466
cell_stem_0/comb_iter_3/right/AvgPool2D/AvgPool___tr4cell_stem_0/comb_iter_3/combine/add,CPU,156.77777777777777,254.8,1.6252303330970943
cell_stem_0/comb_iter_3/combine/add,CPU,93.7,121.1,1.2924226254002134
cell_stem_0/comb_iter_4/left/Relu,CPU,81.88888888888889,79.6,0.9720488466757123
cell_stem_0/comb_iter_4/left/separable_3x3_1/separable_conv2d/depthwise,CPU,214.7,231.6,1.0787144853283652
cell_stem_0/comb_iter_4/left/separable_3x3_1/separable_conv2d,CPU,483.2,525.2,1.0869205298013247
cell_stem_0/comb_iter_4/left/separable_3x3_2/separable_conv2d/depthwise,CPU,210.2,220.3,1.048049476688868
cell_stem_0/comb_iter_4/left/separable_3x3_2/separable_conv2d,CPU,475.5,526.6,1.107465825446898
cell_stem_0/comb_iter_4/right/MaxPool2D/MaxPool,CPU,934.1,1027.5,1.0999892945080827
cell_stem_0/comb_iter_4/left/bn_sep_3x3_2/FusedBatchNormV3___tr4cell_stem_0/comb_iter_4/combine/add,CPU,241.0,233.9,0.9705394190871369
cell_stem_0/comb_iter_4/right/MaxPool2D/MaxPool___tr4cell_stem_0/comb_iter_4/combine/add,CPU,153.8,263.7,1.714564369310793
cell_stem_0/comb_iter_4/combine/add,CPU,110.3,117.3,1.0634632819582956
cell_stem_0/cell_output/concat,CPU,1639.7,1773.2,1.0814173324388607
cell_stem_1/Relu_1,OpenCL,1120.142857142857,1099.7,0.981749776814182
cell_stem_1/Relu_1___tr4cell_stem_1/1x1/Conv2D,OpenCL,929.375,1167.9,1.2566509751176866
cell_stem_1/1x1/Conv2D,OpenCL,1705.7777777777778,2020.5,1.1845036477331943
cell_stem_1/comb_iter_1/left/MaxPool2D/MaxPool,CPU,345.7,507.1,1.4668787966444896
cell_stem_1/Relu,CPU,1103.8,3615.1,3.2751404239898534
cell_stem_1/AvgPool2D,CPU,911.2,1415.7,1.5536654960491658
cell_stem_1/path1_conv/Conv2D,CPU,1289.4,2626.3,2.036838839770436
cell_stem_1/Pad/paddings,CPU,0.0,0.0,0
cell_stem_1/Pad_Gather_Index,CPU,0.0,0.1,0
cell_stem_1/Pad_Gather,CPU,0.0,0.1,0
cell_stem_1/Pad,CPU,2400.6666666666665,4352.4,1.8129963898916968
cell_stem_1/strided_slice/stack,CPU,0.0,0.1,0
cell_stem_1/strided_slice/stack_1,CPU,0.0,0.1,0
cell_stem_1/strided_slice/stack_2,CPU,0.0,0.1,0
cell_stem_1/Pad___tr4cell_stem_1/strided_slice,CPU,1621.7777777777778,2780.6,1.7145382296519593
cell_stem_1/strided_slice,CPU,2613.8,2924.7,1.1189455964496133
cell_stem_1/strided_slice___tr4cell_stem_1/AvgPool2D_1,CPU,2484.3,3680.8,1.4816246025037234
cell_stem_1/AvgPool2D_1,CPU,842.9,1190.7,1.41262308696168
cell_stem_1/path2_conv/Conv2D,CPU,1300.2,1492.2,1.1476695892939548
cell_stem_1/concat,CPU,585.2,852.8,1.4572795625427202
cell_stem_1/final_path_bn/FusedBatchNormV3,CPU,181.1,222.9,1.2308117062396466
cell_stem_1/comb_iter_1/right/Relu,CPU,182.7,248.9,1.3623426382047072
cell_stem_1/comb_iter_1/right/separable_7x7_1/separable_conv2d/depthwise,CPU,773.4,873.0,1.1287820015515904
cell_stem_1/comb_iter_1/right/separable_7x7_1/separable_conv2d,CPU,466.5,544.9,1.1680600214362271
cell_stem_1/comb_iter_1/right/separable_7x7_2/separable_conv2d/depthwise,CPU,674.1,805.1,1.1943331849873906
cell_stem_1/comb_iter_1/right/separable_7x7_2/separable_conv2d,CPU,423.4,470.6,1.1114785073216817
cell_stem_1/comb_iter_1/left/MaxPool2D/MaxPool___tr4cell_stem_1/comb_iter_1/combine/add,CPU,92.44444444444444,89.7,0.9703125
cell_stem_1/comb_iter_1/right/bn_sep_7x7_2/FusedBatchNormV3___tr4cell_stem_1/comb_iter_1/combine/add,CPU,49.4,60.4,1.222672064777328
cell_stem_1/comb_iter_1/combine/add,CPU,40.9,46.5,1.136919315403423
cell_stem_1/comb_iter_2/left/AvgPool2D/AvgPool,CPU,435.3,858.4,1.9719733517114633
cell_stem_1/comb_iter_2/right/Relu,CPU,254.5,366.5,1.4400785854616895
cell_stem_1/comb_iter_2/right/separable_5x5_1/separable_conv2d/depthwise,CPU,492.1,496.6,1.0091444828286933
cell_stem_1/comb_iter_2/right/separable_5x5_1/separable_conv2d,CPU,422.9,515.3,1.2184913691179948
cell_stem_1/comb_iter_2/right/separable_5x5_2/separable_conv2d/depthwise,CPU,367.7,445.4,1.2113135708457983
cell_stem_1/comb_iter_2/right/separable_5x5_2/separable_conv2d,CPU,421.6,469.0,1.1124288425047437
cell_stem_1/comb_iter_2/left/AvgPool2D/AvgPool___tr4cell_stem_1/comb_iter_2/combine/add,CPU,66.2,105.2,1.5891238670694863
cell_stem_1/comb_iter_2/right/bn_sep_5x5_2/FusedBatchNormV3___tr4cell_stem_1/comb_iter_2/combine/add,CPU,50.7,80.3,1.583826429980276
cell_stem_1/comb_iter_2/combine/add,CPU,38.8,57.8,1.4896907216494846
cell_stem_1/comb_iter_0/left/Relu,CPU,238.9,221.5,0.9271661783172875
cell_stem_1/comb_iter_0/left/separable_5x5_1/separable_conv2d/depthwise,CPU,498.0,536.3,1.0769076305220882
cell_stem_1/comb_iter_0/left/separable_5x5_1/separable_conv2d,CPU,471.9,552.2,1.1701631701631703
cell_stem_1/comb_iter_0/left/separable_5x5_2/separable_conv2d/depthwise,CPU,375.4,423.9,1.1291955247735748
cell_stem_1/comb_iter_0/left/separable_5x5_2/separable_conv2d,CPU,422.8,470.8,1.1135288552507097
cell_stem_1/comb_iter_0/right/Relu,CPU,243.6,252.7,1.0373563218390804
cell_stem_1/comb_iter_0/right/separable_7x7_1/separable_conv2d/depthwise,CPU,828.7,899.9,1.0859177024254856
cell_stem_1/comb_iter_0/right/separable_7x7_1/separable_conv2d,CPU,420.0,478.1,1.1383333333333334
cell_stem_1/comb_iter_0/right/separable_7x7_2/separable_conv2d/depthwise,CPU,671.4,734.8,1.0944295501936252
cell_stem_1/comb_iter_0/right/separable_7x7_2/separable_conv2d,CPU,426.9,454.5,1.0646521433591005
cell_stem_1/comb_iter_0/combine/add,CPU,38.2,40.6,1.0628272251308901
cell_stem_1/comb_iter_3/right/AvgPool2D/AvgPool,CPU,297.6,338.2,1.1364247311827955
cell_stem_1/comb_iter_3/right/AvgPool2D/AvgPool___tr4cell_stem_1/comb_iter_3/combine/add,CPU,49.0,59.3,1.210204081632653
cell_stem_1/comb_iter_3/combine/add,CPU,41.0,83.4,2.0341463414634147
cell_stem_1/comb_iter_4/left/Relu,CPU,36.0,46.4,1.2888888888888888
cell_stem_1/comb_iter_4/left/separable_3x3_1/separable_conv2d/depthwise,CPU,107.3,123.5,1.1509785647716682
cell_stem_1/comb_iter_4/left/separable_3x3_1/separable_conv2d,CPU,420.3,448.9,1.0680466333571257
cell_stem_1/comb_iter_4/left/separable_3x3_2/separable_conv2d/depthwise,CPU,103.8,108.5,1.0452793834296725
cell_stem_1/comb_iter_4/left/separable_3x3_2/separable_conv2d,CPU,415.5,427.9,1.0298435619735258
cell_stem_1/comb_iter_4/right/MaxPool2D/MaxPool,CPU,482.1,469.3,0.9734494918066791
cell_stem_1/comb_iter_4/left/bn_sep_3x3_2/FusedBatchNormV3___tr4cell_stem_1/comb_iter_4/combine/add,CPU,49.6,51.2,1.032258064516129
cell_stem_1/comb_iter_4/right/MaxPool2D/MaxPool___tr4cell_stem_1/comb_iter_4/combine/add,CPU,50.6,52.7,1.041501976284585
cell_stem_1/comb_iter_4/combine/add,CPU,42.7,45.1,1.0562060889929743
cell_stem_1/cell_output/concat,CPU,684.5,704.0,1.0284879474068662
cell_1/Relu,CPU,224.8,684.7,3.045818505338078
cell_1/Relu___tr4cell_1/prev_1x1/Conv2D,CPU,368.2,437.8,1.1890277023356872
cell_1/prev_1x1/Conv2D,CPU,3387.7,3943.9,1.1641821885054757
cell_0/Relu,CPU,521.4,1255.6,2.40813195243575
cell_0/Relu___tr4cell_0/AvgPool2D,CPU,1032.9,1321.5,1.2794074934650013
cell_0/AvgPool2D,CPU,408.8,480.4,1.175146771037182
cell_0/path1_conv/Conv2D,CPU,923.5,968.8,1.0490525175961016
cell_0/Pad/paddings,CPU,0.0,0.0,0
cell_0/Pad,CPU,1495.3,2129.5,1.4241289373369892
cell_0/strided_slice/stack,CPU,0.0,0.3,0
cell_0/strided_slice/stack_1,CPU,0.0,0.0,0
cell_0/strided_slice/stack_2,CPU,0.0,0.0,0
cell_0/strided_slice,CPU,1126.3,1292.4,1.1474740300097666
cell_0/strided_slice___tr4cell_0/AvgPool2D_1,CPU,818.2,1207.7,1.4760449767782937
cell_0/AvgPool2D_1,CPU,323.7,391.0,1.2079085573061477
cell_0/path2_conv/Conv2D,CPU,903.6,961.5,1.0640770252324037
cell_0/concat,CPU,81.4,104.1,1.2788697788697787
cell_0/final_path_bn/FusedBatchNormV3,CPU,69.44444444444444,91.2,1.31328
cell_0/Relu_1,OpenCL,583.5555555555555,683.9,1.171953541507997
cell_0/Relu_1___tr4cell_0/1x1/Conv2D,OpenCL,555.8888888888889,574.0,1.0325804517289625
cell_0/1x1/Conv2D,OpenCL,1502.3333333333333,1679.7,1.1180607943199468
cell_0/comb_iter_0/left/Relu,CPU,78.0,149.9,1.9217948717948719
cell_0/comb_iter_0/left/separable_5x5_1/separable_conv2d/depthwise,CPU,775.6,913.6,1.1779267663744197
cell_0/comb_iter_0/left/separable_5x5_1/separable_conv2d,CPU,1741.7,1943.9,1.1160934718952749
cell_0/comb_iter_0/left/separable_5x5_2/separable_conv2d/depthwise,CPU,710.4,879.1,1.2374718468468469
cell_0/comb_iter_0/left/separable_5x5_2/separable_conv2d,CPU,1644.8,2024.0,1.2305447470817121
cell_0/comb_iter_0/right/Relu,CPU,94.4,151.1,1.6006355932203389
cell_0/comb_iter_0/right/separable_3x3_1/separable_conv2d/depthwise,CPU,230.88888888888889,391.7,1.6964870067372473
cell_0/comb_iter_0/right/separable_3x3_1/separable_conv2d,CPU,1740.7,2292.5,1.3169989084850922
cell_0/comb_iter_0/right/separable_3x3_2/separable_conv2d/depthwise,CPU,211.1,254.1,1.2036949313121743
cell_0/comb_iter_0/right/separable_3x3_2/separable_conv2d,CPU,1648.7,1755.7,1.0648996178807546
cell_0/comb_iter_0/combine/add,CPU,83.88888888888889,92.5,1.1026490066225165
cell_0/comb_iter_1/left/Relu,OpenCL,439.375,1375.1,3.129672830725462
cell_0/comb_iter_1/left/separable_5x5_1/separable_conv2d/depthwise,OpenCL,592.6666666666666,678.6,1.1449943757030372
cell_0/comb_iter_1/left/separable_5x5_1/separable_conv2d,OpenCL,889.0,995.8,1.120134983127109
cell_0/comb_iter_1/left/separable_5x5_2/separable_conv2d/depthwise,OpenCL,579.0,627.1,1.0830742659758203
cell_0/comb_iter_1/left/separable_5x5_2/separable_conv2d,OpenCL,972.5714285714286,986.5,1.0143213866039953
cell_0/comb_iter_1/right/Relu,OpenCL,440.0,562.1,1.2775
cell_0/comb_iter_1/right/separable_3x3_1/separable_conv2d/depthwise,OpenCL,481.22222222222223,516.3,1.0728930962826135
cell_0/comb_iter_1/right/separable_3x3_1/separable_conv2d,OpenCL,873.0,1060.8,1.2151202749140892
cell_0/comb_iter_1/right/separable_3x3_2/separable_conv2d/depthwise,OpenCL,475.3333333333333,502.8,1.0577840112201964
cell_0/comb_iter_1/right/separable_3x3_2/separable_conv2d,OpenCL,904.4444444444445,977.3,1.0805528255528254
cell_0/comb_iter_1/combine/add,OpenCL,391.44444444444446,384.8,0.9830258302583026
cell_0/comb_iter_2/left/AvgPool2D/AvgPool,CPU,618.9,723.6,1.1691711100339313
cell_0/comb_iter_2/left/AvgPool2D/AvgPool___tr4cell_0/comb_iter_2/combine/add,CPU,101.22222222222223,139.2,1.3751920965971458
cell_0/final_path_bn/FusedBatchNormV3___tr4cell_0/comb_iter_2/combine/add,CPU,225.6,458.2,2.0310283687943262
cell_0/comb_iter_2/combine/add,CPU,98.9,122.2,1.235591506572295
cell_0/comb_iter_3/left/AvgPool2D/AvgPool,CPU,578.7,683.1,1.1804043545878693
cell_0/comb_iter_3/right/AvgPool2D/AvgPool,CPU,562.4,646.6,1.149715504978663
cell_0/comb_iter_3/left/AvgPool2D/AvgPool___tr4cell_0/comb_iter_3/combine/add,CPU,104.8,269.9,2.575381679389313
cell_0/comb_iter_3/right/AvgPool2D/AvgPool___tr4cell_0/comb_iter_3/combine/add,CPU,138.3,197.4,1.4273318872017353
cell_0/comb_iter_3/combine/add,CPU,92.0,116.2,1.2630434782608695
cell_0/comb_iter_4/left/Relu,CPU,90.8,167.5,1.8447136563876652
cell_0/comb_iter_4/left/separable_3x3_1/separable_conv2d/depthwise,CPU,222.7,596.4,2.6780422092501124
cell_0/comb_iter_4/left/separable_3x3_1/separable_conv2d,CPU,1717.9,2148.2,1.2504802374992723
cell_0/comb_iter_4/left/separable_3x3_2/separable_conv2d/depthwise,CPU,210.8,292.9,1.389468690702087
cell_0/comb_iter_4/left/separable_3x3_2/separable_conv2d,CPU,1625.1,2000.4,1.230939634484032
cell_0/comb_iter_4/combine/add,CPU,88.8,54.3,0.6114864864864865
cell_0/comb_iter_2/combine/add___tr4cell_0/cell_output/concat,CPU,159.55555555555554,182.0,1.1406685236768803
cell_0/comb_iter_3/combine/add___tr4cell_0/cell_output/concat,CPU,244.2,264.5,1.0831285831285833
cell_0/cell_output/concat,CPU,691.9,756.3,1.0930770342535048
cell_1/Relu_1,CPU,776.6,1744.9,2.2468452227659026
cell_1/1x1/Conv2D,CPU,11062.8,13835.6,1.2506417905051164
cell_1/comb_iter_0/left/Relu,OpenCL,520.8571428571429,1385.9,2.6608063631376853
cell_1/comb_iter_0/left/separable_5x5_1/separable_conv2d/depthwise,OpenCL,615.0,557.0,0.9056910569105691
cell_1/comb_iter_0/left/separable_5x5_1/separable_conv2d,OpenCL,935.7777777777778,1000.0,1.0686297791498456
cell_1/comb_iter_0/left/separable_5x5_2/separable_conv2d/depthwise,OpenCL,587.25,863.1,1.4697318007662836
cell_1/comb_iter_0/left/separable_5x5_2/separable_conv2d,OpenCL,910.4444444444445,1471.4,1.6161337564071272
cell_1/comb_iter_0/right/Relu,OpenCL,458.6666666666667,532.2,1.1603197674418606
cell_1/comb_iter_0/right/separable_3x3_1/separable_conv2d/depthwise,OpenCL,483.44444444444446,543.3,1.1238106182486785
cell_1/comb_iter_0/right/separable_3x3_1/separable_conv2d,OpenCL,874.1111111111111,886.4,1.0140587263251557
cell_1/comb_iter_0/right/separable_3x3_2/separable_conv2d/depthwise,OpenCL,514.2222222222222,516.3,1.0040406222990492
cell_1/comb_iter_0/right/separable_3x3_2/separable_conv2d,OpenCL,915.4444444444445,996.2,1.0882145891491686
cell_1/comb_iter_0/combine/add,OpenCL,402.8888888888889,649.6,1.6123552123552123
cell_1/comb_iter_1/left/Relu,OpenCL,459.625,442.8,0.9633940712537394
cell_1/comb_iter_1/left/separable_5x5_1/separable_conv2d/depthwise,OpenCL,573.125,522.8,0.9121919302071974
cell_1/comb_iter_1/left/separable_5x5_1/separable_conv2d,OpenCL,888.5,920.6,1.0361283061339337
cell_1/comb_iter_1/left/separable_5x5_2/separable_conv2d/depthwise,OpenCL,631.7777777777778,561.2,0.888287020752726
cell_1/comb_iter_1/left/separable_5x5_2/separable_conv2d,OpenCL,993.2222222222222,952.7,0.9592012529365702
cell_1/comb_iter_1/right/Relu,OpenCL,464.22222222222223,434.0,0.9348970799425562
cell_1/comb_iter_1/right/separable_3x3_1/separable_conv2d/depthwise,OpenCL,509.0,454.5,0.8929273084479371
cell_1/comb_iter_1/right/separable_3x3_1/separable_conv2d,OpenCL,890.5555555555555,916.9,1.029582033686837
cell_1/comb_iter_1/right/separable_3x3_2/separable_conv2d/depthwise,OpenCL,513.4444444444445,417.1,0.8123566327634711
cell_1/comb_iter_1/right/separable_3x3_2/separable_conv2d,OpenCL,955.5555555555555,935.8,0.9793255813953488
cell_1/comb_iter_1/combine/add,OpenCL,416.0,311.1,0.7478365384615385
cell_1/comb_iter_2/left/AvgPool2D/AvgPool,CPU,630.4,664.5,1.0540926395939088
cell_1/comb_iter_2/left/AvgPool2D/AvgPool___tr4cell_1/comb_iter_2/combine/add,CPU,156.2,125.0,0.8002560819462229
cell_1/prev_bn/FusedBatchNormV3___tr4cell_1/comb_iter_2/combine/add,CPU,232.1,129.9,0.5596725549332184
cell_1/comb_iter_2/combine/add,CPU,97.0,99.7,1.0278350515463919
cell_1/comb_iter_3/left/AvgPool2D/AvgPool,OpenCL,521.5555555555555,1351.3,2.5909032807839796
cell_1/comb_iter_3/right/AvgPool2D/AvgPool,OpenCL,522.8888888888889,897.1,1.715660858478538
cell_1/comb_iter_3/left/AvgPool2D/AvgPool___tr4cell_1/comb_iter_3/combine/add,OpenCL,492.1111111111111,478.5,0.9723413863174531
cell_1/comb_iter_3/right/AvgPool2D/AvgPool___tr4cell_1/comb_iter_3/combine/add,OpenCL,499.0,426.2,0.8541082164328657
cell_1/comb_iter_3/combine/add,OpenCL,411.375,333.8,0.8114250987541781
cell_1/comb_iter_4/left/Relu,CPU,93.9,101.0,1.075612353567625
cell_1/comb_iter_4/left/separable_3x3_1/separable_conv2d/depthwise,CPU,228.0,374.7,1.643421052631579
cell_1/comb_iter_4/left/separable_3x3_1/separable_conv2d,CPU,1688.1,2495.6,1.4783484390735147
cell_1/comb_iter_4/left/separable_3x3_2/separable_conv2d/depthwise,CPU,207.5,298.1,1.4366265060240966
cell_1/comb_iter_4/left/separable_3x3_2/separable_conv2d,CPU,1644.6,1860.6,1.1313389273987595
cell_1/comb_iter_4/combine/add,CPU,90.77777777777777,102.7,1.1313341493268054
cell_1/comb_iter_2/combine/add___tr4cell_1/cell_output/concat,CPU,157.6,177.1,1.123730964467005
cell_1/comb_iter_3/combine/add___tr4cell_1/cell_output/concat,OpenCL,480.22222222222223,392.5,0.8173299398426654
cell_1/cell_output/concat,CPU,667.3,704.1,1.055147609770718
cell_3/Relu,OpenCL,1056.625,2071.6,1.9605820418786228
cell_3/prev_1x1/Conv2D,OpenCL,3824.777777777778,4465.3,1.1674665194782559
cell_2/Relu,OpenCL,1278.2222222222222,2120.3,1.6587882475660642
cell_2/prev_1x1/Conv2D,OpenCL,3846.3333333333335,4602.2,1.1965161625790794
cell_2/Relu_1,CPU,781.5,1833.4,2.346001279590531
cell_2/1x1/Conv2D,CPU,11076.0,13643.0,1.2317623690863126
cell_2/comb_iter_0/left/Relu,OpenCL,482.375,1341.8,2.7816532780513086
cell_2/comb_iter_0/left/separable_5x5_1/separable_conv2d/depthwise,OpenCL,629.0,535.3,0.8510333863275039
cell_2/comb_iter_0/left/separable_5x5_1/separable_conv2d,OpenCL,919.4444444444445,922.2,1.0029969788519637
cell_2/comb_iter_0/left/separable_5x5_2/separable_conv2d/depthwise,OpenCL,642.5555555555555,550.6,0.856890887082829
cell_2/comb_iter_0/left/separable_5x5_2/separable_conv2d,OpenCL,935.3333333333334,1652.5,1.7667498218104063
cell_2/comb_iter_0/right/Relu,OpenCL,511.3333333333333,407.3,0.7965449804432856
cell_2/comb_iter_0/right/separable_3x3_1/separable_conv2d/depthwise,OpenCL,506.12500000000006,435.9,0.8612496912817978
cell_2/comb_iter_0/right/separable_3x3_1/separable_conv2d,OpenCL,930.1111111111111,949.9,1.0212758332337832
cell_2/comb_iter_0/right/separable_3x3_2/separable_conv2d/depthwise,OpenCL,557.8888888888889,458.9,0.8225652260505875
cell_2/comb_iter_0/right/separable_3x3_2/separable_conv2d,OpenCL,924.6666666666666,1010.7,1.093042537851478
cell_2/comb_iter_0/combine/add,OpenCL,420.125,1282.6,3.05290092234454
cell_2/comb_iter_1/left/Relu,CPU,99.9,85.1,0.8518518518518517
cell_2/comb_iter_1/left/separable_5x5_1/separable_conv2d/depthwise,CPU,727.6,881.3,1.2112424409015943
cell_2/comb_iter_1/left/separable_5x5_1/separable_conv2d,CPU,1707.7,1740.5,1.0192071206886455
cell_2/comb_iter_1/left/separable_5x5_2/separable_conv2d/depthwise,CPU,707.8,743.4,1.0502966939813507
cell_2/comb_iter_1/left/separable_5x5_2/separable_conv2d,CPU,1631.1,1734.6,1.063454110722825
cell_2/comb_iter_1/right/Relu,CPU,97.9,97.5,0.9959141981613892
cell_2/comb_iter_1/right/separable_3x3_1/separable_conv2d/depthwise,CPU,221.8,264.3,1.191614066726781
cell_2/comb_iter_1/right/separable_3x3_1/separable_conv2d,CPU,1663.6,1735.3,1.0430993027169992
cell_2/comb_iter_1/right/separable_3x3_2/separable_conv2d/depthwise,CPU,207.7,209.8,1.0101107366393838
cell_2/comb_iter_1/right/separable_3x3_2/separable_conv2d,CPU,1611.6,1656.5,1.027860511293125
cell_2/comb_iter_1/combine/add,CPU,76.75,82.0,1.0684039087947883
cell_2/comb_iter_2/left/AvgPool2D/AvgPool,CPU,627.0,667.0,1.0637958532695375
cell_2/comb_iter_2/left/AvgPool2D/AvgPool___tr4cell_2/comb_iter_2/combine/add,CPU,107.6,215.3,2.00092936802974
cell_2/prev_bn/FusedBatchNormV3___tr4cell_2/comb_iter_2/combine/add,OpenCL,480.375,477.9,0.9948477751756439
cell_2/comb_iter_2/combine/add,CPU,103.2,139.5,1.3517441860465116
cell_2/comb_iter_3/left/AvgPool2D/AvgPool,CPU,585.9,714.4,1.2193207031916709
cell_2/comb_iter_3/right/AvgPool2D/AvgPool,CPU,565.1,644.9,1.1412139444346132
cell_2/comb_iter_3/left/AvgPool2D/AvgPool___tr4cell_2/comb_iter_3/combine/add,CPU,107.7,158.4,1.4707520891364902
cell_2/comb_iter_3/right/AvgPool2D/AvgPool___tr4cell_2/comb_iter_3/combine/add,CPU,144.8,138.0,0.9530386740331491
cell_2/comb_iter_3/combine/add,CPU,91.6,86.7,0.9465065502183407
cell_2/comb_iter_4/left/Relu,CPU,93.6,149.6,1.5982905982905984
cell_2/comb_iter_4/left/separable_3x3_1/separable_conv2d/depthwise,CPU,223.6,362.3,1.620304114490161
cell_2/comb_iter_4/left/separable_3x3_1/separable_conv2d,CPU,1712.1,2486.8,1.4524852520296714
cell_2/comb_iter_4/left/separable_3x3_2/separable_conv2d/depthwise,CPU,214.3,246.7,1.1511899206719551
cell_2/comb_iter_4/left/separable_3x3_2/separable_conv2d,CPU,1636.8,1895.5,1.1580522971652005
cell_2/comb_iter_4/combine/add,CPU,93.0,92.8,0.9978494623655914
cell_2/comb_iter_2/combine/add___tr4cell_2/cell_output/concat,CPU,159.2,181.7,1.1413316582914572
cell_2/comb_iter_3/combine/add___tr4cell_2/cell_output/concat,CPU,216.5,258.3,1.1930715935334872
cell_2/cell_output/concat,CPU,666.1,670.6,1.0067557423810238
cell_3/Relu_1,CPU,783.0,1943.0,2.4814814814814814
cell_3/1x1/Conv2D,CPU,11189.6,13619.1,1.2171212554514907
cell_3/comb_iter_0/left/Relu,OpenCL,474.25,1123.9,2.369847127042699
cell_3/comb_iter_0/left/separable_5x5_1/separable_conv2d/depthwise,OpenCL,637.375,578.1,0.9070013728181997
cell_3/comb_iter_0/left/separable_5x5_1/separable_conv2d,OpenCL,959.75,936.9,0.9761917165928627
cell_3/comb_iter_0/left/separable_5x5_2/separable_conv2d/depthwise,OpenCL,617.25,993.9,1.610206561360875
cell_3/comb_iter_0/left/separable_5x5_2/separable_conv2d,OpenCL,1004.5555555555557,1501.0,1.494193120230063
cell_3/comb_iter_0/right/Relu,OpenCL,506.12500000000006,443.9,0.8770560632254877
cell_3/comb_iter_0/right/separable_3x3_1/separable_conv2d/depthwise,OpenCL,536.25,448.6,0.8365501165501166
cell_3/comb_iter_0/right/separable_3x3_1/separable_conv2d,OpenCL,930.7777777777778,921.0,0.9894950459591739
cell_3/comb_iter_0/right/separable_3x3_2/separable_conv2d/depthwise,OpenCL,518.7142857142857,454.3,0.8758193335169376
cell_3/comb_iter_0/right/separable_3x3_2/separable_conv2d,OpenCL,972.1111111111111,946.9,0.9740656074979998
cell_3/comb_iter_0/combine/add,OpenCL,396.0,764.0,1.9292929292929293
cell_3/comb_iter_1/left/Relu,CPU,97.4,80.0,0.8213552361396304
cell_3/comb_iter_1/left/separable_5x5_1/separable_conv2d/depthwise,CPU,721.1,790.7,1.0965192067674387
cell_3/comb_iter_1/left/separable_5x5_1/separable_conv2d,CPU,1661.4,1697.7,1.0218490429758036
cell_3/comb_iter_1/left/separable_5x5_2/separable_conv2d/depthwise,CPU,704.5,729.9,1.0360539389638042
cell_3/comb_iter_1/left/separable_5x5_2/separable_conv2d,CPU,1642.0,1702.1,1.0366017052375152
cell_3/comb_iter_1/right/Relu,CPU,93.4,96.4,1.032119914346895
cell_3/comb_iter_1/right/separable_3x3_1/separable_conv2d/depthwise,CPU,233.1,265.7,1.1398541398541397
cell_3/comb_iter_1/right/separable_3x3_1/separable_conv2d,CPU,1733.1,1719.1,0.9919219894985863
cell_3/comb_iter_1/right/separable_3x3_2/separable_conv2d/depthwise,CPU,212.5,207.9,0.9783529411764706
cell_3/comb_iter_1/right/separable_3x3_2/separable_conv2d,CPU,1665.0,1652.7,0.9926126126126127
cell_3/comb_iter_1/combine/add,CPU,85.375,86.4,1.0120058565153733
cell_3/comb_iter_2/left/AvgPool2D/AvgPool,CPU,629.5,668.8,1.0624305003971406
cell_3/comb_iter_2/left/AvgPool2D/AvgPool___tr4cell_3/comb_iter_2/combine/add,CPU,154.77777777777777,198.9,1.2850681981335248
cell_3/prev_bn/FusedBatchNormV3___tr4cell_3/comb_iter_2/combine/add,OpenCL,505.1111111111111,467.1,0.9247470303563573
cell_3/comb_iter_2/combine/add,CPU,97.7,139.5,1.427840327533265
cell_3/comb_iter_3/left/AvgPool2D/AvgPool,CPU,580.6,651.7,1.1224595246296936
cell_3/comb_iter_3/right/AvgPool2D/AvgPool,CPU,571.8,619.6,1.0835956628191676
cell_3/comb_iter_3/left/AvgPool2D/AvgPool___tr4cell_3/comb_iter_3/combine/add,CPU,143.55555555555554,152.6,1.0630030959752323
cell_3/comb_iter_3/right/AvgPool2D/AvgPool___tr4cell_3/comb_iter_3/combine/add,CPU,152.9,125.7,0.8221059516023544
cell_3/comb_iter_3/combine/add,CPU,91.33333333333333,91.6,1.0029197080291972
cell_3/comb_iter_4/left/Relu,CPU,94.9,141.5,1.4910432033719705
cell_3/comb_iter_4/left/separable_3x3_1/separable_conv2d/depthwise,CPU,229.0,426.4,1.862008733624454
cell_3/comb_iter_4/left/separable_3x3_1/separable_conv2d,CPU,1708.9,2458.1,1.4384106735326818
cell_3/comb_iter_4/left/separable_3x3_2/separable_conv2d/depthwise,CPU,209.0,259.1,1.239712918660287
cell_3/comb_iter_4/left/separable_3x3_2/separable_conv2d,CPU,1631.2,1863.9,1.1426557135850908
cell_3/comb_iter_4/combine/add,CPU,91.6,91.6,1.0
cell_3/comb_iter_2/combine/add___tr4cell_3/cell_output/concat,CPU,156.4,206.9,1.3228900255754477
cell_3/comb_iter_3/combine/add___tr4cell_3/cell_output/concat,CPU,266.4,223.2,0.8378378378378378
cell_3/cell_output/concat,CPU,680.3,655.8,0.9639864765544612
cell_5/Relu,OpenCL,1044.857142857143,2017.5,1.9308859721082854
cell_5/prev_1x1/Conv2D,OpenCL,3781.6666666666665,4499.1,1.189713530189511
cell_4/Relu,OpenCL,1153.625,2151.9,1.8653375230252467
cell_4/prev_1x1/Conv2D,OpenCL,3859.125,4560.8,1.1818223042788196
cell_4/Relu_1,CPU,789.0,1847.2,2.3411913814955643
cell_4/1x1/Conv2D,CPU,11060.6,13369.2,1.2087228540947146
cell_4/comb_iter_0/left/Relu,OpenCL,498.875,1350.6,2.707291405662741
cell_4/comb_iter_0/left/separable_5x5_1/separable_conv2d/depthwise,OpenCL,617.375,607.2,0.9835189309576838
cell_4/comb_iter_0/left/separable_5x5_1/separable_conv2d,OpenCL,933.375,1754.3,1.8795232355698406
cell_4/comb_iter_0/left/separable_5x5_2/separable_conv2d/depthwise,OpenCL,670.6666666666666,1374.4,2.0493041749502985
cell_4/comb_iter_0/left/separable_5x5_2/separable_conv2d,OpenCL,983.4444444444445,1593.8,1.6206304372387301
cell_4/comb_iter_0/right/Relu,OpenCL,473.125,418.2,0.8839101717305151
cell_4/comb_iter_0/right/separable_3x3_1/separable_conv2d/depthwise,OpenCL,541.5555555555555,466.8,0.8619614279852278
cell_4/comb_iter_0/right/separable_3x3_1/separable_conv2d,OpenCL,897.3333333333334,1134.3,1.264078751857355
cell_4/comb_iter_0/right/separable_3x3_2/separable_conv2d/depthwise,OpenCL,506.49999999999994,535.1,1.056465942744324
cell_4/comb_iter_0/right/separable_3x3_2/separable_conv2d,OpenCL,975.4444444444445,1154.1,1.1831529786991684
cell_4/comb_iter_0/combine/add,OpenCL,473.6666666666667,706.8,1.492188599577762
cell_4/comb_iter_1/left/Relu,CPU,101.9,79.1,0.776251226692836
cell_4/comb_iter_1/left/separable_5x5_1/separable_conv2d/depthwise,CPU,729.6,795.0,1.0896381578947367
cell_4/comb_iter_1/left/separable_5x5_1/separable_conv2d,CPU,1682.4,1698.0,1.0092724679029956
cell_4/comb_iter_1/left/separable_5x5_2/separable_conv2d/depthwise,CPU,728.6,733.6,1.006862475981334
cell_4/comb_iter_1/left/separable_5x5_2/separable_conv2d,CPU,1631.0,1693.3,1.0381974248927037
cell_4/comb_iter_1/right/Relu,CPU,97.7,98.1,1.0040941658137155
cell_4/comb_iter_1/right/separable_3x3_1/separable_conv2d/depthwise,CPU,213.4,264.6,1.2399250234301782
cell_4/comb_iter_1/right/separable_3x3_1/separable_conv2d,CPU,1650.3,1716.3,1.039992728594801
cell_4/comb_iter_1/right/separable_3x3_2/separable_conv2d/depthwise,CPU,210.7,214.3,1.0170859041290936
cell_4/comb_iter_1/right/separable_3x3_2/separable_conv2d,CPU,1615.7,1639.8,1.0149161354211795
cell_4/comb_iter_1/combine/add,CPU,78.125,81.8,1.04704
cell_4/comb_iter_2/left/AvgPool2D/AvgPool,CPU,611.1,691.0,1.1307478317787596
cell_4/comb_iter_2/left/AvgPool2D/AvgPool___tr4cell_4/comb_iter_2/combine/add,CPU,106.8,172.3,1.613295880149813
cell_4/prev_bn/FusedBatchNormV3___tr4cell_4/comb_iter_2/combine/add,OpenCL,464.0,452.5,0.9752155172413793
cell_4/comb_iter_2/combine/add,CPU,101.2,133.9,1.3231225296442688
cell_4/comb_iter_3/left/AvgPool2D/AvgPool,CPU,586.3,650.8,1.110011939280232
cell_4/comb_iter_3/right/AvgPool2D/AvgPool,CPU,579.7,630.2,1.0871140244954287
cell_4/comb_iter_3/left/AvgPool2D/AvgPool___tr4cell_4/comb_iter_3/combine/add,CPU,116.4,153.9,1.3221649484536082
cell_4/comb_iter_3/right/AvgPool2D/AvgPool___tr4cell_4/comb_iter_3/combine/add,CPU,144.7,128.9,0.890808569454043
cell_4/comb_iter_3/combine/add,CPU,94.55555555555556,91.1,0.9634547591069329
cell_4/comb_iter_4/left/Relu,CPU,91.5,265.6,2.902732240437159
cell_4/comb_iter_4/left/separable_3x3_1/separable_conv2d/depthwise,CPU,224.3,390.5,1.7409719126170307
cell_4/comb_iter_4/left/separable_3x3_1/separable_conv2d,CPU,1695.2,2256.8,1.3312883435582823
cell_4/comb_iter_4/left/separable_3x3_2/separable_conv2d/depthwise,CPU,211.5,341.2,1.613238770685579
cell_4/comb_iter_4/left/separable_3x3_2/separable_conv2d,CPU,1645.1,1900.9,1.155492067351529
cell_4/comb_iter_4/combine/add,CPU,93.8,100.7,1.0735607675906185
cell_4/comb_iter_2/combine/add___tr4cell_4/cell_output/concat,CPU,159.9,188.8,1.1807379612257662
cell_4/comb_iter_3/combine/add___tr4cell_4/cell_output/concat,CPU,215.3,206.6,0.9595912679981421
cell_4/cell_output/concat,CPU,664.6,675.4,1.0162503761661148
cell_5/Relu_1,OpenCL,1060.125,1344.3,1.2680580120268836
cell_5/1x1/Conv2D,OpenCL,4041.8888888888887,4578.3,1.1327129779805922
cell_5/comb_iter_0/left/Relu,CPU,93.8,72.3,0.7707889125799573
cell_5/comb_iter_0/left/separable_5x5_1/separable_conv2d/depthwise,CPU,775.8,725.7,0.9354215003866977
cell_5/comb_iter_0/left/separable_5x5_1/separable_conv2d,CPU,1755.3,1650.9,0.9405229875235004
cell_5/comb_iter_0/left/separable_5x5_2/separable_conv2d/depthwise,CPU,714.3,734.9,1.0288394232115359
cell_5/comb_iter_0/left/separable_5x5_2/separable_conv2d,CPU,1654.2,1629.5,0.9850683109660259
cell_5/comb_iter_0/right/Relu,CPU,130.77777777777777,84.0,0.6423109600679694
cell_5/comb_iter_0/right/separable_3x3_1/separable_conv2d/depthwise,CPU,309.6,229.9,0.7425710594315245
cell_5/comb_iter_0/right/separable_3x3_1/separable_conv2d,CPU,1739.4,1687.5,0.970162124870645
cell_5/comb_iter_0/right/separable_3x3_2/separable_conv2d/depthwise,CPU,209.7,237.4,1.1320934668574154
cell_5/comb_iter_0/right/separable_3x3_2/separable_conv2d,CPU,1630.3,1676.6,1.0283996810402993
cell_5/comb_iter_0/combine/add,CPU,80.0,91.7,1.14625
cell_5/comb_iter_1/left/Relu,CPU,94.7,72.9,0.7697993664202746
cell_5/comb_iter_1/left/separable_5x5_1/separable_conv2d/depthwise,CPU,710.0,771.2,1.0861971830985917
cell_5/comb_iter_1/left/separable_5x5_1/separable_conv2d,CPU,1694.0,1632.5,0.9636953955135773
cell_5/comb_iter_1/left/separable_5x5_2/separable_conv2d/depthwise,CPU,708.5,706.9,0.997741707833451
cell_5/comb_iter_1/left/separable_5x5_2/separable_conv2d,CPU,1635.8,1613.9,0.9866120552634797
cell_5/comb_iter_1/right/Relu,CPU,94.5,82.6,0.874074074074074
cell_5/comb_iter_1/right/separable_3x3_1/separable_conv2d/depthwise,CPU,234.3,235.7,1.0059752454118651
cell_5/comb_iter_1/right/separable_3x3_1/separable_conv2d,CPU,1753.8,1697.8,0.9680693351579428
cell_5/comb_iter_1/right/separable_3x3_2/separable_conv2d/depthwise,CPU,215.7,205.7,0.9536393138618452
cell_5/comb_iter_1/right/separable_3x3_2/separable_conv2d,CPU,1657.0,1620.3,0.9778515389257695
cell_5/comb_iter_1/combine/add,CPU,94.22222222222223,82.3,0.8734669811320754
cell_5/comb_iter_2/left/AvgPool2D/AvgPool,CPU,640.0,616.3,0.9629687499999999
cell_5/comb_iter_2/left/AvgPool2D/AvgPool___tr4cell_5/comb_iter_2/combine/add,CPU,159.0,118.2,0.7433962264150944
cell_5/prev_bn/FusedBatchNormV3___tr4cell_5/comb_iter_2/combine/add,OpenCL,474.8888888888889,474.0,0.9981282171268132
cell_5/comb_iter_2/combine/add,CPU,105.1,106.5,1.0133206470028544
cell_5/comb_iter_3/left/AvgPool2D/AvgPool,CPU,583.2,679.9,1.1658093278463648
cell_5/comb_iter_3/right/AvgPool2D/AvgPool,CPU,572.1,663.3,1.159412690089145
cell_5/comb_iter_3/left/AvgPool2D/AvgPool___tr4cell_5/comb_iter_3/combine/add,CPU,136.6,190.1,1.3916544655929721
cell_5/comb_iter_3/right/AvgPool2D/AvgPool___tr4cell_5/comb_iter_3/combine/add,CPU,159.1,124.8,0.7844123192960403
cell_5/comb_iter_3/combine/add,CPU,103.2,85.8,0.8313953488372092
cell_5/comb_iter_4/left/Relu,OpenCL,478.22222222222223,452.2,0.945585501858736
cell_5/comb_iter_4/left/separable_3x3_1/separable_conv2d/depthwise,OpenCL,492.125,455.4,0.9253746507493015
cell_5/comb_iter_4/left/separable_3x3_1/separable_conv2d,OpenCL,908.0,1002.1,1.1036343612334802
cell_5/comb_iter_4/left/separable_3x3_2/separable_conv2d/depthwise,OpenCL,526.125,593.8,1.1286291280589213
cell_5/comb_iter_4/left/separable_3x3_2/separable_conv2d,OpenCL,955.6666666666666,1260.7,1.3191838158353681
cell_5/comb_iter_4/combine/add,OpenCL,409.0,507.6,1.241075794621027
cell_5/comb_iter_2/combine/add___tr4cell_5/cell_output/concat,CPU,167.77777777777777,183.5,1.0937086092715231
cell_5/comb_iter_3/combine/add___tr4cell_5/cell_output/concat,CPU,263.7,233.0,0.8835798255593478
cell_5/cell_output/concat,CPU,681.6,703.4,1.0319835680751173
reduction_cell_0/Relu_1,OpenCL,1059.375,1971.7,1.8611917404129794
reduction_cell_0/1x1/Conv2D,OpenCL,6067.777777777777,7241.9,1.1935011902581945
reduction_cell_0/comb_iter_1/left/MaxPool2D/MaxPool,CPU,377.2,391.7,1.038441145281018
reduction_cell_0/Relu,OpenCL,1060.625,2212.8,2.086317030053035
reduction_cell_0/prev_1x1/Conv2D,OpenCL,6367.0,7194.8,1.130014135385582
reduction_cell_0/comb_iter_1/right/Relu,CPU,202.8,257.3,1.2687376725838264
reduction_cell_0/comb_iter_1/right/separable_7x7_1/separable_conv2d/depthwise,CPU,780.2,770.0,0.9869264291207382
reduction_cell_0/comb_iter_1/right/separable_7x7_1/separable_conv2d,CPU,1698.4,1595.0,0.9391191709844559
reduction_cell_0/comb_iter_1/right/separable_7x7_2/separable_conv2d/depthwise,CPU,812.7,792.1,0.9746523932570444
reduction_cell_0/comb_iter_1/right/separable_7x7_2/separable_conv2d,CPU,1653.5,1566.0,0.9470819473843363
reduction_cell_0/comb_iter_1/left/MaxPool2D/MaxPool___tr4reduction_cell_0/comb_iter_1/combine/add,CPU,238.6,94.4,0.39564124056999167
reduction_cell_0/comb_iter_1/right/bn_sep_7x7_2/FusedBatchNormV3___tr4reduction_cell_0/comb_iter_1/combine/add,CPU,46.8,50.4,1.0769230769230769
reduction_cell_0/comb_iter_1/combine/add,CPU,43.111111111111114,51.1,1.1853092783505155
reduction_cell_0/comb_iter_2/left/AvgPool2D/AvgPool,CPU,402.0,414.6,1.0313432835820897
reduction_cell_0/comb_iter_2/right/Relu,CPU,252.8,345.9,1.368275316455696
reduction_cell_0/comb_iter_2/right/separable_5x5_1/separable_conv2d/depthwise,CPU,496.9,547.3,1.1014288589253372
reduction_cell_0/comb_iter_2/right/separable_5x5_1/separable_conv2d,CPU,1681.5,3503.7,2.0836752899197144
reduction_cell_0/comb_iter_2/right/separable_5x5_2/separable_conv2d/depthwise,CPU,369.1,399.1,1.0812787862367923
reduction_cell_0/comb_iter_2/right/separable_5x5_2/separable_conv2d,CPU,1659.7,1672.8,1.0078929927095257
reduction_cell_0/comb_iter_2/left/AvgPool2D/AvgPool___tr4reduction_cell_0/comb_iter_2/combine/add,CPU,185.6,76.5,0.41217672413793105
reduction_cell_0/comb_iter_2/right/bn_sep_5x5_2/FusedBatchNormV3___tr4reduction_cell_0/comb_iter_2/combine/add,CPU,47.1,43.6,0.9256900212314225
reduction_cell_0/comb_iter_2/combine/add,CPU,41.375,84.8,2.0495468277945617
reduction_cell_0/comb_iter_0/left/Relu,OpenCL,582.0,1425.7,2.4496563573883163
reduction_cell_0/comb_iter_0/left/separable_5x5_1/separable_conv2d/depthwise,OpenCL,1075.3,1323.3,1.2306333116339627
reduction_cell_0/comb_iter_0/left/separable_5x5_1/separable_conv2d,OpenCL,919.8888888888889,973.3,1.0580625679429883
reduction_cell_0/comb_iter_0/left/separable_5x5_2/separable_conv2d/depthwise,OpenCL,511.44444444444446,437.4,0.8552248533565066
reduction_cell_0/comb_iter_0/left/separable_5x5_2/separable_conv2d,OpenCL,984.3,1019.5,1.035761454841004
reduction_cell_0/comb_iter_0/right/Relu,OpenCL,565.0,610.4,1.080353982300885
reduction_cell_0/comb_iter_0/right/separable_7x7_1/separable_conv2d/depthwise,OpenCL,1791.7,2073.7,1.1573924206061281
reduction_cell_0/comb_iter_0/right/separable_7x7_1/separable_conv2d,OpenCL,929.0,1245.5,1.3406889128094726
reduction_cell_0/comb_iter_0/right/separable_7x7_2/separable_conv2d/depthwise,OpenCL,574.5555555555555,922.3,1.605240765809321
reduction_cell_0/comb_iter_0/right/separable_7x7_2/separable_conv2d,OpenCL,993.3,1599.4,1.6101882613510523
reduction_cell_0/comb_iter_0/combine/add,OpenCL,401.0,258.8,0.6453865336658354
reduction_cell_0/comb_iter_3/right/AvgPool2D/AvgPool,OpenCL,457.0,597.4,1.3072210065645513
reduction_cell_0/comb_iter_3/right/AvgPool2D/AvgPool___tr4reduction_cell_0/comb_iter_3/combine/add,OpenCL,396.6666666666667,344.6,0.8687394957983193
reduction_cell_0/comb_iter_3/combine/add,OpenCL,396.5,357.1,0.9006305170239597
reduction_cell_0/comb_iter_4/left/Relu,CPU,36.9,39.4,1.067750677506775
reduction_cell_0/comb_iter_4/left/separable_3x3_1/separable_conv2d/depthwise,CPU,128.0,160.9,1.25703125
reduction_cell_0/comb_iter_4/left/separable_3x3_1/separable_conv2d,CPU,1650.0,1934.5,1.1724242424242424
reduction_cell_0/comb_iter_4/left/separable_3x3_2/separable_conv2d/depthwise,CPU,125.66666666666667,127.1,1.0114058355437665
reduction_cell_0/comb_iter_4/left/separable_3x3_2/separable_conv2d,CPU,1670.0,1570.1,0.9401796407185629
reduction_cell_0/comb_iter_4/right/MaxPool2D/MaxPool,CPU,444.8,405.9,0.9125449640287769
reduction_cell_0/comb_iter_4/left/bn_sep_3x3_2/FusedBatchNormV3___tr4reduction_cell_0/comb_iter_4/combine/add,CPU,84.8,44.0,0.5188679245283019
reduction_cell_0/comb_iter_4/right/MaxPool2D/MaxPool___tr4reduction_cell_0/comb_iter_4/combine/add,CPU,59.888888888888886,82.9,1.3842300556586273
reduction_cell_0/comb_iter_4/combine/add,CPU,51.111111111111114,64.6,1.2639130434782606
reduction_cell_0/cell_output/concat,CPU,514.3,463.8,0.9018082831032472
cell_7/Relu,OpenCL,680.8888888888889,799.6,1.1743472584856396
cell_7/Relu___tr4cell_7/prev_1x1/Conv2D,OpenCL,609.125,632.4,1.0382105479170942
cell_7/prev_1x1/Conv2D,OpenCL,2929.4,3504.6,1.1963542022257116
cell_6/Relu,CPU,783.2,1842.9,2.3530388151174666
cell_6/AvgPool2D,CPU,575.0,780.9,1.358086956521739
cell_6/path1_conv/Conv2D,CPU,2860.5,2707.1,0.9463730117112392
cell_6/Pad/paddings,CPU,0.0,0.1,0
cell_6/Pad_Gather_Index,CPU,0.0,0.1,0
cell_6/Pad_Gather,CPU,0.0,0.0,0
cell_6/Pad,CPU,1873.4,2474.3,1.3207537098323903
cell_6/strided_slice/stack,CPU,0.0,0.0,0
cell_6/strided_slice/stack_1,CPU,0.0,0.0,0
cell_6/strided_slice/stack_2,CPU,0.0,0.1,0
cell_6/Pad___tr4cell_6/strided_slice,CPU,3211.2,4680.2,1.4574613851519682
cell_6/strided_slice,CPU,1731.8,1747.9,1.009296685529507
cell_6/strided_slice___tr4cell_6/AvgPool2D_1,CPU,1511.2,1736.5,1.1490868184224456
cell_6/AvgPool2D_1,CPU,599.4,627.2,1.04637971304638
cell_6/path2_conv/Conv2D,CPU,2891.9,2868.1,0.9917701165323835
cell_6/concat,CPU,49.5,49.9,1.0080808080808081
cell_6/final_path_bn/FusedBatchNormV3,CPU,52.2,73.9,1.4157088122605364
cell_6/Relu_1,CPU,226.6,572.2,2.5251544571932922
cell_6/Relu_1___tr4cell_6/1x1/Conv2D,CPU,519.3,367.2,0.707105719237435
cell_6/1x1/Conv2D,CPU,7049.2,6852.2,0.9720535663621404
cell_6/comb_iter_0/left/Relu,CPU,37.7,50.1,1.3289124668435013
cell_6/comb_iter_0/left/separable_5x5_1/separable_conv2d/depthwise,CPU,387.0,423.5,1.0943152454780363
cell_6/comb_iter_0/left/separable_5x5_1/separable_conv2d,CPU,1681.3,1817.3,1.0808897876643073
cell_6/comb_iter_0/left/separable_5x5_2/separable_conv2d/depthwise,CPU,367.7,452.3,1.2300788686429154
cell_6/comb_iter_0/left/separable_5x5_2/separable_conv2d,CPU,1653.7,1854.6,1.1214851545020257
cell_6/comb_iter_0/right/Relu,CPU,47.6,63.5,1.334033613445378
cell_6/comb_iter_0/right/separable_3x3_1/separable_conv2d/depthwise,CPU,136.1,147.0,1.080088170462895
cell_6/comb_iter_0/right/separable_3x3_1/separable_conv2d,CPU,1690.7,1741.7,1.030165020405749
cell_6/comb_iter_0/right/separable_3x3_2/separable_conv2d/depthwise,CPU,129.55555555555554,135.9,1.0489708404802747
cell_6/comb_iter_0/right/separable_3x3_2/separable_conv2d,CPU,1655.0,1618.1,0.9777039274924471
cell_6/comb_iter_0/combine/add,CPU,38.22222222222222,49.0,1.2819767441860466
cell_6/comb_iter_1/left/Relu,CPU,46.2,52.5,1.1363636363636362
cell_6/comb_iter_1/left/separable_5x5_1/separable_conv2d/depthwise,CPU,375.7,423.1,1.1261644929465
cell_6/comb_iter_1/left/separable_5x5_1/separable_conv2d,CPU,1654.7,1780.8,1.0762071674623799
cell_6/comb_iter_1/left/separable_5x5_2/separable_conv2d/depthwise,CPU,377.9,445.3,1.1783540619211432
cell_6/comb_iter_1/left/separable_5x5_2/separable_conv2d,CPU,1643.7,1718.9,1.0457504410780556
cell_6/comb_iter_1/right/Relu,CPU,44.8,57.8,1.2901785714285714
cell_6/comb_iter_1/right/separable_3x3_1/separable_conv2d/depthwise,CPU,140.77777777777777,135.0,0.9589581689029203
cell_6/comb_iter_1/right/separable_3x3_1/separable_conv2d,CPU,1696.2,1711.3,1.0089022520929136
cell_6/comb_iter_1/right/separable_3x3_2/separable_conv2d/depthwise,CPU,136.4,135.8,0.9956011730205279
cell_6/comb_iter_1/right/separable_3x3_2/separable_conv2d,CPU,1685.1,1724.1,1.0231440270607086
cell_6/comb_iter_1/combine/add,CPU,40.4,55.8,1.381188118811881
cell_6/comb_iter_2/left/AvgPool2D/AvgPool,CPU,312.9,330.0,1.0546500479386387
cell_6/comb_iter_2/left/AvgPool2D/AvgPool___tr4cell_6/comb_iter_2/combine/add,CPU,65.1,51.5,0.7910906298003073
cell_6/final_path_bn/FusedBatchNormV3___tr4cell_6/comb_iter_2/combine/add,CPU,231.5,245.2,1.0591792656587473
cell_6/comb_iter_2/combine/add,CPU,42.888888888888886,64.6,1.506217616580311
cell_6/comb_iter_3/left/AvgPool2D/AvgPool,CPU,281.9,305.7,1.0844271018091522
cell_6/comb_iter_3/right/AvgPool2D/AvgPool,CPU,278.8,288.8,1.035868005738881
cell_6/comb_iter_3/left/AvgPool2D/AvgPool___tr4cell_6/comb_iter_3/combine/add,CPU,51.7,123.6,2.3907156673114116
cell_6/comb_iter_3/right/AvgPool2D/AvgPool___tr4cell_6/comb_iter_3/combine/add,CPU,53.3,105.9,1.9868667917448408
cell_6/comb_iter_3/combine/add,CPU,42.888888888888886,71.0,1.6554404145077721
cell_6/comb_iter_4/left/Relu,CPU,42.7,53.1,1.243559718969555
cell_6/comb_iter_4/left/separable_3x3_1/separable_conv2d/depthwise,CPU,130.5,198.2,1.518773946360153
cell_6/comb_iter_4/left/separable_3x3_1/separable_conv2d,CPU,1680.3,1952.3,1.1618758555019937
cell_6/comb_iter_4/left/separable_3x3_2/separable_conv2d/depthwise,CPU,123.2,142.0,1.1525974025974026
cell_6/comb_iter_4/left/separable_3x3_2/separable_conv2d,CPU,1662.8,1825.9,1.0980875631465
cell_6/comb_iter_4/combine/add,CPU,39.44444444444444,64.5,1.6352112676056338
cell_6/comb_iter_2/combine/add___tr4cell_6/cell_output/concat,CPU,70.1,84.3,1.2025677603423681
cell_6/comb_iter_3/combine/add___tr4cell_6/cell_output/concat,CPU,93.6,112.1,1.1976495726495726
cell_6/cell_output/concat,CPU,305.2,324.2,1.062254259501966
cell_7/Relu_1,CPU,381.5,997.5,2.614678899082569
cell_7/1x1/Conv2D,CPU,11335.4,11256.7,0.9930571484023503
cell_7/comb_iter_0/left/Relu,OpenCL,498.75,777.9,1.5596992481203007
cell_7/comb_iter_0/left/separable_5x5_1/separable_conv2d/depthwise,OpenCL,521.8888888888889,434.3,0.8321694698743879
cell_7/comb_iter_0/left/separable_5x5_1/separable_conv2d,OpenCL,905.8888888888889,1356.7,1.497645038636085
cell_7/comb_iter_0/left/separable_5x5_2/separable_conv2d/depthwise,OpenCL,515.7777777777778,552.5,1.071197759586385
cell_7/comb_iter_0/left/separable_5x5_2/separable_conv2d,OpenCL,995.8888888888889,1211.9,1.2169028227156087
cell_7/comb_iter_0/right/Relu,OpenCL,423.3333333333333,315.1,0.7443307086614174
cell_7/comb_iter_0/right/separable_3x3_1/separable_conv2d/depthwise,OpenCL,472.42857142857144,358.9,0.7596915633504686
cell_7/comb_iter_0/right/separable_3x3_1/separable_conv2d,OpenCL,953.0,924.5,0.9700944386149003
cell_7/comb_iter_0/right/separable_3x3_2/separable_conv2d/depthwise,OpenCL,513.9,391.6,0.7620159564117533
cell_7/comb_iter_0/right/separable_3x3_2/separable_conv2d,OpenCL,994.7777777777778,1054.4,1.059935217245616
cell_7/comb_iter_0/combine/add,OpenCL,350.0,482.0,1.3771428571428572
cell_7/comb_iter_1/left/Relu,OpenCL,409.1111111111111,307.5,0.7516295491580663
cell_7/comb_iter_1/left/separable_5x5_1/separable_conv2d/depthwise,OpenCL,523.8888888888889,426.3,0.8137221633085896
cell_7/comb_iter_1/left/separable_5x5_1/separable_conv2d,OpenCL,934.1,938.6,1.004817471362809
cell_7/comb_iter_1/left/separable_5x5_2/separable_conv2d/depthwise,OpenCL,533.0,429.0,0.8048780487804879
cell_7/comb_iter_1/left/separable_5x5_2/separable_conv2d,OpenCL,962.25,1065.1,1.106884905170174
cell_7/comb_iter_1/right/Relu,OpenCL,406.6666666666667,320.6,0.788360655737705
cell_7/comb_iter_1/right/separable_3x3_1/separable_conv2d/depthwise,OpenCL,474.6666666666667,364.1,0.7670646067415731
cell_7/comb_iter_1/right/separable_3x3_1/separable_conv2d,OpenCL,977.2222222222222,933.5,0.9552586696986924
cell_7/comb_iter_1/right/separable_3x3_2/separable_conv2d/depthwise,OpenCL,493.44444444444446,382.2,0.7745552803422652
cell_7/comb_iter_1/right/separable_3x3_2/separable_conv2d,OpenCL,997.1111111111111,1022.4,1.0253621573434366
cell_7/comb_iter_1/combine/add,OpenCL,374.0,265.1,0.7088235294117647
cell_7/comb_iter_2/left/AvgPool2D/AvgPool,CPU,310.3,342.0,1.102159200773445
cell_7/comb_iter_2/left/AvgPool2D/AvgPool___tr4cell_7/comb_iter_2/combine/add,CPU,59.888888888888886,90.9,1.5178107606679037
cell_7/prev_bn/FusedBatchNormV3___tr4cell_7/comb_iter_2/combine/add,OpenCL,408.25,401.7,0.983955909369259
cell_7/comb_iter_2/combine/add,CPU,48.9,75.0,1.5337423312883436
cell_7/comb_iter_3/left/AvgPool2D/AvgPool,OpenCL,455.9,406.8,0.892300943189296
cell_7/comb_iter_3/right/AvgPool2D/AvgPool,OpenCL,451.22222222222223,366.6,0.812459985225314
cell_7/comb_iter_3/left/AvgPool2D/AvgPool___tr4cell_7/comb_iter_3/combine/add,OpenCL,424.6666666666667,329.4,0.7756671899529042
cell_7/comb_iter_3/right/AvgPool2D/AvgPool___tr4cell_7/comb_iter_3/combine/add,OpenCL,439.8888888888889,293.3,0.6667592826471331
cell_7/comb_iter_3/combine/add,OpenCL,394.44444444444446,257.5,0.6528169014084507
cell_7/comb_iter_4/left/Relu,CPU,45.6,55.0,1.2061403508771928
cell_7/comb_iter_4/left/separable_3x3_1/separable_conv2d/depthwise,CPU,141.0,196.2,1.3914893617021276
cell_7/comb_iter_4/left/separable_3x3_1/separable_conv2d,CPU,1687.4,2031.3,1.2038046699063647
cell_7/comb_iter_4/left/separable_3x3_2/separable_conv2d/depthwise,CPU,133.88888888888889,148.4,1.1083817427385894
cell_7/comb_iter_4/left/separable_3x3_2/separable_conv2d,CPU,1679.9,1751.9,1.0428596940294066
cell_7/comb_iter_4/combine/add,CPU,49.5,46.8,0.9454545454545454
cell_7/comb_iter_2/combine/add___tr4cell_7/cell_output/concat,CPU,81.33333333333333,125.7,1.5454918032786886
cell_7/comb_iter_3/combine/add___tr4cell_7/cell_output/concat,OpenCL,416.3333333333333,299.1,0.7184147317854285
cell_7/cell_output/concat,CPU,324.3,301.7,0.9303114400246685
cell_9/Relu,OpenCL,776.75,1611.3,2.074412616672031
cell_9/prev_1x1/Conv2D,OpenCL,5146.8,5837.5,1.1341998911945286
cell_8/Relu,OpenCL,851.8888888888889,1609.5,1.88933089865658
cell_8/prev_1x1/Conv2D,OpenCL,4977.777777777777,5903.5,1.1859709821428572
cell_8/Relu_1,CPU,398.2,915.6,2.299347061778001
cell_8/1x1/Conv2D,CPU,11228.3,11257.5,1.0026005717695468
cell_8/comb_iter_0/left/Relu,OpenCL,440.125,926.7,2.1055381993751774
cell_8/comb_iter_0/left/separable_5x5_1/separable_conv2d/depthwise,OpenCL,547.75,537.6,0.9814696485623003
cell_8/comb_iter_0/left/separable_5x5_1/separable_conv2d,OpenCL,948.125,1054.4,1.112089650626236
cell_8/comb_iter_0/left/separable_5x5_2/separable_conv2d/depthwise,OpenCL,539.5,467.8,0.8670991658943467
cell_8/comb_iter_0/left/separable_5x5_2/separable_conv2d,OpenCL,1031.6,1305.5,1.2655098875533153
cell_8/comb_iter_0/right/Relu,OpenCL,420.6666666666667,309.5,0.7357369255150554
cell_8/comb_iter_0/right/separable_3x3_1/separable_conv2d/depthwise,OpenCL,463.5,394.4,0.8509169363538295
cell_8/comb_iter_0/right/separable_3x3_1/separable_conv2d,OpenCL,966.7777777777778,1032.5,1.0679806918744972
cell_8/comb_iter_0/right/separable_3x3_2/separable_conv2d/depthwise,OpenCL,468.44444444444446,420.2,0.897011385199241
cell_8/comb_iter_0/right/separable_3x3_2/separable_conv2d,OpenCL,986.6666666666666,1031.6,1.0455405405405405
cell_8/comb_iter_0/combine/add,OpenCL,398.0,452.4,1.136683417085427
cell_8/comb_iter_1/left/Relu,CPU,45.4,69.8,1.5374449339207048
cell_8/comb_iter_1/left/separable_5x5_1/separable_conv2d/depthwise,CPU,370.9,461.2,1.2434618495551362
cell_8/comb_iter_1/left/separable_5x5_1/separable_conv2d,CPU,1641.6,1838.7,1.1200657894736843
cell_8/comb_iter_1/left/separable_5x5_2/separable_conv2d/depthwise,CPU,367.6,429.3,1.1678454842219803
cell_8/comb_iter_1/left/separable_5x5_2/separable_conv2d,CPU,1649.4,1804.2,1.093852309930884
cell_8/comb_iter_1/right/Relu,CPU,45.0,60.3,1.3399999999999999
cell_8/comb_iter_1/right/separable_3x3_1/separable_conv2d/depthwise,CPU,135.6,140.8,1.0383480825958704
cell_8/comb_iter_1/right/separable_3x3_1/separable_conv2d,CPU,1672.5,1667.0,0.996711509715994
cell_8/comb_iter_1/right/separable_3x3_2/separable_conv2d/depthwise,CPU,121.22222222222223,134.3,1.1078826764436298
cell_8/comb_iter_1/right/separable_3x3_2/separable_conv2d,CPU,1652.3,1560.4,0.9443805604309146
cell_8/comb_iter_1/combine/add,CPU,38.0,43.8,1.1526315789473685
cell_8/comb_iter_2/left/AvgPool2D/AvgPool,CPU,306.5,368.5,1.2022838499184338
cell_8/comb_iter_2/left/AvgPool2D/AvgPool___tr4cell_8/comb_iter_2/combine/add,CPU,54.9,79.5,1.4480874316939891
cell_8/prev_bn/FusedBatchNormV3___tr4cell_8/comb_iter_2/combine/add,OpenCL,399.6666666666667,694.4,1.7374478732276897
cell_8/comb_iter_2/combine/add,CPU,43.666666666666664,48.9,1.119847328244275
cell_8/comb_iter_3/left/AvgPool2D/AvgPool,OpenCL,449.375,498.1,1.1084283727399167
cell_8/comb_iter_3/right/AvgPool2D/AvgPool,OpenCL,450.0,739.4,1.643111111111111
cell_8/comb_iter_3/left/AvgPool2D/AvgPool___tr4cell_8/comb_iter_3/combine/add,OpenCL,424.0,407.8,0.9617924528301887
cell_8/comb_iter_3/right/AvgPool2D/AvgPool___tr4cell_8/comb_iter_3/combine/add,OpenCL,418.0,303.4,0.7258373205741626
cell_8/comb_iter_3/combine/add,OpenCL,401.1111111111111,268.2,0.6686426592797784
cell_8/comb_iter_4/left/Relu,CPU,44.5,81.1,1.8224719101123594
cell_8/comb_iter_4/left/separable_3x3_1/separable_conv2d/depthwise,CPU,130.7,219.8,1.6817138485080338
cell_8/comb_iter_4/left/separable_3x3_1/separable_conv2d,CPU,1669.5,2157.6,1.2923629829290206
cell_8/comb_iter_4/left/separable_3x3_2/separable_conv2d/depthwise,CPU,127.90000000000002,147.7,1.1548084440969504
cell_8/comb_iter_4/left/separable_3x3_2/separable_conv2d,CPU,1662.7,1834.4,1.1032657725386419
cell_8/comb_iter_4/combine/add,CPU,46.7,56.8,1.21627408993576
cell_8/comb_iter_2/combine/add___tr4cell_8/cell_output/concat,CPU,79.0,108.1,1.3683544303797468
cell_8/comb_iter_3/combine/add___tr4cell_8/cell_output/concat,OpenCL,410.25,294.6,0.7180987202925047
cell_8/cell_output/concat,CPU,306.9,315.4,1.0276963180188987
cell_9/Relu_1,CPU,381.8,945.2,2.4756416972236774
cell_9/1x1/Conv2D,CPU,11415.9,11339.3,0.9932900603544179
cell_9/comb_iter_0/left/Relu,OpenCL,437.625,1007.3,2.3017423593259068
cell_9/comb_iter_0/left/separable_5x5_1/separable_conv2d/depthwise,OpenCL,521.5555555555555,431.5,0.8273327652322113
cell_9/comb_iter_0/left/separable_5x5_1/separable_conv2d,OpenCL,942.0,1034.7,1.098407643312102
cell_9/comb_iter_0/left/separable_5x5_2/separable_conv2d/depthwise,OpenCL,555.0,510.9,0.9205405405405405
cell_9/comb_iter_0/left/separable_5x5_2/separable_conv2d,OpenCL,1005.25,1330.0,1.3230539666749566
cell_9/comb_iter_0/right/Relu,OpenCL,423.625,503.9,1.1894954263794628
cell_9/comb_iter_0/right/separable_3x3_1/separable_conv2d/depthwise,OpenCL,480.125,413.1,0.860400937255923
cell_9/comb_iter_0/right/separable_3x3_1/separable_conv2d,OpenCL,937.625,984.7,1.0502066391147848
cell_9/comb_iter_0/right/separable_3x3_2/separable_conv2d/depthwise,OpenCL,476.5,469.9,0.9861490031479537
cell_9/comb_iter_0/right/separable_3x3_2/separable_conv2d,OpenCL,1054.111111111111,1090.4,1.0344260567091812
cell_9/comb_iter_0/combine/add,OpenCL,386.125,441.3,1.1428941404985433
cell_9/comb_iter_1/left/Relu,CPU,49.7,64.3,1.2937625754527162
cell_9/comb_iter_1/left/separable_5x5_1/separable_conv2d/depthwise,CPU,369.9,496.7,1.3427953500946201
cell_9/comb_iter_1/left/separable_5x5_1/separable_conv2d,CPU,1647.5,1855.9,1.1264946889226102
cell_9/comb_iter_1/left/separable_5x5_2/separable_conv2d/depthwise,CPU,368.8,387.2,1.0498915401301518
cell_9/comb_iter_1/left/separable_5x5_2/separable_conv2d,CPU,1641.5,1675.0,1.0204081632653061
cell_9/comb_iter_1/right/Relu,CPU,45.1,42.3,0.9379157427937915
cell_9/comb_iter_1/right/separable_3x3_1/separable_conv2d/depthwise,CPU,135.7,136.5,1.0058953574060427
cell_9/comb_iter_1/right/separable_3x3_1/separable_conv2d,CPU,1681.9,1601.2,0.952018550448897
cell_9/comb_iter_1/right/separable_3x3_2/separable_conv2d/depthwise,CPU,126.3,125.4,0.992874109263658
cell_9/comb_iter_1/right/separable_3x3_2/separable_conv2d,CPU,1649.8,1574.2,0.9541762637895503
cell_9/comb_iter_1/combine/add,CPU,37.5,42.5,1.1333333333333333
cell_9/comb_iter_2/left/AvgPool2D/AvgPool,CPU,306.8,350.7,1.143089960886571
cell_9/comb_iter_2/left/AvgPool2D/AvgPool___tr4cell_9/comb_iter_2/combine/add,CPU,58.22222222222222,92.4,1.587022900763359
cell_9/prev_bn/FusedBatchNormV3___tr4cell_9/comb_iter_2/combine/add,OpenCL,408.55555555555554,442.2,1.0823497416372043
cell_9/comb_iter_2/combine/add,CPU,40.77777777777778,49.2,1.2065395095367848
cell_9/comb_iter_3/left/AvgPool2D/AvgPool,OpenCL,447.85714285714283,408.9,0.9130143540669856
cell_9/comb_iter_3/right/AvgPool2D/AvgPool,OpenCL,450.25,360.2,0.7999999999999999
cell_9/comb_iter_3/left/AvgPool2D/AvgPool___tr4cell_9/comb_iter_3/combine/add,OpenCL,399.625,317.3,0.7939943697216141
cell_9/comb_iter_3/right/AvgPool2D/AvgPool___tr4cell_9/comb_iter_3/combine/add,OpenCL,405.77777777777777,319.5,0.7873767798466593
cell_9/comb_iter_3/combine/add,OpenCL,381.375,370.5,0.9714847590953786
cell_9/comb_iter_4/left/Relu,CPU,42.0,55.4,1.319047619047619
cell_9/comb_iter_4/left/separable_3x3_1/separable_conv2d/depthwise,CPU,136.2,228.2,1.6754772393538915
cell_9/comb_iter_4/left/separable_3x3_1/separable_conv2d,CPU,1690.1,2211.9,1.3087391278622569
cell_9/comb_iter_4/left/separable_3x3_2/separable_conv2d/depthwise,CPU,132.4,135.6,1.0241691842900302
cell_9/comb_iter_4/left/separable_3x3_2/separable_conv2d,CPU,1680.4,1891.6,1.1256843608664602
cell_9/comb_iter_4/combine/add,CPU,44.44444444444444,58.9,1.32525
cell_9/comb_iter_2/combine/add___tr4cell_9/cell_output/concat,CPU,71.11111111111111,107.7,1.5145312499999999
cell_9/comb_iter_3/combine/add___tr4cell_9/cell_output/concat,OpenCL,431.5,517.2,1.1986095017381229
cell_9/cell_output/concat,CPU,312.7,281.4,0.8999040614007036
cell_11/Relu,OpenCL,823.0,1598.1,1.9417982989064397
cell_11/prev_1x1/Conv2D,OpenCL,4980.666666666667,5862.2,1.1769910319903627
cell_10/Relu,OpenCL,903.6666666666666,1850.5,2.047768351161933
cell_10/prev_1x1/Conv2D,OpenCL,5122.888888888889,5949.0,1.1612588383290678
cell_10/Relu_1,CPU,394.5,789.6,2.0015209125475284
cell_10/1x1/Conv2D,CPU,11216.6,11545.8,1.0293493572027173
cell_10/comb_iter_0/left/Relu,OpenCL,442.375,867.3,1.9605538287651878
cell_10/comb_iter_0/left/separable_5x5_1/separable_conv2d/depthwise,OpenCL,525.375,423.5,0.8060908874613372
cell_10/comb_iter_0/left/separable_5x5_1/separable_conv2d,OpenCL,963.0,968.3,1.005503634475597
cell_10/comb_iter_0/left/separable_5x5_2/separable_conv2d/depthwise,OpenCL,521.4444444444445,589.6,1.130705305774558
cell_10/comb_iter_0/left/separable_5x5_2/separable_conv2d,OpenCL,1019.4444444444443,1472.8,1.444708446866485
cell_10/comb_iter_0/right/Relu,OpenCL,441.5,334.6,0.7578708946772368
cell_10/comb_iter_0/right/separable_3x3_1/separable_conv2d/depthwise,OpenCL,506.1111111111111,357.2,0.7057738748627882
cell_10/comb_iter_0/right/separable_3x3_1/separable_conv2d,OpenCL,912.125,946.6,1.0377963546663012
cell_10/comb_iter_0/right/separable_3x3_2/separable_conv2d/depthwise,OpenCL,471.3333333333333,361.1,0.7661244695898162
cell_10/comb_iter_0/right/separable_3x3_2/separable_conv2d,OpenCL,1010.2222222222222,1014.1,1.0038385393752751
cell_10/comb_iter_0/combine/add,OpenCL,391.5,531.5,1.3575989782886335
cell_10/comb_iter_1/left/Relu,CPU,47.0,59.4,1.2638297872340425
cell_10/comb_iter_1/left/separable_5x5_1/separable_conv2d/depthwise,CPU,372.0,473.0,1.271505376344086
cell_10/comb_iter_1/left/separable_5x5_1/separable_conv2d,CPU,1653.5,1885.1,1.1400665255518596
cell_10/comb_iter_1/left/separable_5x5_2/separable_conv2d/depthwise,CPU,370.4,421.8,1.138768898488121
cell_10/comb_iter_1/left/separable_5x5_2/separable_conv2d,CPU,1656.8,1663.7,1.0041646547561565
cell_10/comb_iter_1/right/Relu,CPU,45.5,50.0,1.098901098901099
cell_10/comb_iter_1/right/separable_3x3_1/separable_conv2d/depthwise,CPU,136.1,130.8,0.9610580455547393
cell_10/comb_iter_1/right/separable_3x3_1/separable_conv2d,CPU,1686.4,1596.5,0.9466911764705882
cell_10/comb_iter_1/right/separable_3x3_2/separable_conv2d/depthwise,CPU,122.6,122.9,1.0024469820554651
cell_10/comb_iter_1/right/separable_3x3_2/separable_conv2d,CPU,1649.5,1553.0,0.941497423461655
cell_10/comb_iter_1/combine/add,CPU,38.125,42.6,1.1173770491803279
cell_10/comb_iter_2/left/AvgPool2D/AvgPool,CPU,306.6,357.6,1.1663405088062622
cell_10/comb_iter_2/left/AvgPool2D/AvgPool___tr4cell_10/comb_iter_2/combine/add,CPU,53.6,78.2,1.458955223880597
cell_10/prev_bn/FusedBatchNormV3___tr4cell_10/comb_iter_2/combine/add,OpenCL,403.8888888888889,416.6,1.031471801925722
cell_10/comb_iter_2/combine/add,CPU,41.77777777777778,48.7,1.165691489361702
cell_10/comb_iter_3/left/AvgPool2D/AvgPool,OpenCL,462.6666666666667,386.1,0.8345100864553314
cell_10/comb_iter_3/right/AvgPool2D/AvgPool,OpenCL,464.3333333333333,385.3,0.8297918162239771
cell_10/comb_iter_3/left/AvgPool2D/AvgPool___tr4cell_10/comb_iter_3/combine/add,OpenCL,428.3333333333333,300.8,0.7022568093385214
cell_10/comb_iter_3/right/AvgPool2D/AvgPool___tr4cell_10/comb_iter_3/combine/add,OpenCL,411.44444444444446,392.7,0.9544423440453685
cell_10/comb_iter_3/combine/add,OpenCL,368.42857142857144,297.2,0.8066692516479255
cell_10/comb_iter_4/left/Relu,CPU,42.9,60.2,1.4032634032634035
cell_10/comb_iter_4/left/separable_3x3_1/separable_conv2d/depthwise,CPU,128.5,270.8,2.1073929961089495
cell_10/comb_iter_4/left/separable_3x3_1/separable_conv2d,CPU,1667.5,2196.4,1.3171814092953524
cell_10/comb_iter_4/left/separable_3x3_2/separable_conv2d/depthwise,CPU,122.3,150.7,1.2322158626328699
cell_10/comb_iter_4/left/separable_3x3_2/separable_conv2d,CPU,1651.3,1824.8,1.105068733724944
cell_10/comb_iter_4/combine/add,CPU,38.666666666666664,62.7,1.6215517241379311
cell_10/comb_iter_2/combine/add___tr4cell_10/cell_output/concat,CPU,70.44444444444444,102.1,1.4493690851735015
cell_10/comb_iter_3/combine/add___tr4cell_10/cell_output/concat,OpenCL,423.3333333333333,409.7,0.9677952755905512
cell_10/cell_output/concat,CPU,296.5,310.9,1.048566610455312
cell_11/Relu_1,OpenCL,755.1428571428571,985.5,1.3050510783200908
cell_11/1x1/Conv2D,OpenCL,5090.333333333333,5801.0,1.139611027437627
cell_11/comb_iter_0/left/Relu,CPU,40.3,40.2,0.9975186104218363
cell_11/comb_iter_0/left/separable_5x5_1/separable_conv2d/depthwise,CPU,399.4,471.0,1.1792689033550325
cell_11/comb_iter_0/left/separable_5x5_1/separable_conv2d,CPU,1677.1,1751.6,1.0444219187883848
cell_11/comb_iter_0/left/separable_5x5_2/separable_conv2d/depthwise,CPU,376.7,389.4,1.033713830634457
cell_11/comb_iter_0/left/separable_5x5_2/separable_conv2d,CPU,1679.6,1719.7,1.0238747320790664
cell_11/comb_iter_0/right/Relu,CPU,63.333333333333336,45.7,0.7215789473684211
cell_11/comb_iter_0/right/separable_3x3_1/separable_conv2d/depthwise,CPU,156.9,134.6,0.8578712555768004
cell_11/comb_iter_0/right/separable_3x3_1/separable_conv2d,CPU,1678.9,1849.5,1.1016141521234142
cell_11/comb_iter_0/right/separable_3x3_2/separable_conv2d/depthwise,CPU,123.1,146.6,1.190901705930138
cell_11/comb_iter_0/right/separable_3x3_2/separable_conv2d,CPU,1654.2,1990.2,1.203119332607907
cell_11/comb_iter_0/combine/add,CPU,38.0,50.1,1.318421052631579
cell_11/comb_iter_1/left/Relu,CPU,48.44444444444444,47.4,0.978440366972477
cell_11/comb_iter_1/left/separable_5x5_1/separable_conv2d/depthwise,CPU,374.1,438.4,1.1718791766907242
cell_11/comb_iter_1/left/separable_5x5_1/separable_conv2d,CPU,1642.1,1634.0,0.9950672918823459
cell_11/comb_iter_1/left/separable_5x5_2/separable_conv2d/depthwise,CPU,367.9,372.8,1.0133188366403916
cell_11/comb_iter_1/left/separable_5x5_2/separable_conv2d,CPU,1653.4,1569.5,0.9492560783839361
cell_11/comb_iter_1/right/Relu,CPU,46.0,37.6,0.8173913043478261
cell_11/comb_iter_1/right/separable_3x3_1/separable_conv2d/depthwise,CPU,136.9,131.6,0.9612856099342585
cell_11/comb_iter_1/right/separable_3x3_1/separable_conv2d,CPU,1681.7,1573.6,0.9357198073378129
cell_11/comb_iter_1/right/separable_3x3_2/separable_conv2d/depthwise,CPU,124.2,117.0,0.9420289855072463
cell_11/comb_iter_1/right/separable_3x3_2/separable_conv2d,CPU,1678.8,1558.8,0.9285203716940672
cell_11/comb_iter_1/combine/add,CPU,42.77777777777778,42.2,0.9864935064935065
cell_11/comb_iter_2/left/AvgPool2D/AvgPool,CPU,307.1,391.1,1.2735265385867796
cell_11/comb_iter_2/left/AvgPool2D/AvgPool___tr4cell_11/comb_iter_2/combine/add,CPU,62.8,90.1,1.4347133757961783
cell_11/prev_bn/FusedBatchNormV3___tr4cell_11/comb_iter_2/combine/add,OpenCL,402.44444444444446,383.7,0.9534235229155162
cell_11/comb_iter_2/combine/add,CPU,47.44444444444444,55.1,1.1613583138173302
cell_11/comb_iter_3/left/AvgPool2D/AvgPool,OpenCL,431.75,379.2,0.8782860451650261
cell_11/comb_iter_3/right/AvgPool2D/AvgPool,OpenCL,420.57142857142856,392.6,0.9334918478260871
cell_11/comb_iter_3/left/AvgPool2D/AvgPool___tr4cell_11/comb_iter_3/combine/add,OpenCL,404.22222222222223,346.1,0.8562122045079714
cell_11/comb_iter_3/right/AvgPool2D/AvgPool___tr4cell_11/comb_iter_3/combine/add,OpenCL,398.44444444444446,303.9,0.7627161182375906
cell_11/comb_iter_3/combine/add,OpenCL,362.625,335.1,0.9240951396070322
cell_11/comb_iter_4/left/Relu,OpenCL,416.55555555555554,584.0,1.401973859695919
cell_11/comb_iter_4/left/separable_3x3_1/separable_conv2d/depthwise,OpenCL,459.6666666666667,541.7,1.1784626540971719
cell_11/comb_iter_4/left/separable_3x3_1/separable_conv2d,OpenCL,909.4444444444445,1698.0,1.8670739156994502
cell_11/comb_iter_4/left/separable_3x3_2/separable_conv2d/depthwise,OpenCL,475.77777777777777,644.1,1.3537832788416628
cell_11/comb_iter_4/left/separable_3x3_2/separable_conv2d,OpenCL,1062.125,1384.9,1.3038954925267743
cell_11/comb_iter_4/combine/add,OpenCL,405.44444444444446,371.4,0.9160317895313784
cell_11/comb_iter_2/combine/add___tr4cell_11/cell_output/concat,CPU,79.0,107.1,1.3556962025316455
cell_11/comb_iter_3/combine/add___tr4cell_11/cell_output/concat,OpenCL,405.5,401.2,0.9893958076448829
cell_11/cell_output/concat,CPU,322.0,351.1,1.0903726708074535
reduction_cell_1/Relu_1,OpenCL,756.5,1589.8,2.101520158625248
reduction_cell_1/1x1/Conv2D,OpenCL,8629.4,10182.2,1.1799429856073425
reduction_cell_1/comb_iter_1/left/MaxPool2D/MaxPool,CPU,204.9,237.4,1.1586139580283066
reduction_cell_1/Relu,OpenCL,766.4444444444445,1607.6,2.097477529718759
reduction_cell_1/prev_1x1/Conv2D,OpenCL,8573.111111111111,10309.3,1.202515617304751
reduction_cell_1/comb_iter_1/right/Relu,CPU,87.0,146.7,1.686206896551724
reduction_cell_1/comb_iter_1/right/separable_7x7_1/separable_conv2d/depthwise,CPU,569.8,587.8,1.0315900315900315
reduction_cell_1/comb_iter_1/right/separable_7x7_1/separable_conv2d,CPU,1840.3,1766.4,0.9598435037765582
reduction_cell_1/comb_iter_1/right/separable_7x7_2/separable_conv2d/depthwise,CPU,484.0,478.4,0.9884297520661156
reduction_cell_1/comb_iter_1/right/separable_7x7_2/separable_conv2d,CPU,1821.0,1750.5,0.9612850082372323
reduction_cell_1/comb_iter_1/left/MaxPool2D/MaxPool___tr4reduction_cell_1/comb_iter_1/combine/add,CPU,122.7,30.3,0.2469437652811736
reduction_cell_1/comb_iter_1/right/bn_sep_7x7_2/FusedBatchNormV3___tr4reduction_cell_1/comb_iter_1/combine/add,CPU,28.8,34.0,1.1805555555555556
reduction_cell_1/comb_iter_1/combine/add,CPU,27.4,23.8,0.8686131386861314
reduction_cell_1/comb_iter_2/left/AvgPool2D/AvgPool,CPU,237.3,237.6,1.0012642225031605
reduction_cell_1/comb_iter_2/right/Relu,CPU,125.0,385.0,3.08
reduction_cell_1/comb_iter_2/right/separable_5x5_1/separable_conv2d/depthwise,CPU,274.5,377.1,1.3737704918032787
reduction_cell_1/comb_iter_2/right/separable_5x5_1/separable_conv2d,CPU,1826.9,2815.7,1.5412447315123978
reduction_cell_1/comb_iter_2/right/separable_5x5_2/separable_conv2d/depthwise,CPU,316.7,336.0,1.0609409535838332
reduction_cell_1/comb_iter_2/right/separable_5x5_2/separable_conv2d,CPU,1839.7,1912.8,1.039734739359678
reduction_cell_1/comb_iter_2/left/AvgPool2D/AvgPool___tr4reduction_cell_1/comb_iter_2/combine/add,CPU,118.3,45.9,0.3879966187658495
reduction_cell_1/comb_iter_2/right/bn_sep_5x5_2/FusedBatchNormV3___tr4reduction_cell_1/comb_iter_2/combine/add,CPU,29.2,32.6,1.1164383561643836
reduction_cell_1/comb_iter_2/combine/add,CPU,27.4,47.9,1.748175182481752
reduction_cell_1/comb_iter_0/left/Relu,OpenCL,498.0,1100.9,2.2106425702811245
reduction_cell_1/comb_iter_0/left/separable_5x5_1/separable_conv2d/depthwise,OpenCL,758.8888888888889,764.9,1.0079209370424598
reduction_cell_1/comb_iter_0/left/separable_5x5_1/separable_conv2d,OpenCL,1135.9,1155.9,1.0176071837309622
reduction_cell_1/comb_iter_0/left/separable_5x5_2/separable_conv2d/depthwise,OpenCL,505.0,420.9,0.8334653465346534
reduction_cell_1/comb_iter_0/left/separable_5x5_2/separable_conv2d,OpenCL,1168.0,1407.8,1.2053082191780822
reduction_cell_1/comb_iter_0/right/Relu,OpenCL,521.6666666666666,427.8,0.8200638977635784
reduction_cell_1/comb_iter_0/right/separable_7x7_1/separable_conv2d/depthwise,OpenCL,1047.6,1077.4,1.028445971744941
reduction_cell_1/comb_iter_0/right/separable_7x7_1/separable_conv2d,OpenCL,1032.6666666666667,1172.8,1.1357004519044545
reduction_cell_1/comb_iter_0/right/separable_7x7_2/separable_conv2d/depthwise,OpenCL,543.1111111111111,477.5,0.8791939443535188
reduction_cell_1/comb_iter_0/right/separable_7x7_2/separable_conv2d,OpenCL,1205.7,1344.1,1.1147880899062783
reduction_cell_1/comb_iter_0/combine/add,OpenCL,366.0,340.0,0.9289617486338798
reduction_cell_1/comb_iter_3/right/AvgPool2D/AvgPool,OpenCL,401.22222222222223,755.9,1.8839933536416504
reduction_cell_1/comb_iter_3/right/AvgPool2D/AvgPool___tr4reduction_cell_1/comb_iter_3/combine/add,OpenCL,377.55555555555554,410.2,1.0864626250735727
reduction_cell_1/comb_iter_3/combine/add,OpenCL,333.875,307.7,0.9216023961063272
reduction_cell_1/comb_iter_4/left/Relu,CPU,20.2,21.7,1.0742574257425743
reduction_cell_1/comb_iter_4/left/separable_3x3_1/separable_conv2d/depthwise,CPU,95.1,99.2,1.043112513144059
reduction_cell_1/comb_iter_4/left/separable_3x3_1/separable_conv2d,CPU,1811.0,2153.5,1.1891220320265048
reduction_cell_1/comb_iter_4/left/separable_3x3_2/separable_conv2d/depthwise,CPU,90.0,102.6,1.14
reduction_cell_1/comb_iter_4/left/separable_3x3_2/separable_conv2d,CPU,1817.9,1812.9,0.997249573683921
reduction_cell_1/comb_iter_4/right/MaxPool2D/MaxPool,CPU,253.5,199.6,0.7873767258382642
reduction_cell_1/comb_iter_4/left/bn_sep_3x3_2/FusedBatchNormV3___tr4reduction_cell_1/comb_iter_4/combine/add,CPU,34.9,33.9,0.9713467048710601
reduction_cell_1/comb_iter_4/right/MaxPool2D/MaxPool___tr4reduction_cell_1/comb_iter_4/combine/add,CPU,29.0,25.9,0.893103448275862
reduction_cell_1/comb_iter_4/combine/add,CPU,26.625,31.5,1.1830985915492958
reduction_cell_1/cell_output/concat,CPU,229.7,235.6,1.025685676969961
cell_13/Relu,CPU,107.2,314.8,2.9365671641791047
cell_13/Relu___tr4cell_13/prev_1x1/Conv2D,CPU,242.9,286.5,1.179497735693701
cell_13/prev_1x1/Conv2D,CPU,8482.5,7895.7,0.9308222811671087
cell_12/Relu,CPU,389.9,865.1,2.2187740446268274
cell_12/AvgPool2D,CPU,354.3,450.8,1.2723680496754164
cell_12/path1_conv/Conv2D,CPU,3221.7,3545.7,1.1005680230933979
cell_12/Pad/paddings,CPU,0.0,0.0,0
cell_12/Pad_Gather_Index,CPU,0.0,0.1,0
cell_12/Pad_Gather,CPU,0.0,0.0,0
cell_12/Pad,CPU,919.4,1830.9,1.9914074396345445
cell_12/strided_slice/stack,CPU,0.0,0.0,0
cell_12/strided_slice/stack_1,CPU,0.0,0.0,0
cell_12/strided_slice/stack_2,CPU,0.0,0.1,0
cell_12/Pad___tr4cell_12/strided_slice,CPU,777.7,919.7,1.1825896875401827
cell_12/strided_slice,CPU,856.2,849.3,0.9919411352487736
cell_12/strided_slice___tr4cell_12/AvgPool2D_1,CPU,775.2,808.7,1.0432146542827658
cell_12/AvgPool2D_1,CPU,318.3,342.2,1.0750863964813069
cell_12/path2_conv/Conv2D,CPU,3256.8,3180.9,0.9766949152542372
cell_12/concat,CPU,29.6,34.6,1.1689189189189189
cell_12/final_path_bn/FusedBatchNormV3,CPU,34.9,38.4,1.1002865329512894
cell_12/Relu_1,OpenCL,508.1,617.7,1.2157055697697303
cell_12/Relu_1___tr4cell_12/1x1/Conv2D,OpenCL,471.77777777777777,481.9,1.0214554875176636
cell_12/1x1/Conv2D,OpenCL,7170.444444444444,8438.5,1.1768447640003719
cell_12/comb_iter_0/left/Relu,OpenCL,425.25,513.5,1.207524985302763
cell_12/comb_iter_0/left/separable_5x5_1/separable_conv2d/depthwise,OpenCL,443.375,486.5,1.0972652946151678
cell_12/comb_iter_0/left/separable_5x5_1/separable_conv2d,OpenCL,1018.8888888888889,1273.8,1.250185387131952
cell_12/comb_iter_0/left/separable_5x5_2/separable_conv2d/depthwise,OpenCL,474.1111111111111,569.0,1.20014061401453
cell_12/comb_iter_0/left/separable_5x5_2/separable_conv2d,OpenCL,1165.5555555555557,1238.8,1.0628408007626309
cell_12/comb_iter_0/right/Relu,OpenCL,378.625,782.9,2.0677451304060748
cell_12/comb_iter_0/right/separable_3x3_1/separable_conv2d/depthwise,OpenCL,461.44444444444446,371.2,0.804430532145437
cell_12/comb_iter_0/right/separable_3x3_1/separable_conv2d,OpenCL,1029.5555555555557,1525.0,1.4812216706237857
cell_12/comb_iter_0/right/separable_3x3_2/separable_conv2d/depthwise,OpenCL,435.77777777777777,565.3,1.2972208057113717
cell_12/comb_iter_0/right/separable_3x3_2/separable_conv2d,OpenCL,1160.5,1450.4,1.2498061180525637
cell_12/comb_iter_0/combine/add,OpenCL,348.8888888888889,272.4,0.780764331210191
cell_12/comb_iter_1/left/Relu,CPU,27.1,23.7,0.8745387453874538
cell_12/comb_iter_1/left/separable_5x5_1/separable_conv2d/depthwise,CPU,317.3,314.9,0.9924361802710367
cell_12/comb_iter_1/left/separable_5x5_1/separable_conv2d,CPU,1820.3,1876.9,1.03109377575125
cell_12/comb_iter_1/left/separable_5x5_2/separable_conv2d/depthwise,CPU,323.8,362.9,1.1207535515750462
cell_12/comb_iter_1/left/separable_5x5_2/separable_conv2d,CPU,1801.4,1800.8,0.9996669257244365
cell_12/comb_iter_1/right/Relu,CPU,26.0,29.0,1.1153846153846154
cell_12/comb_iter_1/right/separable_3x3_1/separable_conv2d/depthwise,CPU,106.7,119.1,1.1162136832239924
cell_12/comb_iter_1/right/separable_3x3_1/separable_conv2d,CPU,1843.6,1754.5,0.9516706443914081
cell_12/comb_iter_1/right/separable_3x3_2/separable_conv2d/depthwise,CPU,108.0,92.9,0.8601851851851853
cell_12/comb_iter_1/right/separable_3x3_2/separable_conv2d,CPU,1823.9,1770.3,0.9706124239267503
cell_12/comb_iter_1/combine/add,CPU,30.444444444444443,33.4,1.097080291970803
cell_12/comb_iter_2/left/AvgPool2D/AvgPool,CPU,174.8,262.1,1.4994279176201373
cell_12/comb_iter_2/left/AvgPool2D/AvgPool___tr4cell_12/comb_iter_2/combine/add,CPU,33.4,38.4,1.1497005988023952
cell_12/final_path_bn/FusedBatchNormV3___tr4cell_12/comb_iter_2/combine/add,CPU,131.625,139.9,1.0628679962013297
cell_12/comb_iter_2/combine/add,CPU,24.7,28.5,1.153846153846154
cell_12/comb_iter_3/left/AvgPool2D/AvgPool,CPU,153.1,161.5,1.054866100587851
cell_12/comb_iter_3/right/AvgPool2D/AvgPool,CPU,156.1,153.4,0.9827033952594492
cell_12/comb_iter_3/left/AvgPool2D/AvgPool___tr4cell_12/comb_iter_3/combine/add,CPU,29.7,43.4,1.4612794612794613
cell_12/comb_iter_3/right/AvgPool2D/AvgPool___tr4cell_12/comb_iter_3/combine/add,CPU,28.8,41.8,1.4513888888888888
cell_12/comb_iter_3/combine/add,CPU,25.11111111111111,39.8,1.5849557522123894
cell_12/comb_iter_4/left/Relu,CPU,23.3,39.5,1.6952789699570814
cell_12/comb_iter_4/left/separable_3x3_1/separable_conv2d/depthwise,CPU,95.88888888888889,161.2,1.6811123986095016
cell_12/comb_iter_4/left/separable_3x3_1/separable_conv2d,CPU,1823.8,2073.5,1.1369119420989144
cell_12/comb_iter_4/left/separable_3x3_2/separable_conv2d/depthwise,CPU,91.6,129.7,1.415938864628821
cell_12/comb_iter_4/left/separable_3x3_2/separable_conv2d,CPU,1827.0,2347.6,1.2849480021893815
cell_12/comb_iter_4/combine/add,CPU,28.7,47.2,1.6445993031358885
cell_12/comb_iter_2/combine/add___tr4cell_12/cell_output/concat,CPU,46.8,48.0,1.0256410256410258
cell_12/comb_iter_3/combine/add___tr4cell_12/cell_output/concat,CPU,54.0,64.7,1.1981481481481482
cell_12/cell_output/concat,CPU,174.1,174.8,1.0040206777713958
cell_13/Relu_1,OpenCL,539.7777777777778,1461.7,2.7079662412515435
cell_13/1x1/Conv2D,OpenCL,10974.444444444445,12856.2,1.171467044649185
cell_13/comb_iter_0/left/Relu,OpenCL,427.75,425.4,0.9945061367621274
cell_13/comb_iter_0/left/separable_5x5_1/separable_conv2d/depthwise,OpenCL,464.85714285714283,640.2,1.3771972956361402
cell_13/comb_iter_0/left/separable_5x5_1/separable_conv2d,OpenCL,1056.5,1057.7,1.0011358258400378
cell_13/comb_iter_0/left/separable_5x5_2/separable_conv2d/depthwise,OpenCL,462.44444444444446,399.9,0.8647525228255646
cell_13/comb_iter_0/left/separable_5x5_2/separable_conv2d,OpenCL,1158.5555555555557,1256.7,1.0847127649371822
cell_13/comb_iter_0/right/Relu,OpenCL,398.3333333333333,424.1,1.0646861924686193
cell_13/comb_iter_0/right/separable_3x3_1/separable_conv2d/depthwise,OpenCL,443.1111111111111,371.1,0.8374874623871615
cell_13/comb_iter_0/right/separable_3x3_1/separable_conv2d,OpenCL,1067.7,1157.4,1.0840123630233212
cell_13/comb_iter_0/right/separable_3x3_2/separable_conv2d/depthwise,OpenCL,433.77777777777777,391.9,0.9034579918032787
cell_13/comb_iter_0/right/separable_3x3_2/separable_conv2d,OpenCL,1185.7,1299.2,1.0957240448680106
cell_13/comb_iter_0/combine/add,OpenCL,340.77777777777777,254.6,0.747114444082165
cell_13/comb_iter_1/left/Relu,CPU,25.5,20.5,0.803921568627451
cell_13/comb_iter_1/left/separable_5x5_1/separable_conv2d/depthwise,CPU,316.3,323.7,1.0233955105912107
cell_13/comb_iter_1/left/separable_5x5_1/separable_conv2d,CPU,1820.5,1815.9,0.9974732216424059
cell_13/comb_iter_1/left/separable_5x5_2/separable_conv2d/depthwise,CPU,319.5,372.4,1.1655712050078246
cell_13/comb_iter_1/left/separable_5x5_2/separable_conv2d,CPU,1814.5,2019.6,1.11303389363461
cell_13/comb_iter_1/right/Relu,CPU,26.5,34.2,1.2905660377358492
cell_13/comb_iter_1/right/separable_3x3_1/separable_conv2d/depthwise,CPU,108.2,109.1,1.0083179297597042
cell_13/comb_iter_1/right/separable_3x3_1/separable_conv2d,CPU,1824.7,1803.1,0.9881624376609853
cell_13/comb_iter_1/right/separable_3x3_2/separable_conv2d/depthwise,CPU,93.2,94.7,1.0160944206008584
cell_13/comb_iter_1/right/separable_3x3_2/separable_conv2d,CPU,1836.5,1746.2,0.9508303838823849
cell_13/comb_iter_1/combine/add,CPU,24.444444444444443,30.3,1.2395454545454547
cell_13/comb_iter_2/left/AvgPool2D/AvgPool,OpenCL,400.7,576.2,1.4379835288245573
cell_13/comb_iter_2/left/AvgPool2D/AvgPool___tr4cell_13/comb_iter_2/combine/add,OpenCL,374.0,367.1,0.9815508021390374
cell_13/prev_bn/FusedBatchNormV3___tr4cell_13/comb_iter_2/combine/add,CPU,123.8,42.6,0.3441033925686591
cell_13/comb_iter_2/combine/add,OpenCL,344.625,313.7,0.9102647805585782
cell_13/comb_iter_3/left/AvgPool2D/AvgPool,CPU,155.1,169.4,1.0921985815602837
cell_13/comb_iter_3/right/AvgPool2D/AvgPool,CPU,151.1,152.7,1.0105890138980806
cell_13/comb_iter_3/left/AvgPool2D/AvgPool___tr4cell_13/comb_iter_3/combine/add,CPU,29.9,36.3,1.2140468227424748
cell_13/comb_iter_3/right/AvgPool2D/AvgPool___tr4cell_13/comb_iter_3/combine/add,CPU,29.0,33.5,1.1551724137931034
cell_13/comb_iter_3/combine/add,CPU,24.3,30.5,1.2551440329218106
cell_13/comb_iter_4/left/Relu,CPU,23.3,43.8,1.8798283261802573
cell_13/comb_iter_4/left/separable_3x3_1/separable_conv2d/depthwise,CPU,97.8,142.2,1.4539877300613495
cell_13/comb_iter_4/left/separable_3x3_1/separable_conv2d,CPU,1829.1,2080.6,1.1374993166037943
cell_13/comb_iter_4/left/separable_3x3_2/separable_conv2d/depthwise,CPU,94.3,100.2,1.0625662778366916
cell_13/comb_iter_4/left/separable_3x3_2/separable_conv2d,CPU,1821.5,2157.6,1.1845182541861103
cell_13/comb_iter_4/combine/add,CPU,24.6,32.6,1.3252032520325203
cell_13/comb_iter_2/combine/add___tr4cell_13/cell_output/concat,OpenCL,375.0,339.2,0.9045333333333333
cell_13/comb_iter_3/combine/add___tr4cell_13/cell_output/concat,CPU,49.6,48.8,0.9838709677419354
cell_13/cell_output/concat,CPU,163.0,174.8,1.0723926380368098
cell_15/Relu,CPU,211.3,410.8,1.9441552295314717
cell_15/prev_1x1/Conv2D,CPU,12903.7,12810.0,0.9927385168595053
cell_14/Relu,CPU,210.4,545.3,2.5917300380228134
cell_14/prev_1x1/Conv2D,CPU,12980.3,12676.2,0.9765721901650964
cell_14/Relu_1,OpenCL,657.8571428571429,1537.5,2.3371335504885993
cell_14/1x1/Conv2D,OpenCL,11004.0,12830.0,1.1659396583060706
cell_14/comb_iter_0/left/Relu,OpenCL,435.7142857142857,402.0,0.9226229508196722
cell_14/comb_iter_0/left/separable_5x5_1/separable_conv2d/depthwise,OpenCL,516.0,438.7,0.8501937984496124
cell_14/comb_iter_0/left/separable_5x5_1/separable_conv2d,OpenCL,1092.2222222222222,1191.1,1.090528992878942
cell_14/comb_iter_0/left/separable_5x5_2/separable_conv2d/depthwise,OpenCL,481.1,405.2,0.8422365412596133
cell_14/comb_iter_0/left/separable_5x5_2/separable_conv2d,OpenCL,1152.9,1263.0,1.0954983086130625
cell_14/comb_iter_0/right/Relu,OpenCL,361.22222222222223,587.8,1.627253152876038
cell_14/comb_iter_0/right/separable_3x3_1/separable_conv2d/depthwise,OpenCL,443.0,361.8,0.8167042889390519
cell_14/comb_iter_0/right/separable_3x3_1/separable_conv2d,OpenCL,1043.5555555555557,1125.9,1.0789075809199318
cell_14/comb_iter_0/right/separable_3x3_2/separable_conv2d/depthwise,OpenCL,447.8888888888889,477.0,1.0649962788389977
cell_14/comb_iter_0/right/separable_3x3_2/separable_conv2d,OpenCL,1151.0,1714.1,1.4892267593397046
cell_14/comb_iter_0/combine/add,OpenCL,337.44444444444446,281.3,0.8336187026671057
cell_14/comb_iter_1/left/Relu,CPU,27.9,21.2,0.7598566308243728
cell_14/comb_iter_1/left/separable_5x5_1/separable_conv2d/depthwise,CPU,321.7,330.0,1.0258004351880634
cell_14/comb_iter_1/left/separable_5x5_1/separable_conv2d,CPU,1824.1,1750.3,0.9595416917932131
cell_14/comb_iter_1/left/separable_5x5_2/separable_conv2d/depthwise,CPU,317.8,314.9,0.9908747640025172
cell_14/comb_iter_1/left/separable_5x5_2/separable_conv2d,CPU,1811.0,2061.7,1.1384318056322473
cell_14/comb_iter_1/right/Relu,CPU,26.6,25.8,0.9699248120300752
cell_14/comb_iter_1/right/separable_3x3_1/separable_conv2d/depthwise,CPU,107.11111111111111,110.2,1.0288381742738588
cell_14/comb_iter_1/right/separable_3x3_1/separable_conv2d,CPU,1837.5,2212.6,1.2041360544217687
cell_14/comb_iter_1/right/separable_3x3_2/separable_conv2d/depthwise,CPU,107.0,107.8,1.0074766355140186
cell_14/comb_iter_1/right/separable_3x3_2/separable_conv2d,CPU,1823.4,1855.6,1.0176593177580344
cell_14/comb_iter_1/combine/add,CPU,30.1,32.4,1.0764119601328903
cell_14/comb_iter_2/left/AvgPool2D/AvgPool,OpenCL,391.0,843.6,2.157544757033248
cell_14/comb_iter_2/left/AvgPool2D/AvgPool___tr4cell_14/comb_iter_2/combine/add,OpenCL,359.6666666666667,413.2,1.1488415199258573
cell_14/prev_bn/FusedBatchNormV3___tr4cell_14/comb_iter_2/combine/add,CPU,121.6,58.2,0.47861842105263164
cell_14/comb_iter_2/combine/add,OpenCL,373.22222222222223,340.7,0.9128609705269425
cell_14/comb_iter_3/left/AvgPool2D/AvgPool,CPU,155.9,162.3,1.0410519563822964
cell_14/comb_iter_3/right/AvgPool2D/AvgPool,CPU,153.0,152.3,0.9954248366013073
cell_14/comb_iter_3/left/AvgPool2D/AvgPool___tr4cell_14/comb_iter_3/combine/add,CPU,28.666666666666668,33.7,1.1755813953488372
cell_14/comb_iter_3/right/AvgPool2D/AvgPool___tr4cell_14/comb_iter_3/combine/add,CPU,28.6,29.4,1.027972027972028
cell_14/comb_iter_3/combine/add,CPU,25.7,27.9,1.0856031128404668
cell_14/comb_iter_4/left/Relu,CPU,22.4,38.2,1.705357142857143
cell_14/comb_iter_4/left/separable_3x3_1/separable_conv2d/depthwise,CPU,99.2,171.4,1.7278225806451613
cell_14/comb_iter_4/left/separable_3x3_1/separable_conv2d,CPU,1826.4,2131.3,1.166940429259746
cell_14/comb_iter_4/left/separable_3x3_2/separable_conv2d/depthwise,CPU,91.8,122.2,1.3311546840958606
cell_14/comb_iter_4/left/separable_3x3_2/separable_conv2d,CPU,1820.2,1999.6,1.0985605977365125
cell_14/comb_iter_4/combine/add,CPU,24.0,51.2,2.1333333333333333
cell_14/comb_iter_2/combine/add___tr4cell_14/cell_output/concat,OpenCL,362.6666666666667,479.4,1.321875
cell_14/comb_iter_3/combine/add___tr4cell_14/cell_output/concat,CPU,36.4,41.6,1.142857142857143
cell_14/cell_output/concat,CPU,170.7,175.8,1.0298769771529
cell_15/Relu_1,OpenCL,531.75,1481.5,2.7860836859426423
cell_15/1x1/Conv2D,OpenCL,11112.9,12573.8,1.1314598349665703
cell_15/comb_iter_0/left/Relu,OpenCL,510.1428571428571,409.8,0.8033043965275833
cell_15/comb_iter_0/left/separable_5x5_1/separable_conv2d/depthwise,OpenCL,485.55555555555554,467.2,0.9621967963386727
cell_15/comb_iter_0/left/separable_5x5_1/separable_conv2d,OpenCL,1117.7,1455.1,1.301869911425248
cell_15/comb_iter_0/left/separable_5x5_2/separable_conv2d/depthwise,OpenCL,473.8888888888889,625.9,1.3207737397420867
cell_15/comb_iter_0/left/separable_5x5_2/separable_conv2d,OpenCL,1155.7777777777778,1238.8,1.071832339934628
cell_15/comb_iter_0/right/Relu,OpenCL,374.3333333333333,341.5,0.9122885129118433
cell_15/comb_iter_0/right/separable_3x3_1/separable_conv2d/depthwise,OpenCL,435.0,339.4,0.7802298850574713
cell_15/comb_iter_0/right/separable_3x3_1/separable_conv2d,OpenCL,1134.2222222222222,1119.8,0.9872844827586207
cell_15/comb_iter_0/right/separable_3x3_2/separable_conv2d/depthwise,OpenCL,437.0,675.8,1.5464530892448511
cell_15/comb_iter_0/right/separable_3x3_2/separable_conv2d,OpenCL,1192.2,1480.1,1.2414863277973494
cell_15/comb_iter_0/combine/add,OpenCL,366.0,258.4,0.7060109289617486
cell_15/comb_iter_1/left/Relu,CPU,26.3,20.4,0.7756653992395437
cell_15/comb_iter_1/left/separable_5x5_1/separable_conv2d/depthwise,CPU,318.7,320.0,1.0040790712268592
cell_15/comb_iter_1/left/separable_5x5_1/separable_conv2d,CPU,1820.8,1754.9,0.9638071177504395
cell_15/comb_iter_1/left/separable_5x5_2/separable_conv2d/depthwise,CPU,324.2,330.6,1.0197409006785936
cell_15/comb_iter_1/left/separable_5x5_2/separable_conv2d,CPU,1823.6,2093.0,1.1477297652994078
cell_15/comb_iter_1/right/Relu,CPU,26.9,35.6,1.3234200743494424
cell_15/comb_iter_1/right/separable_3x3_1/separable_conv2d/depthwise,CPU,108.7,103.1,0.9484820607175712
cell_15/comb_iter_1/right/separable_3x3_1/separable_conv2d,CPU,1821.7,2243.3,1.2314321787341496
cell_15/comb_iter_1/right/separable_3x3_2/separable_conv2d/depthwise,CPU,92.9,117.5,1.2648008611410118
cell_15/comb_iter_1/right/separable_3x3_2/separable_conv2d,CPU,1825.8,1892.8,1.0366962427429072
cell_15/comb_iter_1/combine/add,CPU,25.2,31.5,1.25
cell_15/comb_iter_2/left/AvgPool2D/AvgPool,CPU,176.9,219.9,1.2430751837196157
cell_15/comb_iter_2/left/AvgPool2D/AvgPool___tr4cell_15/comb_iter_2/combine/add,CPU,33.4,29.2,0.874251497005988
cell_15/prev_bn/FusedBatchNormV3___tr4cell_15/comb_iter_2/combine/add,CPU,122.8,48.5,0.3949511400651466
cell_15/comb_iter_2/combine/add,CPU,24.2,22.8,0.9421487603305786
cell_15/comb_iter_3/left/AvgPool2D/AvgPool,CPU,153.4,165.8,1.0808344198174706
cell_15/comb_iter_3/right/AvgPool2D/AvgPool,CPU,151.3,153.0,1.0112359550561798
cell_15/comb_iter_3/left/AvgPool2D/AvgPool___tr4cell_15/comb_iter_3/combine/add,CPU,29.1,35.5,1.2199312714776631
cell_15/comb_iter_3/right/AvgPool2D/AvgPool___tr4cell_15/comb_iter_3/combine/add,CPU,29.0,32.4,1.1172413793103448
cell_15/comb_iter_3/combine/add,CPU,27.7,28.5,1.0288808664259927
cell_15/comb_iter_4/left/Relu,CPU,23.2,39.5,1.7025862068965518
cell_15/comb_iter_4/left/separable_3x3_1/separable_conv2d/depthwise,CPU,97.7,187.7,1.9211873080859774
cell_15/comb_iter_4/left/separable_3x3_1/separable_conv2d,CPU,1827.4,2008.1,1.098883659844588
cell_15/comb_iter_4/left/separable_3x3_2/separable_conv2d/depthwise,CPU,93.11111111111111,193.5,2.078162291169451
cell_15/comb_iter_4/left/separable_3x3_2/separable_conv2d,CPU,1816.7,2241.9,1.2340507513623604
cell_15/comb_iter_4/combine/add,CPU,24.9,40.0,1.606425702811245
cell_15/comb_iter_2/combine/add___tr4cell_15/cell_output/concat,CPU,43.7,43.5,0.9954233409610983
cell_15/comb_iter_3/combine/add___tr4cell_15/cell_output/concat,CPU,50.4,45.5,0.9027777777777778
cell_15/cell_output/concat,CPU,162.3,173.3,1.0677757239679606
cell_17/Relu,CPU,207.1,502.4,2.4258812168034765
cell_17/prev_1x1/Conv2D,CPU,12913.8,12640.1,0.9788056187953973
cell_16/Relu,CPU,211.9,489.5,2.3100519112789053
cell_16/prev_1x1/Conv2D,CPU,12955.5,12747.3,0.9839296051869861
cell_16/Relu_1,OpenCL,707.4285714285714,1483.8,2.097455573505654
cell_16/1x1/Conv2D,OpenCL,11079.3,12347.8,1.1144927928659754
cell_16/comb_iter_0/left/Relu,OpenCL,477.5,373.2,0.7815706806282722
cell_16/comb_iter_0/left/separable_5x5_1/separable_conv2d/depthwise,OpenCL,485.5,427.5,0.8805355303810505
cell_16/comb_iter_0/left/separable_5x5_1/separable_conv2d,OpenCL,1093.4444444444443,1711.0,1.564780002032314
cell_16/comb_iter_0/left/separable_5x5_2/separable_conv2d/depthwise,OpenCL,475.55555555555554,543.4,1.142663551401869
cell_16/comb_iter_0/left/separable_5x5_2/separable_conv2d,OpenCL,1162.3,1249.2,1.0747655510625485
cell_16/comb_iter_0/right/Relu,OpenCL,398.2,566.7,1.4231541938724261
cell_16/comb_iter_0/right/separable_3x3_1/separable_conv2d/depthwise,OpenCL,444.1111111111111,352.9,0.7946209657242932
cell_16/comb_iter_0/right/separable_3x3_1/separable_conv2d,OpenCL,1039.2222222222222,1073.9,1.0333689725221855
cell_16/comb_iter_0/right/separable_3x3_2/separable_conv2d/depthwise,OpenCL,442.0,370.7,0.8386877828054299
cell_16/comb_iter_0/right/separable_3x3_2/separable_conv2d,OpenCL,1151.5555555555557,1256.6,1.0912196063296022
cell_16/comb_iter_0/combine/add,OpenCL,344.3333333333333,347.2,1.008325266214908
cell_16/comb_iter_1/left/Relu,CPU,27.5,21.5,0.7818181818181819
cell_16/comb_iter_1/left/separable_5x5_1/separable_conv2d/depthwise,CPU,317.2,325.3,1.0255359394703658
cell_16/comb_iter_1/left/separable_5x5_1/separable_conv2d,CPU,1828.5,1782.9,0.9750615258408533
cell_16/comb_iter_1/left/separable_5x5_2/separable_conv2d/depthwise,CPU,315.1,321.1,1.0190415741034593
cell_16/comb_iter_1/left/separable_5x5_2/separable_conv2d,CPU,1814.1,1977.7,1.0901824596218512
cell_16/comb_iter_1/right/Relu,CPU,26.6,21.7,0.8157894736842105
cell_16/comb_iter_1/right/separable_3x3_1/separable_conv2d/depthwise,CPU,107.9,106.7,0.9888785912882299
cell_16/comb_iter_1/right/separable_3x3_1/separable_conv2d,CPU,1838.1,1862.0,1.0130025569881944
cell_16/comb_iter_1/right/separable_3x3_2/separable_conv2d/depthwise,CPU,106.9,100.2,0.9373246024321796
cell_16/comb_iter_1/right/separable_3x3_2/separable_conv2d,CPU,1828.5,1754.0,0.9592562209461307
cell_16/comb_iter_1/combine/add,CPU,31.2,33.8,1.0833333333333333
cell_16/comb_iter_2/left/AvgPool2D/AvgPool,CPU,175.9,170.8,0.9710062535531553
cell_16/comb_iter_2/left/AvgPool2D/AvgPool___tr4cell_16/comb_iter_2/combine/add,CPU,33.3,29.7,0.891891891891892
cell_16/prev_bn/FusedBatchNormV3___tr4cell_16/comb_iter_2/combine/add,CPU,122.9,55.9,0.45484133441822616
cell_16/comb_iter_2/combine/add,CPU,23.8,19.0,0.7983193277310924
cell_16/comb_iter_3/left/AvgPool2D/AvgPool,CPU,155.1,166.1,1.070921985815603
cell_16/comb_iter_3/right/AvgPool2D/AvgPool,CPU,154.3,152.1,0.985742060920285
cell_16/comb_iter_3/left/AvgPool2D/AvgPool___tr4cell_16/comb_iter_3/combine/add,CPU,28.7,34.3,1.1951219512195121
cell_16/comb_iter_3/right/AvgPool2D/AvgPool___tr4cell_16/comb_iter_3/combine/add,CPU,28.88888888888889,28.4,0.983076923076923
cell_16/comb_iter_3/combine/add,CPU,27.0,27.0,1.0
cell_16/comb_iter_4/left/Relu,CPU,22.7,23.2,1.0220264317180616
cell_16/comb_iter_4/left/separable_3x3_1/separable_conv2d/depthwise,CPU,96.66666666666667,133.8,1.3841379310344828
cell_16/comb_iter_4/left/separable_3x3_1/separable_conv2d,CPU,1832.8,1925.7,1.0506874727193365
cell_16/comb_iter_4/left/separable_3x3_2/separable_conv2d/depthwise,CPU,93.1,95.2,1.0225563909774438
cell_16/comb_iter_4/left/separable_3x3_2/separable_conv2d,CPU,1809.4,1763.9,0.9748535426108103
cell_16/comb_iter_4/combine/add,CPU,24.8,23.4,0.9435483870967741
cell_16/comb_iter_2/combine/add___tr4cell_16/cell_output/concat,CPU,42.9,41.3,0.9627039627039626
cell_16/comb_iter_3/combine/add___tr4cell_16/cell_output/concat,CPU,34.3,46.6,1.3586005830903791
cell_16/cell_output/concat,CPU,163.5,180.4,1.1033639143730887
cell_17/Relu_1,CPU,208.44444444444446,201.8,0.9681236673773987
cell_17/1x1/Conv2D,CPU,12936.3,11807.9,0.9127725856697819
cell_17/comb_iter_0/left/Relu,CPU,26.7,24.9,0.9325842696629213
cell_17/comb_iter_0/left/separable_5x5_1/separable_conv2d/depthwise,CPU,332.0,519.9,1.5659638554216866
cell_17/comb_iter_0/left/separable_5x5_1/separable_conv2d,CPU,1821.7,2265.1,1.2433990228907064
cell_17/comb_iter_0/left/separable_5x5_2/separable_conv2d/depthwise,CPU,316.8,425.2,1.3421717171717171
cell_17/comb_iter_0/left/separable_5x5_2/separable_conv2d,CPU,1850.2,1968.3,1.0638309371959787
cell_17/comb_iter_0/right/Relu,CPU,27.0,28.5,1.0555555555555556
cell_17/comb_iter_0/right/separable_3x3_1/separable_conv2d/depthwise,CPU,109.7,113.0,1.0300820419325434
cell_17/comb_iter_0/right/separable_3x3_1/separable_conv2d,CPU,1820.6,2188.7,1.202186092496979
cell_17/comb_iter_0/right/separable_3x3_2/separable_conv2d/depthwise,CPU,93.3,140.7,1.5080385852090032
cell_17/comb_iter_0/right/separable_3x3_2/separable_conv2d,CPU,1835.3,1883.6,1.0263172233422329
cell_17/comb_iter_0/combine/add,CPU,24.666666666666668,30.1,1.2202702702702704
cell_17/comb_iter_1/left/Relu,CPU,25.9,20.2,0.7799227799227799
cell_17/comb_iter_1/left/separable_5x5_1/separable_conv2d/depthwise,CPU,325.0,318.9,0.9812307692307691
cell_17/comb_iter_1/left/separable_5x5_1/separable_conv2d,CPU,1816.5,1789.1,0.984916047343793
cell_17/comb_iter_1/left/separable_5x5_2/separable_conv2d/depthwise,CPU,320.7,318.9,0.9943872778297473
cell_17/comb_iter_1/left/separable_5x5_2/separable_conv2d,CPU,1844.6,2000.7,1.0846253930391414
cell_17/comb_iter_1/right/Relu,CPU,27.2,25.9,0.9522058823529411
cell_17/comb_iter_1/right/separable_3x3_1/separable_conv2d/depthwise,CPU,111.9,105.0,0.938337801608579
cell_17/comb_iter_1/right/separable_3x3_1/separable_conv2d,CPU,1825.6,1750.6,0.9589176161262051
cell_17/comb_iter_1/right/separable_3x3_2/separable_conv2d/depthwise,CPU,94.0,107.5,1.1436170212765957
cell_17/comb_iter_1/right/separable_3x3_2/separable_conv2d,CPU,1836.0,1741.7,0.9486383442265796
cell_17/comb_iter_1/combine/add,CPU,26.7,34.2,1.2808988764044946
cell_17/comb_iter_2/left/AvgPool2D/AvgPool,OpenCL,415.8,381.9,0.9184704184704184
cell_17/comb_iter_2/left/AvgPool2D/AvgPool___tr4cell_17/comb_iter_2/combine/add,OpenCL,363.6666666666667,261.6,0.7193400549954171
cell_17/prev_bn/FusedBatchNormV3___tr4cell_17/comb_iter_2/combine/add,CPU,126.5,47.3,0.3739130434782608
cell_17/comb_iter_2/combine/add,OpenCL,352.6666666666667,310.9,0.8815689981096407
cell_17/comb_iter_3/left/AvgPool2D/AvgPool,CPU,154.4,165.3,1.0705958549222798
cell_17/comb_iter_3/right/AvgPool2D/AvgPool,CPU,151.2,151.8,1.0039682539682542
cell_17/comb_iter_3/left/AvgPool2D/AvgPool___tr4cell_17/comb_iter_3/combine/add,CPU,29.9,32.7,1.093645484949833
cell_17/comb_iter_3/right/AvgPool2D/AvgPool___tr4cell_17/comb_iter_3/combine/add,CPU,29.7,27.8,0.9360269360269361
cell_17/comb_iter_3/combine/add,CPU,26.7,25.2,0.9438202247191011
cell_17/comb_iter_4/left/Relu,OpenCL,385.4,415.7,1.0786196159833938
cell_17/comb_iter_4/left/separable_3x3_1/separable_conv2d/depthwise,OpenCL,439.1111111111111,363.6,0.8280364372469636
cell_17/comb_iter_4/left/separable_3x3_1/separable_conv2d,OpenCL,1124.6666666666667,1128.5,1.0034084173088322
cell_17/comb_iter_4/left/separable_3x3_2/separable_conv2d/depthwise,OpenCL,511.375,383.2,0.749352236616964
cell_17/comb_iter_4/left/separable_3x3_2/separable_conv2d,OpenCL,1190.625,1231.9,1.0346666666666668
cell_17/comb_iter_4/combine/add,OpenCL,360.4,323.9,0.898723640399556
cell_17/comb_iter_2/combine/add___tr4cell_17/cell_output/concat,OpenCL,360.8888888888889,261.8,0.7254310344827586
cell_17/comb_iter_3/combine/add___tr4cell_17/cell_output/concat,CPU,52.7,37.1,0.7039848197343453
cell_17/cell_output/concat,CPU,162.5,177.2,1.0904615384615384
final_layer/Relu,CPU,204.2,200.8,0.9833496571988248
final_layer/Mean/reduction_indices,CPU,0.0,0.0,0
final_layer/Relu___tr4final_layer/Mean,CPU,802.1,776.4,0.967959107343224
final_layer/Mean,CPU,433.5,418.8,0.9660899653979239
final_layer/FC/weights,CPU,0.0,0.0,0
final_layer/FC/MatMul,CPU,9357.8,8989.3,0.9606210861527282
final_layer/FC/biases,CPU,0.0,0.5,0
final_layer/FC/BiasAdd,CPU,10.4,17.6,1.6923076923076923
final_layer/predictions,CPU,6.333333333333333,5.8,0.9157894736842105
